<?xml version="1.0" encoding="UTF-8"?>
<kml xmlns="http://www.opengis.net/kml/2.2">
  <Document>
    <name>terr-ass-melun</name>
    <description/>
    <Style id="poly-000000-1200-77-nodesc-normal">
      <LineStyle>
        <color>ff000000</color>
        <width>1.2</width>
      </LineStyle>
      <PolyStyle>
        <color>4d000000</color>
        <fill>1</fill>
        <outline>1</outline>
      </PolyStyle>
      <BalloonStyle>
        <text><![CDATA[<h3>$[name]</h3>]]></text>
      </BalloonStyle>
    </Style>
    <Style id="poly-000000-1200-77-nodesc-highlight">
      <LineStyle>
        <color>ff000000</color>
        <width>1.8</width>
      </LineStyle>
      <PolyStyle>
        <color>4d000000</color>
        <fill>1</fill>
        <outline>1</outline>
      </PolyStyle>
      <BalloonStyle>
        <text><![CDATA[<h3>$[name]</h3>]]></text>
      </BalloonStyle>
    </Style>
    <StyleMap id="poly-000000-1200-77-nodesc">
      <Pair>
        <key>normal</key>
        <styleUrl>#poly-000000-1200-77-nodesc-normal</styleUrl>
      </Pair>
      <Pair>
        <key>highlight</key>
        <styleUrl>#poly-000000-1200-77-nodesc-highlight</styleUrl>
      </Pair>
    </StyleMap>
    <Style id="poly-000000-4601-41-normal">
      <LineStyle>
        <color>ff000000</color>
        <width>4.601</width>
      </LineStyle>
      <PolyStyle>
        <color>29000000</color>
        <fill>1</fill>
        <outline>1</outline>
      </PolyStyle>
    </Style>
    <Style id="poly-000000-4601-41-highlight">
      <LineStyle>
        <color>ff000000</color>
        <width>6.9015</width>
      </LineStyle>
      <PolyStyle>
        <color>29000000</color>
        <fill>1</fill>
        <outline>1</outline>
      </PolyStyle>
    </Style>
    <StyleMap id="poly-000000-4601-41">
      <Pair>
        <key>normal</key>
        <styleUrl>#poly-000000-4601-41-normal</styleUrl>
      </Pair>
      <Pair>
        <key>highlight</key>
        <styleUrl>#poly-000000-4601-41-highlight</styleUrl>
      </Pair>
    </StyleMap>
    <Folder>
      <name>Dammarie-Les-Lys</name>
      <Placemark>
        <name>DLL 001</name>
        <styleUrl>#poly-000000-1200-77-nodesc</styleUrl>
        <Polygon>
          <outerBoundaryIs>
            <LinearRing>
              <tessellate>1</tessellate>
              <coordinates>
                2.6112748,48.5054423,0
                2.6168431,48.5068284,0
                2.6180796,48.5075392,0
                2.6176585,48.5074522,0
                2.6167385,48.5073882,0
                2.6151947,48.5072535,0
                2.6135907,48.5071824,0
                2.6127968,48.5070367,0
                2.6123954,48.5069214,0
                2.6117463,48.5066513,0
                2.6113708,48.5065056,0
                2.60974,48.50604,0
                2.6098741,48.5059653,0
                2.6108129,48.5056561,0
                2.6112748,48.5054423,0
              </coordinates>
            </LinearRing>
          </outerBoundaryIs>
        </Polygon>
      </Placemark>
      <Placemark>
        <name>DLL 002</name>
        <styleUrl>#poly-000000-1200-77-nodesc</styleUrl>
        <Polygon>
          <outerBoundaryIs>
            <LinearRing>
              <tessellate>1</tessellate>
              <coordinates>
                2.6148625,48.5084355,0
                2.6143431,48.5086861,0
                2.6131405,48.5078953,0
                2.6124753,48.5077602,0
                2.6098092,48.5063919,0
                2.6096483,48.5061005,0
                2.6114722,48.5066336,0
                2.6122768,48.5069677,0
                2.6127435,48.5071205,0
                2.6131942,48.5072129,0
                2.6132478,48.507316,0
                2.6148625,48.5084355,0
              </coordinates>
            </LinearRing>
          </outerBoundaryIs>
        </Polygon>
      </Placemark>
      <Placemark>
        <name>DLL 003</name>
        <styleUrl>#poly-000000-1200-77-nodesc</styleUrl>
        <Polygon>
          <outerBoundaryIs>
            <LinearRing>
              <tessellate>1</tessellate>
              <coordinates>
                2.6139863,48.5097167,0
                2.611987,48.508296,0
                2.6093162,48.5064735,0
                2.6092143,48.5063562,0
                2.6092679,48.506239,0
                2.6096112,48.5061252,0
                2.6097292,48.5064202,0
                2.6123685,48.507817,0
                2.6130713,48.5079485,0
                2.6143295,48.5087926,0
                2.6142022,48.5088646,0
                2.6147535,48.5092245,0
                2.6139863,48.5097167,0
              </coordinates>
            </LinearRing>
          </outerBoundaryIs>
        </Polygon>
      </Placemark>
      <Placemark>
        <name>DLL 004</name>
        <styleUrl>#poly-000000-1200-77-nodesc</styleUrl>
        <Polygon>
          <outerBoundaryIs>
            <LinearRing>
              <tessellate>1</tessellate>
              <coordinates>
                2.6141012,48.5074174,0
                2.6140503,48.5073907,0
                2.6142112,48.5072983,0
                2.6147047,48.5076253,0
                2.6145652,48.5077159,0
                2.6141012,48.5074174,0
              </coordinates>
            </LinearRing>
          </outerBoundaryIs>
        </Polygon>
      </Placemark>
      <Placemark>
        <name>DLL 005</name>
        <styleUrl>#poly-000000-1200-77-nodesc</styleUrl>
        <Polygon>
          <outerBoundaryIs>
            <LinearRing>
              <tessellate>1</tessellate>
              <coordinates>
                2.6150425,48.5073674,0
                2.6155145,48.5077032,0
                2.6153509,48.5078027,0
                2.6148896,48.5074758,0
                2.6150425,48.5073674,0
              </coordinates>
            </LinearRing>
          </outerBoundaryIs>
        </Polygon>
      </Placemark>
      <Placemark>
        <name>DLL 006</name>
        <styleUrl>#poly-000000-1200-77-nodesc</styleUrl>
        <Polygon>
          <outerBoundaryIs>
            <LinearRing>
              <tessellate>1</tessellate>
              <coordinates>
                2.6155521,48.5078063,0
                2.6161019,48.5074722,0
                2.6162522,48.5075682,0
                2.6156916,48.5078987,0
                2.6155521,48.5078063,0
              </coordinates>
            </LinearRing>
          </outerBoundaryIs>
        </Polygon>
      </Placemark>
      <Placemark>
        <name>DLL 007</name>
        <styleUrl>#poly-000000-1200-77-nodesc</styleUrl>
        <Polygon>
          <outerBoundaryIs>
            <LinearRing>
              <tessellate>1</tessellate>
              <coordinates>
                2.6157789,48.5079198,0
                2.6159371,48.5080318,0
                2.615221,48.508508,0
                2.6150144,48.5083818,0
                2.6157789,48.5079198,0
              </coordinates>
            </LinearRing>
          </outerBoundaryIs>
        </Polygon>
      </Placemark>
      <Placemark>
        <name>DLL 008</name>
        <styleUrl>#poly-000000-1200-77-nodesc</styleUrl>
        <Polygon>
          <outerBoundaryIs>
            <LinearRing>
              <tessellate>1</tessellate>
              <coordinates>
                2.6142607,48.5088738,0
                2.6149152,48.5084545,0
                2.615111,48.5085753,0
                2.6144672,48.5090036,0
                2.6142607,48.5088738,0
              </coordinates>
            </LinearRing>
          </outerBoundaryIs>
        </Polygon>
      </Placemark>
      <Placemark>
        <name>DLL 009</name>
        <styleUrl>#poly-000000-1200-77-nodesc</styleUrl>
        <Polygon>
          <outerBoundaryIs>
            <LinearRing>
              <tessellate>1</tessellate>
              <coordinates>
                2.618225,48.5075741,0
                2.6174955,48.5070623,0
                2.6178388,48.5067922,0
                2.6247374,48.5084555,0
                2.6248769,48.5088606,0
                2.6235144,48.5087114,0
                2.618225,48.5075741,0
              </coordinates>
            </LinearRing>
          </outerBoundaryIs>
        </Polygon>
      </Placemark>
      <Placemark>
        <name>DLL 010</name>
        <styleUrl>#poly-000000-1200-77-nodesc</styleUrl>
        <Polygon>
          <outerBoundaryIs>
            <LinearRing>
              <tessellate>1</tessellate>
              <coordinates>
                2.6169966,48.507525,0
                2.6176081,48.5075464,0
                2.6234446,48.5088187,0
                2.6248179,48.5089822,0
                2.6207946,48.5103327,0
                2.6213525,48.5093376,0
                2.6169966,48.507525,0
              </coordinates>
            </LinearRing>
          </outerBoundaryIs>
        </Polygon>
      </Placemark>
      <Placemark>
        <name>DLL 011</name>
        <styleUrl>#poly-000000-1200-77-nodesc</styleUrl>
        <Polygon>
          <outerBoundaryIs>
            <LinearRing>
              <tessellate>1</tessellate>
              <coordinates>
                2.6169912,48.5075819,0
                2.6212613,48.509366,0
                2.6207216,48.5103461,0
                2.6205366,48.5103479,0
                2.6172455,48.5077251,0
                2.6169912,48.5075819,0
              </coordinates>
            </LinearRing>
          </outerBoundaryIs>
        </Polygon>
      </Placemark>
      <Placemark>
        <name>DLL 012</name>
        <styleUrl>#poly-000000-1200-77-nodesc</styleUrl>
        <Polygon>
          <outerBoundaryIs>
            <LinearRing>
              <tessellate>1</tessellate>
              <coordinates>
                2.6169818,48.5076216,0
                2.6171582,48.5077272,0
                2.6204773,48.5103805,0
                2.6204505,48.5105386,0
                2.619745,48.5105475,0
                2.6172253,48.5083457,0
                2.6169818,48.5076216,0
              </coordinates>
            </LinearRing>
          </outerBoundaryIs>
        </Polygon>
      </Placemark>
      <Placemark>
        <name>DLL 013</name>
        <styleUrl>#poly-000000-1200-77-nodesc</styleUrl>
        <Polygon>
          <outerBoundaryIs>
            <LinearRing>
              <tessellate>1</tessellate>
              <coordinates>
                2.6169609,48.5076319,0
                2.6171969,48.5083462,0
                2.6197324,48.5105603,0
                2.6204455,48.5105539,0
                2.6187452,48.5117023,0
                2.6169252,48.5085586,0
                2.6169091,48.5083774,0
                2.6169609,48.5076319,0
              </coordinates>
            </LinearRing>
          </outerBoundaryIs>
        </Polygon>
      </Placemark>
      <Placemark>
        <name>DLL 014</name>
        <styleUrl>#poly-000000-1200-77-nodesc</styleUrl>
        <Polygon>
          <outerBoundaryIs>
            <LinearRing>
              <tessellate>1</tessellate>
              <coordinates>
                2.6173796,48.5126144,0
                2.6170801,48.510485,0
                2.615975,48.5088147,0
                2.6168471,48.5075689,0
                2.6168927,48.5075849,0
                2.616847,48.5084753,0
                2.6169114,48.5086494,0
                2.6186628,48.5117186,0
                2.6173796,48.5126144,0
              </coordinates>
            </LinearRing>
          </outerBoundaryIs>
        </Polygon>
      </Placemark>
      <Placemark>
        <name>DLL 015</name>
        <styleUrl>#poly-000000-1200-77-nodesc</styleUrl>
        <Polygon>
          <outerBoundaryIs>
            <LinearRing>
              <tessellate>1</tessellate>
              <coordinates>
                2.6140594,48.5097688,0
                2.6159477,48.5090011,0
                2.617042,48.5105151,0
                2.6173424,48.5125549,0
                2.6160764,48.5112614,0
                2.6140594,48.5097688,0
              </coordinates>
            </LinearRing>
          </outerBoundaryIs>
        </Polygon>
      </Placemark>
      <Placemark>
        <name>DLL 016</name>
        <styleUrl>#poly-000000-1200-77-nodesc</styleUrl>
        <Polygon>
          <outerBoundaryIs>
            <LinearRing>
              <tessellate>1</tessellate>
              <coordinates>
                2.617486,48.5127043,0
                2.6178347,48.51258,0
                2.6180814,48.5124805,0
                2.6185642,48.5124236,0
                2.6191221,48.5124591,0
                2.6196371,48.5126368,0
                2.6203506,48.5130313,0
                2.6206563,48.5128012,0
                2.6216085,48.5122739,0
                2.6246059,48.5122892,0
                2.6242753,48.5128255,0
                2.6243031,48.513569,0
                2.6234963,48.5140508,0
                2.6232162,48.5144126,0
                2.622529,48.5141173,0
                2.6216919,48.5138595,0
                2.6212465,48.5134836,0
                2.6207582,48.513225,0
                2.620372,48.5133795,0
                2.6202969,48.5135217,0
                2.6204579,48.5138273,0
                2.6204579,48.5139694,0
                2.6192241,48.5141258,0
                2.6183014,48.5134719,0
                2.617486,48.5127043,0
              </coordinates>
            </LinearRing>
          </outerBoundaryIs>
        </Polygon>
      </Placemark>
      <Placemark>
        <name>DLL 017</name>
        <styleUrl>#poly-000000-1200-77-nodesc</styleUrl>
        <Polygon>
          <outerBoundaryIs>
            <LinearRing>
              <tessellate>1</tessellate>
              <coordinates>
                2.6176383,48.5125882,0
                2.6205137,48.5106194,0
                2.6206853,48.5106194,0
                2.6215544,48.5122186,0
                2.6203098,48.5129294,0
                2.6197734,48.5126166,0
                2.6191297,48.5124034,0
                2.6185825,48.5123679,0
                2.6180675,48.5124105,0
                2.6176383,48.5125882,0
              </coordinates>
            </LinearRing>
          </outerBoundaryIs>
        </Polygon>
      </Placemark>
      <Placemark>
        <name>DLL 018</name>
        <styleUrl>#poly-000000-1200-77-nodesc</styleUrl>
        <Polygon>
          <outerBoundaryIs>
            <LinearRing>
              <tessellate>1</tessellate>
              <coordinates>
                2.6207302,48.5105937,0
                2.620816,48.5105511,0
                2.6249037,48.5116989,0
                2.6247321,48.512136,0
                2.6246462,48.5122462,0
                2.6216314,48.5122178,0
                2.6207302,48.5105937,0
              </coordinates>
            </LinearRing>
          </outerBoundaryIs>
        </Polygon>
      </Placemark>
      <Placemark>
        <name>DLL 019</name>
        <styleUrl>#poly-000000-1200-77-nodesc</styleUrl>
        <Polygon>
          <outerBoundaryIs>
            <LinearRing>
              <tessellate>1</tessellate>
              <coordinates>
                2.6208321,48.5105084,0
                2.6208536,48.5104338,0
                2.6248072,48.509062,0
                2.6250271,48.5090442,0
                2.6250003,48.5097052,0
                2.6253061,48.5107216,0
                2.6249198,48.5116314,0
                2.6208321,48.5105084,0
              </coordinates>
            </LinearRing>
          </outerBoundaryIs>
        </Polygon>
      </Placemark>
      <Placemark>
        <name>DLL 020</name>
        <styleUrl>#poly-000000-1200-77-nodesc</styleUrl>
        <Polygon>
          <outerBoundaryIs>
            <LinearRing>
              <tessellate>1</tessellate>
              <coordinates>
                2.6335513,48.5077393,0
                2.6325804,48.5068295,0
                2.6325428,48.5050595,0
                2.6327711,48.503162,0
                2.6330179,48.5014346,0
                2.6337779,48.4988945,0
                2.6317406,48.4958573,0
                2.6325667,48.4946771,0
                2.634852,48.4987509,0
                2.6339186,48.5004074,0
                2.6336356,48.5018617,0
                2.6334508,48.5038317,0
                2.6331447,48.5050644,0
                2.6331232,48.5057539,0
                2.6335094,48.5073177,0
                2.6335513,48.5077393,0
              </coordinates>
            </LinearRing>
          </outerBoundaryIs>
        </Polygon>
      </Placemark>
      <Placemark>
        <name>DLL 021</name>
        <styleUrl>#poly-000000-1200-77-nodesc</styleUrl>
        <Polygon>
          <outerBoundaryIs>
            <LinearRing>
              <tessellate>1</tessellate>
              <coordinates>
                2.6247333,48.5082737,0
                2.6248352,48.5079467,0
                2.6253716,48.5080534,0
                2.6259724,48.5067881,0
                2.6269166,48.5069943,0
                2.6271741,48.5066033,0
                2.6282148,48.5068663,0
                2.6313583,48.5086149,0
                2.6311759,48.5085651,0
                2.6268737,48.5076198,0
                2.626246,48.5090129,0
                2.6252912,48.508885,0
                2.6249478,48.5088779,0
                2.6247333,48.5082737,0
              </coordinates>
            </LinearRing>
          </outerBoundaryIs>
        </Polygon>
      </Placemark>
      <Placemark>
        <name>DLL 022</name>
        <styleUrl>#poly-000000-1200-77-nodesc</styleUrl>
        <Polygon>
          <outerBoundaryIs>
            <LinearRing>
              <tessellate>1</tessellate>
              <coordinates>
                2.6318036,48.5093257,0
                2.6313154,48.5093541,0
                2.6308219,48.5094323,0
                2.6295451,48.5091906,0
                2.6276086,48.5091729,0
                2.6262889,48.5090236,0
                2.6269112,48.5076731,0
                2.6297919,48.5083306,0
                2.6314066,48.5086753,0
                2.6318036,48.5093257,0
              </coordinates>
            </LinearRing>
          </outerBoundaryIs>
        </Polygon>
      </Placemark>
      <Placemark>
        <name>DLL 023</name>
        <styleUrl>#poly-000000-1200-77-nodesc</styleUrl>
        <Polygon>
          <outerBoundaryIs>
            <LinearRing>
              <tessellate>1</tessellate>
              <coordinates>
                2.6248121,48.5120769,0
                2.6254022,48.5107406,0
                2.6251125,48.5098095,0
                2.6250535,48.5095572,0
                2.6251179,48.5090312,0
                2.6252466,48.5089744,0
                2.6274192,48.5092338,0
                2.6284546,48.5092658,0
                2.6290768,48.5109858,0
                2.6287872,48.5109858,0
                2.6274192,48.5102111,0
                2.6267648,48.5102218,0
                2.6261264,48.5106198,0
                2.6253647,48.5116753,0
                2.6251415,48.5119537,0
                2.6248121,48.5120769,0
              </coordinates>
            </LinearRing>
          </outerBoundaryIs>
        </Polygon>
      </Placemark>
      <Placemark>
        <name>DLL 024</name>
        <styleUrl>#poly-000000-1200-77-nodesc</styleUrl>
        <Polygon>
          <outerBoundaryIs>
            <LinearRing>
              <tessellate>1</tessellate>
              <coordinates>
                2.6290254,48.5110439,0
                2.628784,48.5111967,0
                2.6281939,48.5114348,0
                2.6275555,48.5115521,0
                2.6269172,48.51168,0
                2.6262895,48.5119394,0
                2.6259301,48.5120176,0
                2.6249109,48.5120709,0
                2.6251952,48.5119963,0
                2.6261769,48.5106423,0
                2.6267991,48.5102656,0
                2.6274,48.5102621,0
                2.6287089,48.511019,0
                2.6290254,48.5110439,0
              </coordinates>
            </LinearRing>
          </outerBoundaryIs>
        </Polygon>
      </Placemark>
      <Placemark>
        <name>DLL 025</name>
        <styleUrl>#poly-000000-1200-77-nodesc</styleUrl>
        <Polygon>
          <outerBoundaryIs>
            <LinearRing>
              <tessellate>1</tessellate>
              <coordinates>
                2.6318953,48.5093452,0
                2.6314961,48.5086951,0
                2.631362,48.5085707,0
                2.6290017,48.5071989,0
                2.6292914,48.5058839,0
                2.6304393,48.5054858,0
                2.6316892,48.5060083,0
                2.6335851,48.5078098,0
                2.6335744,48.5080906,0
                2.6334778,48.5093665,0
                2.6318953,48.5093452,0
              </coordinates>
            </LinearRing>
          </outerBoundaryIs>
        </Polygon>
      </Placemark>
      <Placemark>
        <name>DLL 026</name>
        <styleUrl>#poly-000000-1200-77-nodesc</styleUrl>
        <Polygon>
          <outerBoundaryIs>
            <LinearRing>
              <tessellate>1</tessellate>
              <coordinates>
                2.63389,48.5014025,0
                2.6339544,48.5008053,0
                2.6340131,48.5004864,0
                2.6348768,48.4988798,0
                2.6353542,48.499804,0
                2.63621,48.5026868,0
                2.6363173,48.502893,0
                2.6359247,48.5026601,0
                2.6353936,48.5025463,0
                2.634943,48.5026424,0
                2.6341705,48.5028023,0
                2.633618,48.5037299,0
                2.6337199,48.5026068,0
                2.63389,48.5014025,0
              </coordinates>
            </LinearRing>
          </outerBoundaryIs>
        </Polygon>
      </Placemark>
      <Placemark>
        <name>DLL 027</name>
        <styleUrl>#poly-000000-1200-77-nodesc</styleUrl>
        <Polygon>
          <outerBoundaryIs>
            <LinearRing>
              <tessellate>1</tessellate>
              <coordinates>
                2.6349264,48.5092015,0
                2.6341754,48.5093685,0
                2.6335746,48.5093721,0
                2.6336336,48.5085334,0
                2.633698,48.5076271,0
                2.6333886,48.5062132,0
                2.6332355,48.5054191,0
                2.6335896,48.5037984,0
                2.6347805,48.5049855,0
                2.6344693,48.5065212,0
                2.6347906,48.5080811,0
                2.6349264,48.5092015,0
              </coordinates>
            </LinearRing>
          </outerBoundaryIs>
        </Polygon>
      </Placemark>
      <Placemark>
        <name>DLL 028</name>
        <styleUrl>#poly-000000-1200-77-nodesc</styleUrl>
        <Polygon>
          <outerBoundaryIs>
            <LinearRing>
              <tessellate>1</tessellate>
              <coordinates>
                2.633683,48.5037542,0
                2.6342034,48.5028585,0
                2.6353889,48.5025919,0
                2.6358985,48.5026844,0
                2.6363706,48.502958,0
                2.6375246,48.50456,0
                2.6381576,48.5060812,0
                2.6385287,48.5074915,0
                2.637606,48.5075519,0
                2.6374558,48.5069833,0
                2.6376811,48.5059917,0
                2.6371232,48.5059952,0
                2.6360986,48.5076941,0
                2.6362595,48.5079678,0
                2.6354057,48.5089871,0
                2.6349819,48.5091985,0
                2.6350033,48.5086121,0
                2.6355183,48.5074464,0
                2.6365762,48.5053018,0
                2.6364142,48.5044849,0
                2.6343412,48.504482,0
                2.633683,48.5037542,0
              </coordinates>
            </LinearRing>
          </outerBoundaryIs>
        </Polygon>
      </Placemark>
      <Placemark>
        <name>DLL 029</name>
        <styleUrl>#poly-000000-1200-77-nodesc</styleUrl>
        <Polygon>
          <outerBoundaryIs>
            <LinearRing>
              <tessellate>1</tessellate>
              <coordinates>
                2.6349398,48.5092751,0
                2.6357981,48.5101173,0
                2.6353045,48.5103057,0
                2.634752,48.5097264,0
                2.6346233,48.509698,0
                2.6337006,48.509993,0
                2.6333143,48.5111124,0
                2.6333197,48.5111835,0
                2.6328315,48.5113718,0
                2.6327564,48.5110698,0
                2.6331051,48.5099894,0
                2.6335665,48.5094421,0
                2.6340868,48.5094386,0
                2.6349398,48.5092751,0
              </coordinates>
            </LinearRing>
          </outerBoundaryIs>
        </Polygon>
      </Placemark>
      <Placemark>
        <name>DLL 030</name>
        <styleUrl>#poly-000000-1200-77-nodesc</styleUrl>
        <Polygon>
          <outerBoundaryIs>
            <LinearRing>
              <tessellate>1</tessellate>
              <coordinates>
                2.6333894,48.5112013,0
                2.6333718,48.5110882,0
                2.6337357,48.5100097,0
                2.6346262,48.5097271,0
                2.6347496,48.5097716,0
                2.6352856,48.5103565,0
                2.6357925,48.5101433,0
                2.6366338,48.5109805,0
                2.6356532,48.5114394,0
                2.6340707,48.5121252,0
                2.6333573,48.5126441,0
                2.6332446,48.512708,0
                2.6328315,48.5114038,0
                2.6333894,48.5112013,0
              </coordinates>
            </LinearRing>
          </outerBoundaryIs>
        </Polygon>
      </Placemark>
      <Placemark>
        <name>DLL 031</name>
        <styleUrl>#poly-000000-1200-77-nodesc</styleUrl>
        <Polygon>
          <outerBoundaryIs>
            <LinearRing>
              <tessellate>1</tessellate>
              <coordinates>
                2.6366548,48.5110384,0
                2.6380871,48.512467,0
                2.6361174,48.5125859,0
                2.6360503,48.5125237,0
                2.635935,48.5125006,0
                2.6358653,48.5125077,0
                2.6357728,48.5125452,0
                2.6357232,48.5126395,0
                2.6346878,48.5128482,0
                2.6343149,48.5129939,0
                2.6341862,48.5129939,0
                2.6333601,48.5126954,0
                2.6338402,48.5123364,0
                2.6341781,48.512141,0
                2.6360312,48.5113169,0
                2.6366548,48.5110384,0
              </coordinates>
            </LinearRing>
          </outerBoundaryIs>
        </Polygon>
      </Placemark>
      <Placemark>
        <name>DLL 032</name>
        <styleUrl>#poly-000000-1200-77-nodesc</styleUrl>
        <Polygon>
          <outerBoundaryIs>
            <LinearRing>
              <tessellate>1</tessellate>
              <coordinates>
                2.6337452,48.5138626,0
                2.6334984,48.5134468,0
                2.6332624,48.5127538,0
                2.6333482,48.5127325,0
                2.6341529,48.5130346,0
                2.634346,48.5130417,0
                2.6346464,48.5129102,0
                2.6357407,48.5126792,0
                2.6358212,48.5127325,0
                2.6359446,48.5127503,0
                2.634861,48.5134539,0
                2.6343352,48.513557,0
                2.6337452,48.5138626,0
              </coordinates>
            </LinearRing>
          </outerBoundaryIs>
        </Polygon>
      </Placemark>
      <Placemark>
        <name>DLL 033</name>
        <styleUrl>#poly-000000-1200-77-nodesc</styleUrl>
        <Polygon>
          <outerBoundaryIs>
            <LinearRing>
              <tessellate>1</tessellate>
              <coordinates>
                2.6337783,48.5138717,0
                2.6343507,48.5135751,0
                2.6348684,48.513488,0
                2.6359493,48.5127755,0
                2.6360191,48.5127417,0
                2.6361022,48.5126991,0
                2.636129,48.5126334,0
                2.6381192,48.5124948,0
                2.6390097,48.5133938,0
                2.6361387,48.5135643,0
                2.6360287,48.5136318,0
                2.6337783,48.5138717,0
              </coordinates>
            </LinearRing>
          </outerBoundaryIs>
        </Polygon>
      </Placemark>
      <Placemark>
        <name>DLL 034</name>
        <styleUrl>#poly-000000-1200-77-nodesc</styleUrl>
        <Polygon>
          <outerBoundaryIs>
            <LinearRing>
              <tessellate>1</tessellate>
              <coordinates>
                2.6338013,48.5139268,0
                2.6337798,48.5138895,0
                2.634209,48.5138593,0
                2.636006,48.5136816,0
                2.636108,48.5136247,0
                2.6390423,48.5134399,0
                2.6353301,48.5148543,0
                2.6352228,48.5148507,0
                2.6344665,48.5144207,0
                2.6340749,48.5142111,0
                2.6338013,48.5139268,0
              </coordinates>
            </LinearRing>
          </outerBoundaryIs>
        </Polygon>
      </Placemark>
      <Placemark>
        <name>DLL 035</name>
        <styleUrl>#poly-000000-1200-77-nodesc</styleUrl>
        <Polygon>
          <outerBoundaryIs>
            <LinearRing>
              <tessellate>1</tessellate>
              <coordinates>
                2.6206687,48.5145355,0
                2.6210044,48.5143051,0
                2.6208148,48.5141771,0
                2.6204608,48.5139879,0
                2.6205024,48.5139683,0
                2.620497,48.5138297,0
                2.6204334,48.5136977,0
                2.6203543,48.5134765,0
                2.6204133,48.5133725,0
                2.620762,48.5132508,0
                2.6212159,48.5134801,0
                2.6214251,48.5136719,0
                2.6215726,48.5138781,0
                2.6219535,48.5140238,0
                2.6226241,48.5142192,0
                2.6232034,48.5144786,0
                2.6237399,48.5151609,0
                2.6235682,48.5153812,0
                2.6230103,48.5152426,0
                2.622726,48.5151858,0
                2.6212991,48.5149619,0
                2.6209664,48.5148802,0
                2.6207418,48.5148198,0
                2.6203616,48.5146883,0
                2.6206687,48.5145355,0
              </coordinates>
            </LinearRing>
          </outerBoundaryIs>
        </Polygon>
      </Placemark>
      <Placemark>
        <name>DLL 036</name>
        <styleUrl>#poly-000000-1200-77-nodesc</styleUrl>
        <Polygon>
          <outerBoundaryIs>
            <LinearRing>
              <tessellate>1</tessellate>
              <coordinates>
                2.6204356,48.5139967,0
                2.6209452,48.5143236,0
                2.6206046,48.5145439,0
                2.6203229,48.5146754,0
                2.6192849,48.5141566,0
                2.6204356,48.5139967,0
              </coordinates>
            </LinearRing>
          </outerBoundaryIs>
        </Polygon>
      </Placemark>
      <Placemark>
        <name>DLL 037</name>
        <styleUrl>#poly-000000-1200-77-nodesc</styleUrl>
        <Polygon>
          <outerBoundaryIs>
            <LinearRing>
              <tessellate>1</tessellate>
              <coordinates>
                2.6232719,48.5144659,0
                2.6235187,48.5140963,0
                2.6243448,48.5136201,0
                2.6246881,48.5135775,0
                2.6249456,48.5135952,0
                2.6253533,48.5136663,0
                2.625407,48.5139648,0
                2.6256108,48.513979,0
                2.6265442,48.5139008,0
                2.626512,48.5140039,0
                2.625938,48.514576,0
                2.6256269,48.5149243,0
                2.6256162,48.5151695,0
                2.6237976,48.515141,0
                2.6232719,48.5144659,0
              </coordinates>
            </LinearRing>
          </outerBoundaryIs>
        </Polygon>
      </Placemark>
      <Placemark>
        <name>DLL 038</name>
        <styleUrl>#poly-000000-1200-77-nodesc</styleUrl>
        <Polygon>
          <outerBoundaryIs>
            <LinearRing>
              <tessellate>1</tessellate>
              <coordinates>
                2.625423,48.5136734,0
                2.6263618,48.513677,0
                2.6274079,48.5135242,0
                2.6282716,48.5134673,0
                2.628411,48.5134318,0
                2.6285183,48.5138013,0
                2.6274562,48.5138582,0
                2.6264959,48.5138617,0
                2.6257717,48.5139364,0
                2.6254445,48.5139293,0
                2.625423,48.5136734,0
              </coordinates>
            </LinearRing>
          </outerBoundaryIs>
        </Polygon>
      </Placemark>
      <Placemark>
        <name>DLL 039</name>
        <styleUrl>#poly-000000-1200-77-nodesc</styleUrl>
        <Polygon>
          <outerBoundaryIs>
            <LinearRing>
              <tessellate>1</tessellate>
              <coordinates>
                2.6287597,48.5112604,0
                2.6289958,48.5114239,0
                2.6297897,48.5127104,0
                2.6299613,48.5131013,0
                2.6287865,48.5132718,0
                2.6283681,48.5133678,0
                2.6273894,48.5134698,0
                2.6263809,48.5136332,0
                2.6253831,48.5136155,0
                2.6249217,48.5135444,0
                2.6246482,48.5135444,0
                2.6243638,48.5135764,0
                2.6248574,48.5132352,0
                2.6255279,48.5132103,0
                2.6271319,48.5127626,0
                2.6277542,48.5125316,0
                2.6287597,48.5112604,0
              </coordinates>
            </LinearRing>
          </outerBoundaryIs>
        </Polygon>
      </Placemark>
      <Placemark>
        <name>DLL 040</name>
        <styleUrl>#poly-000000-1200-77-nodesc</styleUrl>
        <Polygon>
          <outerBoundaryIs>
            <LinearRing>
              <tessellate>1</tessellate>
              <coordinates>
                2.6287597,48.5112604,0
                2.6286217,48.5113722,0
                2.6277151,48.5125236,0
                2.6271733,48.5127261,0
                2.6255184,48.5131881,0
                2.6248505,48.5132041,0
                2.624365,48.5135613,0
                2.6243815,48.5128088,0
                2.6247999,48.5121194,0
                2.6257655,48.5120732,0
                2.6261893,48.5120127,0
                2.6266668,48.5118351,0
                2.6270047,48.5117036,0
                2.6281956,48.5114832,0
                2.6287597,48.5112604,0
              </coordinates>
            </LinearRing>
          </outerBoundaryIs>
        </Polygon>
      </Placemark>
      <Placemark>
        <name>DLL 041</name>
        <styleUrl>#poly-000000-1200-77-nodesc</styleUrl>
        <Polygon>
          <outerBoundaryIs>
            <LinearRing>
              <tessellate>1</tessellate>
              <coordinates>
                2.6265882,48.5139288,0
                2.6277952,48.5139146,0
                2.6285462,48.5138328,0
                2.6289324,48.515272,0
                2.6288895,48.5153537,0
                2.6279239,48.5153751,0
                2.6270334,48.5153218,0
                2.6262073,48.515208,0
                2.6256548,48.515169,0
                2.6256548,48.5149522,0
                2.6258425,48.514739,0
                2.6265613,48.514046,0
                2.6265882,48.5139288,0
              </coordinates>
            </LinearRing>
          </outerBoundaryIs>
        </Polygon>
      </Placemark>
      <Placemark>
        <name>DLL 042</name>
        <styleUrl>#poly-000000-1200-77-nodesc</styleUrl>
        <Polygon>
          <outerBoundaryIs>
            <LinearRing>
              <tessellate>1</tessellate>
              <coordinates>
                2.6286535,48.5140283,0
                2.6292301,48.5140212,0
                2.6301475,48.5140674,0
                2.6306732,48.5140709,0
                2.6307429,48.5151263,0
                2.6308126,48.5153271,0
                2.6295306,48.51532,0
                2.6289753,48.5153555,0
                2.6289941,48.5152791,0
                2.6289485,48.5151121,0
                2.6286535,48.5140283,0
              </coordinates>
            </LinearRing>
          </outerBoundaryIs>
        </Polygon>
      </Placemark>
      <Placemark>
        <name>DLL 043</name>
        <styleUrl>#poly-000000-1200-77-nodesc</styleUrl>
        <Polygon>
          <outerBoundaryIs>
            <LinearRing>
              <tessellate>1</tessellate>
              <coordinates>
                2.6307536,48.514062,0
                2.6314081,48.5140141,0
                2.6319848,48.51403,0
                2.6324703,48.5141793,0
                2.6325588,48.5146857,0
                2.6324166,48.51489,0
                2.6321377,48.514954,0
                2.6318238,48.5150019,0
                2.6313813,48.5151068,0
                2.6308422,48.5152631,0
                2.6308019,48.5148278,0
                2.6307536,48.514062,0
              </coordinates>
            </LinearRing>
          </outerBoundaryIs>
        </Polygon>
      </Placemark>
      <Placemark>
        <name>DLL 044</name>
        <styleUrl>#poly-000000-1200-77-nodesc</styleUrl>
        <Polygon>
          <outerBoundaryIs>
            <LinearRing>
              <tessellate>1</tessellate>
              <coordinates>
                2.6308722,48.5153447,0
                2.6308883,48.5152843,0
                2.631752,48.5150569,0
                2.6321436,48.5149929,0
                2.633018,48.5149219,0
                2.6343108,48.5148792,0
                2.6341982,48.5152133,0
                2.6341124,48.5153163,0
                2.6336886,48.5153732,0
                2.6336027,48.5153483,0
                2.6334793,48.5153519,0
                2.6333774,48.5153909,0
                2.6308722,48.5153447,0
              </coordinates>
            </LinearRing>
          </outerBoundaryIs>
        </Polygon>
      </Placemark>
      <Placemark>
        <name>DLL 045</name>
        <styleUrl>#poly-000000-1200-77-nodesc</styleUrl>
        <Polygon>
          <outerBoundaryIs>
            <LinearRing>
              <tessellate>1</tessellate>
              <coordinates>
                2.6321377,48.514954,0
                2.6324843,48.5148946,0
                2.6326345,48.5146387,0
                2.6325272,48.5141377,0
                2.6319586,48.5139778,0
                2.6319532,48.5137716,0
                2.6321249,48.5137183,0
                2.6321517,48.5135584,0
                2.6333373,48.5132528,0
                2.6333748,48.5134447,0
                2.6338898,48.5141412,0
                2.6341258,48.5143331,0
                2.6346355,48.5146174,0
                2.6344048,48.5148164,0
                2.633415,48.514875,0
                2.6325809,48.5149212,0
                2.6321377,48.514954,0
              </coordinates>
            </LinearRing>
          </outerBoundaryIs>
        </Polygon>
      </Placemark>
      <Placemark>
        <name>DLL 046</name>
        <styleUrl>#poly-000000-1200-77-nodesc</styleUrl>
        <Polygon>
          <outerBoundaryIs>
            <LinearRing>
              <tessellate>1</tessellate>
              <coordinates>
                2.6256554,48.5152464,0
                2.6256313,48.515719,0
                2.6253148,48.515655,0
                2.6251136,48.5155537,0
                2.6251136,48.5152339,0
                2.6256554,48.5152464,0
              </coordinates>
            </LinearRing>
          </outerBoundaryIs>
        </Polygon>
      </Placemark>
      <Placemark>
        <name>DLL 047</name>
        <styleUrl>#poly-000000-1200-77-nodesc</styleUrl>
        <Polygon>
          <outerBoundaryIs>
            <LinearRing>
              <tessellate>1</tessellate>
              <coordinates>
                2.6237618,48.5152641,0
                2.6238449,48.5152179,0
                2.6239495,48.5152037,0
                2.6250948,48.5152375,0
                2.6250841,48.5154809,0
                2.6239039,48.5154436,0
                2.6237618,48.5152641,0
              </coordinates>
            </LinearRing>
          </outerBoundaryIs>
        </Polygon>
      </Placemark>
      <Placemark>
        <name>DLL 048</name>
        <styleUrl>#poly-000000-1200-77-nodesc</styleUrl>
        <Polygon>
          <outerBoundaryIs>
            <LinearRing>
              <tessellate>1</tessellate>
              <coordinates>
                2.6270656,48.5166502,0
                2.6276235,48.5164689,0
                2.6282672,48.516174,0
                2.6286642,48.5160283,0
                2.6292811,48.5158258,0
                2.629839,48.5158684,0
                2.629839,48.5159786,0
                2.6295064,48.5166857,0
                2.6290719,48.5172223,0
                2.6285837,48.5177375,0
                2.6284549,48.5178405,0
                2.628353,48.5178299,0
                2.6277629,48.517169,0
                2.6270656,48.5166502,0
              </coordinates>
            </LinearRing>
          </outerBoundaryIs>
        </Polygon>
      </Placemark>
      <Placemark>
        <name>DLL 049</name>
        <styleUrl>#poly-000000-1200-77-nodesc</styleUrl>
        <Polygon>
          <outerBoundaryIs>
            <LinearRing>
              <tessellate>1</tessellate>
              <coordinates>
                2.6290772,48.5181124,0
                2.6292972,48.5178654,0
                2.6288868,48.5176913,0
                2.6289619,48.5176202,0
                2.6294956,48.5178423,0
                2.6294903,48.5179329,0
                2.6292167,48.5181675,0
                2.6290772,48.5181124,0
              </coordinates>
            </LinearRing>
          </outerBoundaryIs>
        </Polygon>
      </Placemark>
      <Placemark>
        <name>DLL 050</name>
        <styleUrl>#poly-000000-1200-77-nodesc</styleUrl>
        <Polygon>
          <outerBoundaryIs>
            <LinearRing>
              <tessellate>1</tessellate>
              <coordinates>
                2.6288767,48.5175494,0
                2.629212,48.5171461,0
                2.6293542,48.5172047,0
                2.6295553,48.5169898,0
                2.6296814,48.5170448,0
                2.6294481,48.5173007,0
                2.6293327,48.5172598,0
                2.6290216,48.5176027,0
                2.6288767,48.5175494,0
              </coordinates>
            </LinearRing>
          </outerBoundaryIs>
        </Polygon>
      </Placemark>
      <Placemark>
        <name>DLL 051</name>
        <styleUrl>#poly-000000-1200-77-nodesc</styleUrl>
        <Polygon>
          <outerBoundaryIs>
            <LinearRing>
              <tessellate>1</tessellate>
              <coordinates>
                2.6295701,48.5169818,0
                2.6297626,48.51675,0
                2.6300224,48.5166519,0
                2.6300868,48.5161153,0
                2.6302155,48.5161189,0
                2.6301406,48.5167375,0
                2.6299027,48.5168041,0
                2.6296881,48.5170262,0
                2.6295701,48.5169818,0
              </coordinates>
            </LinearRing>
          </outerBoundaryIs>
        </Polygon>
      </Placemark>
      <Placemark>
        <name>DLL 052</name>
        <styleUrl>#poly-000000-1200-77-nodesc</styleUrl>
        <Polygon>
          <outerBoundaryIs>
            <LinearRing>
              <tessellate>1</tessellate>
              <coordinates>
                2.6300916,48.5160987,0
                2.6301506,48.5155479,0
                2.6302955,48.515555,0
                2.6302311,48.5161049,0
                2.6300916,48.5160987,0
              </coordinates>
            </LinearRing>
          </outerBoundaryIs>
        </Polygon>
      </Placemark>
      <Placemark>
        <name>DLL 053</name>
        <styleUrl>#poly-000000-1200-77-nodesc</styleUrl>
        <Polygon>
          <outerBoundaryIs>
            <LinearRing>
              <tessellate>1</tessellate>
              <coordinates>
                2.6315831,48.5197725,0
                2.6332138,48.5204973,0
                2.6333855,48.5205364,0
                2.6330583,48.5210694,0
                2.6319908,48.5205684,0
                2.6298343,48.5194527,0
                2.628948,48.5186109,0
                2.6284115,48.5179074,0
                2.6288299,48.5179855,0
                2.6290499,48.5180708,0
                2.6289104,48.5182449,0
                2.6290606,48.5185221,0
                2.629935,48.5186322,0
                2.6304178,48.5190942,0
                2.6307343,48.5192647,0
                2.6306914,48.5194353,0
                2.6304929,48.5196627,0
                2.6312865,48.5200338,0
                2.6315831,48.5197725,0
              </coordinates>
            </LinearRing>
          </outerBoundaryIs>
        </Polygon>
      </Placemark>
      <Placemark>
        <name>DLL 054</name>
        <styleUrl>#poly-000000-1200-77-nodesc</styleUrl>
        <Polygon>
          <outerBoundaryIs>
            <LinearRing>
              <tessellate>1</tessellate>
              <coordinates>
                2.6303154,48.5155673,0
                2.6308868,48.5155922,0
                2.630868,48.5157219,0
                2.630302,48.5156917,0
                2.6303154,48.5155673,0
              </coordinates>
            </LinearRing>
          </outerBoundaryIs>
        </Polygon>
      </Placemark>
      <Placemark>
        <name>DLL 055</name>
        <styleUrl>#poly-000000-1200-77-nodesc</styleUrl>
        <Polygon>
          <outerBoundaryIs>
            <LinearRing>
              <tessellate>1</tessellate>
              <coordinates>
                2.6309163,48.5156011,0
                2.6315224,48.5156224,0
                2.6315144,48.5157539,0
                2.6309002,48.5157237,0
                2.6309163,48.5156011,0
              </coordinates>
            </LinearRing>
          </outerBoundaryIs>
        </Polygon>
      </Placemark>
      <Placemark>
        <name>DLL 056</name>
        <styleUrl>#poly-000000-1200-77-nodesc</styleUrl>
        <Polygon>
          <outerBoundaryIs>
            <LinearRing>
              <tessellate>1</tessellate>
              <coordinates>
                2.6315037,48.5159991,0
                2.6315224,48.5158445,0
                2.6323298,48.5158854,0
                2.632311,48.5160506,0
                2.6315037,48.5159991,0
              </coordinates>
            </LinearRing>
          </outerBoundaryIs>
        </Polygon>
      </Placemark>
      <Placemark>
        <name>DLL 057</name>
        <styleUrl>#poly-000000-1200-77-nodesc</styleUrl>
        <Polygon>
          <outerBoundaryIs>
            <LinearRing>
              <tessellate>1</tessellate>
              <coordinates>
                2.6323512,48.5158942,0
                2.6331774,48.5159262,0
                2.6331559,48.5160968,0
                2.6323405,48.5160559,0
                2.6323512,48.5158942,0
              </coordinates>
            </LinearRing>
          </outerBoundaryIs>
        </Polygon>
      </Placemark>
      <Placemark>
        <name>DLL 058</name>
        <styleUrl>#poly-000000-1200-77-nodesc</styleUrl>
        <Polygon>
          <outerBoundaryIs>
            <LinearRing>
              <tessellate>1</tessellate>
              <coordinates>
                2.6352898,48.514894,0
                2.6353917,48.5148798,0
                2.6390664,48.5134797,0
                2.6404718,48.5149367,0
                2.6404665,48.5150504,0
                2.6396672,48.5151428,0
                2.6381437,48.5152494,0
                2.636824,48.5153133,0
                2.6365344,48.5152174,0
                2.6359926,48.515125,0
                2.6355741,48.515029,0
                2.6352898,48.514894,0
              </coordinates>
            </LinearRing>
          </outerBoundaryIs>
        </Polygon>
      </Placemark>
      <Placemark>
        <name>DLL 059</name>
        <styleUrl>#poly-000000-1200-77-nodesc</styleUrl>
        <Polygon>
          <outerBoundaryIs>
            <LinearRing>
              <tessellate>1</tessellate>
              <coordinates>
                2.6389591,48.5152885,0
                2.6394767,48.5152316,0
                2.6405174,48.5151197,0
                2.6405443,48.5151499,0
                2.6406489,48.5151907,0
                2.6407669,48.5151996,0
                2.640783,48.5152529,0
                2.6424299,48.5167987,0
                2.6400695,48.517623,0
                2.639753,48.5171647,0
                2.6393131,48.5164718,0
                2.6390717,48.5159032,0
                2.6389591,48.5152885,0
              </coordinates>
            </LinearRing>
          </outerBoundaryIs>
        </Polygon>
      </Placemark>
      <Placemark>
        <name>DLL 060</name>
        <styleUrl>#poly-000000-1200-77-nodesc</styleUrl>
        <Polygon>
          <outerBoundaryIs>
            <LinearRing>
              <tessellate>1</tessellate>
              <coordinates>
                2.6401097,48.5176728,0
                2.642454,48.5168058,0
                2.643205,48.5175129,0
                2.6411719,48.5185682,0
                2.6407964,48.5182911,0
                2.6401097,48.5176728,0
              </coordinates>
            </LinearRing>
          </outerBoundaryIs>
        </Polygon>
      </Placemark>
      <Placemark>
        <name>DLL 061</name>
        <styleUrl>#poly-000000-1200-77-nodesc</styleUrl>
        <Polygon>
          <outerBoundaryIs>
            <LinearRing>
              <tessellate>1</tessellate>
              <coordinates>
                2.6369069,48.5153794,0
                2.6371778,48.5153527,0
                2.6382963,48.5153136,0
                2.6388971,48.515271,0
                2.6390071,48.5158662,0
                2.6391466,48.5162802,0
                2.6395596,48.5169518,0
                2.6399191,48.5175523,0
                2.6405172,48.5181048,0
                2.6408149,48.5183678,0
                2.6411341,48.5185827,0
                2.6405413,48.5186165,0
                2.6395462,48.517897,0
                2.6389669,48.5174777,0
                2.6384894,48.516902,0
                2.6382695,48.5163193,0
                2.6379101,48.5157134,0
                2.6376097,48.515685,0
                2.6372985,48.5154949,0
                2.6369069,48.5153794,0
              </coordinates>
            </LinearRing>
          </outerBoundaryIs>
        </Polygon>
      </Placemark>
      <Placemark>
        <name>DLL 062</name>
        <styleUrl>#poly-000000-1200-77-nodesc</styleUrl>
        <Polygon>
          <outerBoundaryIs>
            <LinearRing>
              <tessellate>1</tessellate>
              <coordinates>
                2.6411231,48.5186044,0
                2.6401215,48.5192165,0
                2.6393383,48.5187297,0
                2.6389574,48.5183886,0
                2.6383647,48.5175474,0
                2.6377746,48.5165596,0
                2.6374259,48.5158951,0
                2.6369029,48.5153974,0
                2.6373025,48.5155362,0
                2.6375707,48.5156961,0
                2.6378872,48.5157529,0
                2.6382198,48.516325,0
                2.6384371,48.5168971,0
                2.6388995,48.517494,0
                2.6405169,48.51864,0
                2.6411231,48.5186044,0
              </coordinates>
            </LinearRing>
          </outerBoundaryIs>
        </Polygon>
      </Placemark>
      <Placemark>
        <name>DLL 063</name>
        <styleUrl>#poly-000000-1200-77-nodesc</styleUrl>
        <Polygon>
          <outerBoundaryIs>
            <LinearRing>
              <tessellate>1</tessellate>
              <coordinates>
                2.6401944,48.5192536,0
                2.6411707,48.5186353,0
                2.6416052,48.5191043,0
                2.642426,48.5197617,0
                2.6417125,48.5201596,0
                2.6407416,48.519584,0
                2.6401944,48.5192536,0
              </coordinates>
            </LinearRing>
          </outerBoundaryIs>
        </Polygon>
      </Placemark>
      <Placemark>
        <name>DLL 064</name>
        <styleUrl>#poly-000000-1200-77-nodesc</styleUrl>
        <Polygon>
          <outerBoundaryIs>
            <LinearRing>
              <tessellate>1</tessellate>
              <coordinates>
                2.6412512,48.5185962,0
                2.6425816,48.5179104,0
                2.6438798,48.5189693,0
                2.6425065,48.5197262,0
                2.6416643,48.5190688,0
                2.6412512,48.5185962,0
              </coordinates>
            </LinearRing>
          </outerBoundaryIs>
        </Polygon>
      </Placemark>
      <Placemark>
        <name>DLL 065</name>
        <styleUrl>#poly-000000-1200-77-nodesc</styleUrl>
        <Polygon>
          <outerBoundaryIs>
            <LinearRing>
              <tessellate>1</tessellate>
              <coordinates>
                2.6417635,48.5201898,0
                2.6422367,48.5199342,0
                2.6440085,48.5189747,0
                2.6426406,48.5178589,0
                2.6432521,48.5175533,0
                2.6449634,48.5190244,0
                2.643295,48.5198949,0
                2.642308,48.5205167,0
                2.6417635,48.5201898,0
              </coordinates>
            </LinearRing>
          </outerBoundaryIs>
        </Polygon>
      </Placemark>
      <Placemark>
        <name>DLL 066</name>
        <styleUrl>#poly-000000-1200-77-nodesc</styleUrl>
        <Polygon>
          <outerBoundaryIs>
            <LinearRing>
              <tessellate>1</tessellate>
              <coordinates>
                2.6352849,48.5218589,0
                2.6360788,48.5210151,0
                2.6362773,48.5214556,0
                2.6357596,48.5219886,0
                2.6352849,48.5218589,0
              </coordinates>
            </LinearRing>
          </outerBoundaryIs>
        </Polygon>
      </Placemark>
      <Placemark>
        <name>DLL 067</name>
        <styleUrl>#poly-000000-1200-77-nodesc</styleUrl>
        <Polygon>
          <outerBoundaryIs>
            <LinearRing>
              <tessellate>1</tessellate>
              <coordinates>
                2.6361378,48.5222196,0
                2.6364382,48.5220259,0
                2.6371678,48.5223812,0
                2.6369827,48.5225642,0
                2.6361378,48.5222196,0
              </coordinates>
            </LinearRing>
          </outerBoundaryIs>
        </Polygon>
      </Placemark>
      <Placemark>
        <name>DLL 068</name>
        <styleUrl>#poly-000000-1200-77-nodesc</styleUrl>
        <Polygon>
          <outerBoundaryIs>
            <LinearRing>
              <tessellate>1</tessellate>
              <coordinates>
                2.6370444,48.5223066,0
                2.6372965,48.5220454,0
                2.6377874,48.522248,0
                2.6375272,48.522518,0
                2.6370444,48.5223066,0
              </coordinates>
            </LinearRing>
          </outerBoundaryIs>
        </Polygon>
      </Placemark>
      <Placemark>
        <name>DLL 069</name>
        <styleUrl>#poly-000000-1200-77-nodesc</styleUrl>
        <Polygon>
          <outerBoundaryIs>
            <LinearRing>
              <tessellate>1</tessellate>
              <coordinates>
                2.6381522,48.5218696,0
                2.6379269,48.5216386,0
                2.6379885,48.5211696,0
                2.6382782,48.5209316,0
                2.6388603,48.5211821,0
                2.6381522,48.5218696,0
              </coordinates>
            </LinearRing>
          </outerBoundaryIs>
        </Polygon>
      </Placemark>
      <Placemark>
        <name>DLL 070</name>
        <styleUrl>#poly-000000-1200-77-nodesc</styleUrl>
        <Polygon>
          <outerBoundaryIs>
            <LinearRing>
              <tessellate>1</tessellate>
              <coordinates>
                2.6370337,48.5213775,0
                2.6377176,48.5206882,0
                2.6382595,48.5209262,0
                2.6379564,48.5211785,0
                2.6376694,48.5213295,0
                2.6370337,48.5213775,0
              </coordinates>
            </LinearRing>
          </outerBoundaryIs>
        </Polygon>
      </Placemark>
      <Placemark>
        <name>DLL 071</name>
        <styleUrl>#poly-000000-1200-77-nodesc</styleUrl>
        <Polygon>
          <outerBoundaryIs>
            <LinearRing>
              <tessellate>1</tessellate>
              <coordinates>
                2.6373314,48.5205175,0
                2.6376747,48.5206685,0
                2.637428,48.5208994,0
                2.63709,48.5207502,0
                2.6373314,48.5205175,0
              </coordinates>
            </LinearRing>
          </outerBoundaryIs>
        </Polygon>
      </Placemark>
      <Placemark>
        <name>DLL 072</name>
        <styleUrl>#poly-000000-1200-77-nodesc</styleUrl>
        <Polygon>
          <outerBoundaryIs>
            <LinearRing>
              <tessellate>1</tessellate>
              <coordinates>
                2.6337625,48.5200451,0
                2.6339671,48.5196305,0
                2.6340771,48.5193321,0
                2.6342855,48.519434,0
                2.6349373,48.5196791,0
                2.6350875,48.5199829,0
                2.6346959,48.520372,0
                2.6343445,48.520221,0
                2.6340763,48.5201428,0
                2.6337625,48.5200451,0
              </coordinates>
            </LinearRing>
          </outerBoundaryIs>
        </Polygon>
      </Placemark>
      <Placemark>
        <name>DLL 073</name>
        <styleUrl>#poly-000000-1200-77-nodesc</styleUrl>
        <Polygon>
          <outerBoundaryIs>
            <LinearRing>
              <tessellate>1</tessellate>
              <coordinates>
                2.6353512,48.5203394,0
                2.6356703,48.5200498,0
                2.6358152,48.5201067,0
                2.6358957,48.5201813,0
                2.6358286,48.5203323,0
                2.6358822,48.5205561,0
                2.6353512,48.5203394,0
              </coordinates>
            </LinearRing>
          </outerBoundaryIs>
        </Polygon>
      </Placemark>
      <Placemark>
        <name>DLL 074</name>
        <styleUrl>#poly-000000-1200-77-nodesc</styleUrl>
        <Polygon>
          <outerBoundaryIs>
            <LinearRing>
              <tessellate>1</tessellate>
              <coordinates>
                2.6353834,48.5193747,0
                2.635665,48.5194973,0
                2.6362846,48.5197922,0
                2.6359252,48.5201333,0
                2.6356945,48.5200143,0
                2.6355926,48.5200924,0
                2.6352144,48.5199361,0
                2.6351071,48.5197069,0
                2.6353834,48.5193747,0
              </coordinates>
            </LinearRing>
          </outerBoundaryIs>
        </Polygon>
      </Placemark>
      <Placemark>
        <name>DLL 075</name>
        <styleUrl>#poly-000000-1200-77-nodesc</styleUrl>
        <Polygon>
          <outerBoundaryIs>
            <LinearRing>
              <tessellate>1</tessellate>
              <coordinates>
                2.6360611,48.5209546,0
                2.6360316,48.5205673,0
                2.6364446,48.520116,0
                2.637311,48.5205015,0
                2.6369945,48.5208196,0
                2.6364849,48.520617,0
                2.6361308,48.5209723,0
                2.6360611,48.5209546,0
              </coordinates>
            </LinearRing>
          </outerBoundaryIs>
        </Polygon>
      </Placemark>
      <Placemark>
        <name>DLL 076</name>
        <styleUrl>#poly-000000-1200-77-nodesc</styleUrl>
        <Polygon>
          <outerBoundaryIs>
            <LinearRing>
              <tessellate>1</tessellate>
              <coordinates>
                2.6337817,48.5177471,0
                2.6337656,48.5173065,0
                2.6337576,48.5169565,0
                2.6337656,48.5168552,0
                2.6343101,48.5168072,0
                2.6352087,48.5167522,0
                2.6353106,48.5167788,0
                2.6354072,48.5167468,0
                2.6359812,48.5166989,0
                2.6361582,48.5171164,0
                2.6362601,48.5176903,0
                2.6359329,48.517708,0
                2.6337817,48.5177471,0
              </coordinates>
            </LinearRing>
          </outerBoundaryIs>
        </Polygon>
      </Placemark>
      <Placemark>
        <name>DLL 077</name>
        <styleUrl>#poly-000000-1200-77-nodesc</styleUrl>
        <Polygon>
          <outerBoundaryIs>
            <LinearRing>
              <tessellate>1</tessellate>
              <coordinates>
                2.6363084,48.5176886,0
                2.6362145,48.5171236,0
                2.6361823,48.5170259,0
                2.6360133,48.5166528,0
                2.6362977,48.5165871,0
                2.636008,48.5163472,0
                2.6360107,48.5162495,0
                2.6366517,48.5159865,0
                2.6368287,48.5161802,0
                2.6369628,48.5164503,0
                2.6370943,48.5167665,0
                2.6371318,48.516866,0
                2.6366705,48.5169442,0
                2.6366624,48.5169851,0
                2.6369065,48.5176087,0
                2.6369253,48.5176815,0
                2.6363084,48.5176886,0
              </coordinates>
            </LinearRing>
          </outerBoundaryIs>
        </Polygon>
      </Placemark>
      <Placemark>
        <name>DLL 078</name>
        <styleUrl>#poly-000000-1200-77-nodesc</styleUrl>
        <Polygon>
          <outerBoundaryIs>
            <LinearRing>
              <tessellate>1</tessellate>
              <coordinates>
                2.6357693,48.5159047,0
                2.6363379,48.5156577,0
                2.6366383,48.5159704,0
                2.6360375,48.5162138,0
                2.6357693,48.5159047,0
              </coordinates>
            </LinearRing>
          </outerBoundaryIs>
        </Polygon>
      </Placemark>
      <Placemark>
        <name>DLL 079</name>
        <styleUrl>#poly-000000-1200-77-nodesc</styleUrl>
        <Polygon>
          <outerBoundaryIs>
            <LinearRing>
              <tessellate>1</tessellate>
              <coordinates>
                2.6382959,48.5176103,0
                2.6369843,48.5176761,0
                2.6369736,48.5175979,0
                2.636708,48.5169832,0
                2.637156,48.516905,0
                2.6372042,48.5168588,0
                2.6369843,48.5163666,0
                2.6368502,48.5161481,0
                2.6363754,48.5156346,0
                2.6365846,48.51556,0
                2.6366785,48.5154996,0
                2.6367724,48.5153948,0
                2.637333,48.5159562,0
                2.6376924,48.5166118,0
                2.6382959,48.5176103,0
              </coordinates>
            </LinearRing>
          </outerBoundaryIs>
        </Polygon>
      </Placemark>
      <Placemark>
        <name>DLL 080</name>
        <styleUrl>#poly-000000-1200-77-nodesc</styleUrl>
        <Polygon>
          <outerBoundaryIs>
            <LinearRing>
              <tessellate>1</tessellate>
              <coordinates>
                2.6358163,48.5151678,0
                2.6357734,48.5152744,0
                2.6354139,48.5157577,0
                2.6352637,48.5157169,0
                2.6352798,48.515246,0
                2.6352396,48.5151927,0
                2.6345342,48.5148054,0
                2.6347032,48.5146597,0
                2.6353442,48.5150097,0
                2.6355829,48.5151092,0
                2.6358163,48.5151678,0
              </coordinates>
            </LinearRing>
          </outerBoundaryIs>
        </Polygon>
      </Placemark>
      <Placemark>
        <name>DLL 081</name>
        <styleUrl>#poly-000000-1200-77-nodesc</styleUrl>
        <Polygon>
          <outerBoundaryIs>
            <LinearRing>
              <tessellate>1</tessellate>
              <coordinates>
                2.6363199,48.5189375,0
                2.6367088,48.519108,0
                2.636521,48.519291,0
                2.6368322,48.5194189,0
                2.6365157,48.5197636,0
                2.6362475,48.5196481,0
                2.6365398,48.5193372,0
                2.6360919,48.5191578,0
                2.6363199,48.5189375,0
              </coordinates>
            </LinearRing>
          </outerBoundaryIs>
        </Polygon>
      </Placemark>
      <Placemark>
        <name>DLL 082</name>
        <styleUrl>#poly-000000-1200-77-nodesc</styleUrl>
        <Polygon>
          <outerBoundaryIs>
            <LinearRing>
              <tessellate>1</tessellate>
              <coordinates>
                2.6359363,48.518742,0
                2.6360892,48.5186052,0
                2.636462,48.5187776,0
                2.6363574,48.5188753,0
                2.6366981,48.5190263,0
                2.6368295,48.5189144,0
                2.6370146,48.5187545,0
                2.6374652,48.5189499,0
                2.6372694,48.5191418,0
                2.6368322,48.5189712,0
                2.6367115,48.5190796,0
                2.6359363,48.518742,0
              </coordinates>
            </LinearRing>
          </outerBoundaryIs>
        </Polygon>
      </Placemark>
      <Placemark>
        <name>DLL 083</name>
        <styleUrl>#poly-000000-1200-77-nodesc</styleUrl>
        <Polygon>
          <outerBoundaryIs>
            <LinearRing>
              <tessellate>1</tessellate>
              <coordinates>
                2.6371594,48.5191115,0
                2.6375886,48.5192572,0
                2.6372721,48.5196445,0
                2.6368429,48.5194616,0
                2.6371594,48.5191115,0
              </coordinates>
            </LinearRing>
          </outerBoundaryIs>
        </Polygon>
      </Placemark>
      <Placemark>
        <name>DLL 084</name>
        <styleUrl>#poly-000000-1200-77-nodesc</styleUrl>
        <Polygon>
          <outerBoundaryIs>
            <LinearRing>
              <tessellate>1</tessellate>
              <coordinates>
                2.6376307,48.5196643,0
                2.6379553,48.5193232,0
                2.6386366,48.5196234,0
                2.6388726,48.519412,0
                2.6392722,48.5195879,0
                2.6391515,48.5197123,0
                2.6388377,48.5195861,0
                2.6386097,48.5197887,0
                2.638017,48.5195417,0
                2.6378238,48.5197478,0
                2.6376307,48.5196643,0
              </coordinates>
            </LinearRing>
          </outerBoundaryIs>
        </Polygon>
      </Placemark>
      <Placemark>
        <name>DLL 085</name>
        <styleUrl>#poly-000000-1200-77-nodesc</styleUrl>
        <Polygon>
          <outerBoundaryIs>
            <LinearRing>
              <tessellate>1</tessellate>
              <coordinates>
                2.6391998,48.5203181,0
                2.6387063,48.5201156,0
                2.6391489,48.5196803,0
                2.6393205,48.5197514,0
                2.6390067,48.5200658,0
                2.6393286,48.5201973,0
                2.6391998,48.5203181,0
              </coordinates>
            </LinearRing>
          </outerBoundaryIs>
        </Polygon>
      </Placemark>
      <Placemark>
        <name>DLL 086</name>
        <styleUrl>#poly-000000-1200-77-nodesc</styleUrl>
        <MultiGeometry>
          <Polygon>
            <outerBoundaryIs>
              <LinearRing>
                <tessellate>1</tessellate>
                <coordinates>
                  2.6398044,48.5204274,0
                  2.6394305,48.5208067,0
                  2.639232,48.5207285,0
                  2.6398044,48.5204274,0
                </coordinates>
              </LinearRing>
            </outerBoundaryIs>
          </Polygon>
          <Polygon>
            <outerBoundaryIs>
              <LinearRing>
                <tessellate>1</tessellate>
                <coordinates>
                  2.6398044,48.5204274,0
                  2.6399725,48.5202569,0
                  2.6400662,48.5202897,0
                  2.6398044,48.5204274,0
                </coordinates>
              </LinearRing>
            </outerBoundaryIs>
          </Polygon>
          <Polygon>
            <outerBoundaryIs>
              <LinearRing>
                <tessellate>1</tessellate>
                <coordinates>
                  2.6399725,48.5202569,0
                  2.6394519,48.5200747,0
                  2.6395967,48.519945,0
                  2.6400715,48.5201565,0
                  2.6399725,48.5202569,0
                </coordinates>
              </LinearRing>
            </outerBoundaryIs>
          </Polygon>
        </MultiGeometry>
      </Placemark>
      <Placemark>
        <name>DLL 092</name>
        <styleUrl>#poly-000000-1200-77-nodesc</styleUrl>
        <Polygon>
          <outerBoundaryIs>
            <LinearRing>
              <tessellate>1</tessellate>
              <coordinates>
                2.6396668,48.5219518,0
                2.6400503,48.5217137,0
                2.6404795,48.5219145,0
                2.6403507,48.5220388,0
                2.6401737,48.5221525,0
                2.6396668,48.5219518,0
              </coordinates>
            </LinearRing>
          </outerBoundaryIs>
        </Polygon>
      </Placemark>
      <Placemark>
        <name>DLL 093</name>
        <styleUrl>#poly-000000-1200-77-nodesc</styleUrl>
        <Polygon>
          <outerBoundaryIs>
            <LinearRing>
              <tessellate>1</tessellate>
              <coordinates>
                2.6402005,48.5217741,0
                2.6403601,48.5216284,0
                2.6401187,48.5215201,0
                2.6402421,48.5214543,0
                2.6406149,48.5215041,0
                2.6407651,48.5216089,0
                2.6404835,48.5219047,0
                2.6402005,48.5217741,0
              </coordinates>
            </LinearRing>
          </outerBoundaryIs>
        </Polygon>
      </Placemark>
      <Placemark>
        <name>DLL 094</name>
        <styleUrl>#poly-000000-1200-77-nodesc</styleUrl>
        <Polygon>
          <outerBoundaryIs>
            <LinearRing>
              <tessellate>1</tessellate>
              <coordinates>
                2.6399524,48.5211293,0
                2.6399846,48.5211009,0
                2.640226,48.5212093,0
                2.6400248,48.5214385,0
                2.6397513,48.5213407,0
                2.6399524,48.5211293,0
              </coordinates>
            </LinearRing>
          </outerBoundaryIs>
        </Polygon>
      </Placemark>
      <Placemark>
        <name>DLL 095</name>
        <styleUrl>#poly-000000-1200-77-nodesc</styleUrl>
        <Polygon>
          <outerBoundaryIs>
            <LinearRing>
              <tessellate>1</tessellate>
              <coordinates>
                2.6418453,48.5218863,0
                2.642202,48.5215417,0
                2.6425266,48.5217122,0
                2.6421779,48.5220072,0
                2.6418453,48.5218863,0
              </coordinates>
            </LinearRing>
          </outerBoundaryIs>
        </Polygon>
      </Placemark>
      <Placemark>
        <name>DLL 096</name>
        <styleUrl>#poly-000000-1200-77-nodesc</styleUrl>
        <Polygon>
          <outerBoundaryIs>
            <LinearRing>
              <tessellate>1</tessellate>
              <coordinates>
                2.6426768,48.5215861,0
                2.642945,48.5217069,0
                2.6427626,48.5218863,0
                2.6424944,48.5217584,0
                2.6426768,48.5215861,0
              </coordinates>
            </LinearRing>
          </outerBoundaryIs>
        </Polygon>
      </Placemark>
      <Placemark>
        <name>DLL 097</name>
        <styleUrl>#poly-000000-1200-77-nodesc</styleUrl>
        <Polygon>
          <outerBoundaryIs>
            <LinearRing>
              <tessellate>1</tessellate>
              <coordinates>
                2.6430603,48.5216181,0
                2.6433366,48.5217211,0
                2.6429798,48.5220338,0
                2.6431542,48.5221066,0
                2.6429584,48.5223003,0
                2.6426955,48.5221866,0
                2.6428592,48.522032,0
                2.6427063,48.5219663,0
                2.6430603,48.5216181,0
              </coordinates>
            </LinearRing>
          </outerBoundaryIs>
        </Polygon>
      </Placemark>
      <Placemark>
        <name>DLL 098</name>
        <styleUrl>#poly-000000-1200-77-nodesc</styleUrl>
        <Polygon>
          <outerBoundaryIs>
            <LinearRing>
              <tessellate>1</tessellate>
              <coordinates>
                2.6415395,48.5227266,0
                2.6417434,48.5225277,0
                2.6420223,48.5226538,0
                2.6418158,48.5228474,0
                2.6415395,48.5227266,0
              </coordinates>
            </LinearRing>
          </outerBoundaryIs>
        </Polygon>
      </Placemark>
      <Placemark>
        <name>DLL 099</name>
        <styleUrl>#poly-000000-1200-77-nodesc</styleUrl>
        <Polygon>
          <outerBoundaryIs>
            <LinearRing>
              <tessellate>1</tessellate>
              <coordinates>
                2.6422288,48.5225241,0
                2.6425856,48.5227053,0
                2.6424139,48.5228652,0
                2.6420357,48.5226804,0
                2.6422288,48.5225241,0
              </coordinates>
            </LinearRing>
          </outerBoundaryIs>
        </Polygon>
      </Placemark>
      <Placemark>
        <name>DLL 100</name>
        <styleUrl>#poly-000000-1200-77-nodesc</styleUrl>
        <Polygon>
          <outerBoundaryIs>
            <LinearRing>
              <tessellate>1</tessellate>
              <coordinates>
                2.6415234,48.5222541,0
                2.6417568,48.5220853,0
                2.6422315,48.5223074,0
                2.6420438,48.5224886,0
                2.6415234,48.5222541,0
              </coordinates>
            </LinearRing>
          </outerBoundaryIs>
        </Polygon>
      </Placemark>
      <Placemark>
        <name>DLL 105</name>
        <styleUrl>#poly-000000-1200-77-nodesc</styleUrl>
        <Polygon>
          <outerBoundaryIs>
            <LinearRing>
              <tessellate>1</tessellate>
              <coordinates>
                2.642384,48.52317,0
                2.642604,48.5229675,0
                2.6429151,48.5231256,0
                2.6427086,48.523321,0
                2.642384,48.52317,0
              </coordinates>
            </LinearRing>
          </outerBoundaryIs>
        </Polygon>
      </Placemark>
      <Placemark>
        <name>DLL 106</name>
        <styleUrl>#poly-000000-1200-77-nodesc</styleUrl>
        <Polygon>
          <outerBoundaryIs>
            <LinearRing>
              <tessellate>1</tessellate>
              <coordinates>
                2.6430278,48.522955,0
                2.643186,48.5230279,0
                2.6430599,48.523138,0
                2.6433469,48.5232784,0
                2.643406,48.5232215,0
                2.643768,48.5234009,0
                2.6436178,48.5235342,0
                2.6432611,48.5233476,0
                2.6433174,48.5232908,0
                2.6428829,48.5230758,0
                2.6430278,48.522955,0
              </coordinates>
            </LinearRing>
          </outerBoundaryIs>
        </Polygon>
      </Placemark>
      <Placemark>
        <name>DLL 107</name>
        <styleUrl>#poly-000000-1200-77-nodesc</styleUrl>
        <Polygon>
          <outerBoundaryIs>
            <LinearRing>
              <tessellate>1</tessellate>
              <coordinates>
                2.6437788,48.5235519,0
                2.644106,48.5236994,0
                2.6439102,48.5238895,0
                2.6435937,48.523742,0
                2.6437788,48.5235519,0
              </coordinates>
            </LinearRing>
          </outerBoundaryIs>
        </Polygon>
      </Placemark>
      <Placemark>
        <name>DLL 108</name>
        <styleUrl>#poly-000000-1200-77-nodesc</styleUrl>
        <Polygon>
          <outerBoundaryIs>
            <LinearRing>
              <tessellate>1</tessellate>
              <coordinates>
                2.6440041,48.5231647,0
                2.644165,48.5232375,0
                2.6438512,48.5235164,0
                2.6437037,48.5234329,0
                2.6440041,48.5231647,0
              </coordinates>
            </LinearRing>
          </outerBoundaryIs>
        </Polygon>
      </Placemark>
      <Placemark>
        <name>DLL 109</name>
        <styleUrl>#poly-000000-1200-77-nodesc</styleUrl>
        <Polygon>
          <outerBoundaryIs>
            <LinearRing>
              <tessellate>1</tessellate>
              <coordinates>
                2.6445405,48.5231611,0
                2.6446854,48.5232322,0
                2.6443689,48.5235288,0
                2.6442106,48.523456,0
                2.6445405,48.5231611,0
              </coordinates>
            </LinearRing>
          </outerBoundaryIs>
        </Polygon>
      </Placemark>
      <Placemark>
        <name>DLL 110</name>
        <styleUrl>#poly-000000-1200-77-nodesc</styleUrl>
        <Polygon>
          <outerBoundaryIs>
            <LinearRing>
              <tessellate>1</tessellate>
              <coordinates>
                2.6436286,48.5228254,0
                2.6439558,48.5229728,0
                2.6438378,48.5230741,0
                2.6436581,48.5229906,0
                2.6433657,48.5232659,0
                2.6432075,48.5231842,0
                2.6436286,48.5228254,0
              </coordinates>
            </LinearRing>
          </outerBoundaryIs>
        </Polygon>
      </Placemark>
      <Placemark>
        <name>DLL 111</name>
        <styleUrl>#poly-000000-1200-77-nodesc</styleUrl>
        <Polygon>
          <outerBoundaryIs>
            <LinearRing>
              <tessellate>1</tessellate>
              <coordinates>
                2.6433201,48.5224949,0
                2.6436447,48.5226353,0
                2.643465,48.5227916,0
                2.6431377,48.5226477,0
                2.6433201,48.5224949,0
              </coordinates>
            </LinearRing>
          </outerBoundaryIs>
        </Polygon>
      </Placemark>
      <Placemark>
        <name>DLL 112</name>
        <styleUrl>#poly-000000-1200-77-nodesc</styleUrl>
        <Polygon>
          <outerBoundaryIs>
            <LinearRing>
              <tessellate>1</tessellate>
              <coordinates>
                2.6439451,48.5219262,0
                2.6442348,48.5221536,0
                2.6440711,48.5222406,0
                2.6439558,48.5221571,0
                2.6437385,48.5222708,0
                2.643583,48.5221571,0
                2.6439451,48.5219262,0
              </coordinates>
            </LinearRing>
          </outerBoundaryIs>
        </Polygon>
      </Placemark>
      <Placemark>
        <name>DLL 113</name>
        <styleUrl>#poly-000000-1200-77-nodesc</styleUrl>
        <Polygon>
          <outerBoundaryIs>
            <LinearRing>
              <tessellate>1</tessellate>
              <coordinates>
                2.644684,48.5224866,0
                2.6453036,48.5229929,0
                2.6451104,48.5231475,0
                2.6444399,48.5226039,0
                2.644684,48.5224866,0
              </coordinates>
            </LinearRing>
          </outerBoundaryIs>
        </Polygon>
      </Placemark>
      <Placemark>
        <name>DLL 114</name>
        <styleUrl>#poly-000000-1200-77-nodesc</styleUrl>
        <Polygon>
          <outerBoundaryIs>
            <LinearRing>
              <tessellate>1</tessellate>
              <coordinates>
                2.6432877,48.5163225,0
                2.6433574,48.516438,0
                2.6444276,48.5174259,0
                2.6438402,48.5176266,0
                2.6426735,48.5166779,0
                2.6428102,48.5164966,0
                2.6432877,48.5163225,0
              </coordinates>
            </LinearRing>
          </outerBoundaryIs>
        </Polygon>
      </Placemark>
      <Placemark>
        <name>DLL 115</name>
        <styleUrl>#poly-000000-1200-77-nodesc</styleUrl>
        <Polygon>
          <outerBoundaryIs>
            <LinearRing>
              <tessellate>1</tessellate>
              <coordinates>
                2.6444752,48.517464,0
                2.6449902,48.5174178,0
                2.6456366,48.5172917,0
                2.646165,48.5171709,0
                2.6470743,48.5168457,0
                2.6473304,48.5168031,0
                2.6476081,48.5170963,0
                2.6464976,48.5177998,0
                2.6459961,48.518061,0
                2.6452933,48.5181356,0
                2.6440756,48.5180681,0
                2.6438262,48.51783,0
                2.643853,48.5176701,0
                2.6442499,48.5175084,0
                2.6444752,48.517464,0
              </coordinates>
            </LinearRing>
          </outerBoundaryIs>
        </Polygon>
      </Placemark>
      <Placemark>
        <name>DLL 116</name>
        <styleUrl>#poly-000000-1200-77-nodesc</styleUrl>
        <Polygon>
          <outerBoundaryIs>
            <LinearRing>
              <tessellate>1</tessellate>
              <coordinates>
                2.6471113,48.5168204,0
                2.6474278,48.5167067,0
                2.6482164,48.5164367,0
                2.6483505,48.5163443,0
                2.6483747,48.5161702,0
                2.6483291,48.5158983,0
                2.6482325,48.5157509,0
                2.6478758,48.5155057,0
                2.6475298,48.5154488,0
                2.6472347,48.515463,0
                2.6469558,48.5155483,0
                2.6464462,48.5156976,0
                2.6467036,48.5155785,0
                2.6466902,48.5153493,0
                2.6475271,48.5151556,0
                2.648954,48.5151841,0
                2.6493563,48.5153902,0
                2.6495387,48.516108,0
                2.6491042,48.5164171,0
                2.6476263,48.5169928,0
                2.6473849,48.5167778,0
                2.6471113,48.5168204,0
              </coordinates>
            </LinearRing>
          </outerBoundaryIs>
        </Polygon>
      </Placemark>
      <Placemark>
        <name>DLL 117</name>
        <styleUrl>#poly-000000-1200-77-nodesc</styleUrl>
        <Polygon>
          <outerBoundaryIs>
            <LinearRing>
              <tessellate>1</tessellate>
              <coordinates>
                2.6470167,48.5168038,0
                2.6470623,48.5166475,0
                2.647073,48.5162655,0
                2.6472018,48.516182,0
                2.6471642,48.5161429,0
                2.6458956,48.5162122,0
                2.6450051,48.5164147,0
                2.6443023,48.5165853,0
                2.6439107,48.5161518,0
                2.6440985,48.5159759,0
                2.6442889,48.5158817,0
                2.6446027,48.5158053,0
                2.6450131,48.5157644,0
                2.6457078,48.5157715,0
                2.6461021,48.5157982,0
                2.6463328,48.515784,0
                2.6465044,48.5157325,0
                2.6472581,48.5155121,0
                2.6474781,48.5154908,0
                2.6477999,48.515537,0
                2.6481111,48.5157182,0
                2.6482505,48.5158675,0
                2.6483203,48.5161322,0
                2.6483015,48.5162921,0
                2.6481781,48.5163987,0
                2.6478375,48.5165213,0
                2.6470167,48.5168038,0
              </coordinates>
            </LinearRing>
          </outerBoundaryIs>
        </Polygon>
      </Placemark>
      <Placemark>
        <name>DLL 118</name>
        <styleUrl>#poly-000000-1200-77-nodesc</styleUrl>
        <MultiGeometry>
          <Polygon>
            <outerBoundaryIs>
              <LinearRing>
                <tessellate>1</tessellate>
                <coordinates>
                  2.6470067,48.5167872,0
                  2.6470171,48.5167826,0
                  2.6470167,48.5168038,0
                  2.6470067,48.5167872,0
                </coordinates>
              </LinearRing>
            </outerBoundaryIs>
          </Polygon>
          <Polygon>
            <outerBoundaryIs>
              <LinearRing>
                <tessellate>1</tessellate>
                <coordinates>
                  2.6470067,48.5167872,0
                  2.646655,48.5169425,0
                  2.6463036,48.5170758,0
                  2.6460032,48.5171717,0
                  2.6455285,48.5172659,0
                  2.6450886,48.5173583,0
                  2.6445092,48.5174187,0
                  2.6442705,48.5171842,0
                  2.6434041,48.5164077,0
                  2.6433612,48.5163118,0
                  2.6434149,48.5162461,0
                  2.6440211,48.516008,0
                  2.6438869,48.5161519,0
                  2.6442567,48.5166386,0
                  2.6445196,48.5165924,0
                  2.6468156,48.5163508,0
                  2.6470489,48.5165444,0
                  2.647006,48.516786,0
                  2.6470067,48.5167872,0
                </coordinates>
              </LinearRing>
            </outerBoundaryIs>
          </Polygon>
        </MultiGeometry>
      </Placemark>
      <Placemark>
        <name>DLL 119</name>
        <styleUrl>#poly-000000-1200-77-nodesc</styleUrl>
        <Polygon>
          <outerBoundaryIs>
            <LinearRing>
              <tessellate>1</tessellate>
              <coordinates>
                2.6464213,48.5157006,0
                2.6463114,48.5157255,0
                2.6461129,48.5157486,0
                2.6458581,48.5157397,0
                2.645555,48.5157202,0
                2.6452733,48.5157237,0
                2.6448683,48.5157309,0
                2.6445304,48.5157682,0
                2.6442756,48.5158321,0
                2.6441066,48.5159085,0
                2.6439054,48.5160098,0
                2.6434977,48.5161733,0
                2.6433448,48.5162372,0
                2.6432912,48.5163101,0
                2.6433743,48.515921,0
                2.6431893,48.5153648,0
                2.6433904,48.5151072,0
                2.643833,48.515045,0
                2.64412,48.5151356,0
                2.6442112,48.5154466,0
                2.6444124,48.5154572,0
                2.6443587,48.5151232,0
                2.644753,48.5149686,0
                2.6448308,48.514974,0
                2.6452318,48.5150761,0
                2.6453163,48.515491,0
                2.6456784,48.5154572,0
                2.6457213,48.5153222,0
                2.6460995,48.5151499,0
                2.6463516,48.5151765,0
                2.64666,48.5153524,0
                2.6466815,48.5155567,0
                2.6464213,48.5157006,0
              </coordinates>
            </LinearRing>
          </outerBoundaryIs>
        </Polygon>
      </Placemark>
      <Placemark>
        <name>DLL 120</name>
        <styleUrl>#poly-000000-1200-77-nodesc</styleUrl>
        <Polygon>
          <outerBoundaryIs>
            <LinearRing>
              <tessellate>1</tessellate>
              <coordinates>
                2.6450134,48.5190542,0
                2.6459415,48.5198537,0
                2.643329,48.5212892,0
                2.6429535,48.5209907,0
                2.6429427,48.5209303,0
                2.6428623,48.5208699,0
                2.6427174,48.5208415,0
                2.6426316,48.5207242,0
                2.6423473,48.5205324,0
                2.6433129,48.519939,0
                2.6450134,48.5190542,0
              </coordinates>
            </LinearRing>
          </outerBoundaryIs>
        </Polygon>
      </Placemark>
      <Placemark>
        <name>DLL 121</name>
        <styleUrl>#poly-000000-1200-77-nodesc</styleUrl>
        <Polygon>
          <outerBoundaryIs>
            <LinearRing>
              <tessellate>1</tessellate>
              <coordinates>
                2.6424248,48.5209664,0
                2.6420949,48.5208296,0
                2.6405231,48.5201545,0
                2.6404346,48.5201367,0
                2.6397319,48.5198542,0
                2.6396782,48.5198045,0
                2.6395682,48.5195238,0
                2.639528,48.51949,0
                2.6380394,48.5188451,0
                2.6386858,48.5181931,0
                2.6388816,48.5184312,0
                2.6391579,48.5186817,0
                2.6394341,48.518886,0
                2.6402173,48.5193745,0
                2.6413761,48.5200603,0
                2.6425053,48.5207549,0
                2.6425804,48.5208491,0
                2.6424758,48.5208971,0
                2.6424248,48.5209664,0
              </coordinates>
            </LinearRing>
          </outerBoundaryIs>
        </Polygon>
      </Placemark>
      <Placemark>
        <name>DLL 122</name>
        <styleUrl>#poly-000000-1200-77-nodesc</styleUrl>
        <Polygon>
          <outerBoundaryIs>
            <LinearRing>
              <tessellate>1</tessellate>
              <coordinates>
                2.634283,48.5163632,0
                2.6345003,48.5163472,0
                2.6345325,48.5165338,0
                2.6349455,48.5165072,0
                2.6349107,48.5163082,0
                2.6351467,48.5162335,0
                2.6352191,48.5166155,0
                2.6351252,48.5166688,0
                2.6343474,48.5167257,0
                2.634283,48.5163632,0
              </coordinates>
            </LinearRing>
          </outerBoundaryIs>
        </Polygon>
      </Placemark>
      <Placemark>
        <name>DLL 123</name>
        <styleUrl>#poly-000000-1200-77-nodesc</styleUrl>
        <Polygon>
          <outerBoundaryIs>
            <LinearRing>
              <tessellate>1</tessellate>
              <coordinates>
                2.6342254,48.5162904,0
                2.6342267,48.5163082,0
                2.633874,48.5163384,0
                2.6337962,48.5160141,0
                2.6341583,48.5159892,0
                2.6342254,48.5162904,0
              </coordinates>
            </LinearRing>
          </outerBoundaryIs>
        </Polygon>
      </Placemark>
      <Placemark>
        <name>DLL 124</name>
        <styleUrl>#poly-000000-1200-77-nodesc</styleUrl>
        <Polygon>
          <outerBoundaryIs>
            <LinearRing>
              <tessellate>1</tessellate>
              <coordinates>
                2.6338043,48.5160097,0
                2.634165,48.5159812,0
                2.6342401,48.5162993,0
                2.633882,48.5163304,0
                2.6338043,48.5160097,0
              </coordinates>
            </LinearRing>
          </outerBoundaryIs>
        </Polygon>
      </Placemark>
      <Placemark>
        <name>DLL 125</name>
        <styleUrl>#poly-000000-1200-77-nodesc</styleUrl>
        <Polygon>
          <outerBoundaryIs>
            <LinearRing>
              <tessellate>1</tessellate>
              <coordinates>
                2.6408729,48.5151989,0
                2.6409507,48.5151722,0
                2.6410124,48.5151118,0
                2.641176,48.5151314,0
                2.6432682,48.5149821,0
                2.6429892,48.5154156,0
                2.6431555,48.5162152,0
                2.6422221,48.5164781,0
                2.6408944,48.5152469,0
                2.6408729,48.5151989,0
              </coordinates>
            </LinearRing>
          </outerBoundaryIs>
        </Polygon>
      </Placemark>
      <Placemark>
        <name>DLL 126</name>
        <styleUrl>#poly-000000-1200-77-nodesc</styleUrl>
        <Polygon>
          <outerBoundaryIs>
            <LinearRing>
              <tessellate>1</tessellate>
              <coordinates>
                2.6459849,48.5199022,0
                2.6469988,48.5207976,0
                2.644397,48.5221442,0
                2.644,48.5217782,0
                2.6438391,48.5217143,0
                2.6438337,48.5216539,0
                2.6433939,48.5213092,0
                2.6459849,48.5199022,0
              </coordinates>
            </LinearRing>
          </outerBoundaryIs>
        </Polygon>
      </Placemark>
      <Placemark>
        <name>DLL 127</name>
        <styleUrl>#poly-000000-1200-77-nodesc</styleUrl>
        <Polygon>
          <outerBoundaryIs>
            <LinearRing>
              <tessellate>1</tessellate>
              <coordinates>
                2.6484632,48.5220305,0
                2.6484042,48.5221939,0
                2.6484793,48.5223005,0
                2.6483291,48.5224817,0
                2.6478141,48.5226274,0
                2.6476639,48.522432,0
                2.6474172,48.5224817,0
                2.6470309,48.522631,0
                2.6467681,48.5226949,0
                2.6466608,48.522567,0
                2.6467144,48.5223716,0
                2.6469022,48.5222792,0
                2.6468003,48.5221122,0
                2.6458615,48.5222686,0
                2.6457059,48.5223574,0
                2.6457918,48.5224533,0
                2.6454484,48.5226594,0
                2.6460117,48.5231248,0
                2.6457864,48.5232492,0
                2.6444614,48.5221691,0
                2.6470578,48.520826,0
                2.6484632,48.5220305,0
              </coordinates>
            </LinearRing>
          </outerBoundaryIs>
        </Polygon>
      </Placemark>
      <Placemark>
        <name>DLL 128</name>
        <styleUrl>#poly-000000-1200-77-nodesc</styleUrl>
        <Polygon>
          <outerBoundaryIs>
            <LinearRing>
              <tessellate>1</tessellate>
              <coordinates>
                2.6458205,48.5232615,0
                2.6460538,48.5231283,0
                2.6457346,48.5225172,0
                2.6458205,48.5224603,0
                2.6457346,48.5223644,0
                2.6458419,48.5222933,0
                2.646778,48.5221299,0
                2.6468692,48.5222667,0
                2.6466546,48.5223395,0
                2.6466332,48.5225722,0
                2.6467646,48.5227286,0
                2.6469577,48.5226682,0
                2.6470516,48.5227943,0
                2.6473198,48.5236594,0
                2.6465608,48.5238939,0
                2.6463113,48.5237003,0
                2.6461692,48.5235475,0
                2.6458205,48.5232615,0
              </coordinates>
            </LinearRing>
          </outerBoundaryIs>
        </Polygon>
      </Placemark>
      <Placemark>
        <name>DLL 129</name>
        <styleUrl>#poly-000000-1200-77-nodesc</styleUrl>
        <Polygon>
          <outerBoundaryIs>
            <LinearRing>
              <tessellate>1</tessellate>
              <coordinates>
                2.6526401,48.5255919,0
                2.6524122,48.5255528,0
                2.6521064,48.525631,0
                2.6514948,48.5255759,0
                2.6512856,48.5257251,0
                2.6514439,48.5261266,0
                2.6512964,48.5262563,0
                2.650827,48.5263362,0
                2.6501511,48.5253237,0
                2.6506473,48.5251656,0
                2.650709,48.525194,0
                2.6517416,48.5249151,0
                2.6519803,48.5250306,0
                2.6526401,48.5255919,0
              </coordinates>
            </LinearRing>
          </outerBoundaryIs>
        </Polygon>
      </Placemark>
      <Placemark>
        <name>DLL 130</name>
        <styleUrl>#poly-000000-1200-77-nodesc</styleUrl>
        <Polygon>
          <outerBoundaryIs>
            <LinearRing>
              <tessellate>1</tessellate>
              <coordinates>
                2.6505844,48.5238576,0
                2.6517807,48.5248613,0
                2.6512576,48.5250229,0
                2.6510618,48.5250229,0
                2.6506407,48.5251419,0
                2.6501553,48.525213,0
                2.6496242,48.5245628,0
                2.6496456,48.5242999,0
                2.6503672,48.5240654,0
                2.6505844,48.5238576,0
              </coordinates>
            </LinearRing>
          </outerBoundaryIs>
        </Polygon>
      </Placemark>
      <Placemark>
        <name>DLL 131</name>
        <styleUrl>#poly-000000-1200-77-nodesc</styleUrl>
        <Polygon>
          <outerBoundaryIs>
            <LinearRing>
              <tessellate>1</tessellate>
              <coordinates>
                2.6503323,48.5236373,0
                2.6493828,48.523934,0
                2.6491065,48.5235218,0
                2.6488061,48.5234543,0
                2.6484735,48.5231132,0
                2.6476823,48.5230813,0
                2.6474784,48.5228077,0
                2.6483743,48.5225092,0
                2.6485164,48.5223103,0
                2.6484467,48.5222072,0
                2.6484842,48.5220456,0
                2.6498361,48.523195,0
                2.6503323,48.5236373,0
              </coordinates>
            </LinearRing>
          </outerBoundaryIs>
        </Polygon>
      </Placemark>
      <Placemark>
        <name>DLL 132</name>
        <styleUrl>#poly-000000-1200-77-nodesc</styleUrl>
        <Polygon>
          <outerBoundaryIs>
            <LinearRing>
              <tessellate>1</tessellate>
              <coordinates>
                2.6468957,48.5241092,0
                2.648564,48.523253,0
                2.6487947,48.5235017,0
                2.6490898,48.5235399,0
                2.6496061,48.5242753,0
                2.6495927,48.5244405,0
                2.6486271,48.524707,0
                2.6483991,48.5247798,0
                2.6478841,48.5250783,0
                2.6476534,48.5248474,0
                2.6474979,48.5246892,0
                2.646881,48.5241528,0
                2.6468957,48.5241092,0
              </coordinates>
            </LinearRing>
          </outerBoundaryIs>
        </Polygon>
      </Placemark>
      <Placemark>
        <name>DLL 133</name>
        <styleUrl>#poly-000000-1200-77-nodesc</styleUrl>
        <Polygon>
          <outerBoundaryIs>
            <LinearRing>
              <tessellate>1</tessellate>
              <coordinates>
                2.6479029,48.5250878,0
                2.6484152,48.5247876,0
                2.6485654,48.5247343,0
                2.649362,48.5245087,0
                2.6497215,48.5249812,0
                2.648257,48.5254573,0
                2.6479029,48.5250878,0
              </coordinates>
            </LinearRing>
          </outerBoundaryIs>
        </Polygon>
      </Placemark>
      <Placemark>
        <name>DLL 134</name>
        <styleUrl>#poly-000000-1200-77-nodesc</styleUrl>
        <Polygon>
          <outerBoundaryIs>
            <LinearRing>
              <tessellate>1</tessellate>
              <coordinates>
                2.6495685,48.5270305,0
                2.6492252,48.5265793,0
                2.6482542,48.5254744,0
                2.6498046,48.5249699,0
                2.6507058,48.5263022,0
                2.6502981,48.5263946,0
                2.6505127,48.5267818,0
                2.6495685,48.5270305,0
              </coordinates>
            </LinearRing>
          </outerBoundaryIs>
        </Polygon>
      </Placemark>
      <Placemark>
        <name>DLL 135</name>
        <styleUrl>#poly-000000-1200-77-nodesc</styleUrl>
        <Polygon>
          <outerBoundaryIs>
            <LinearRing>
              <tessellate>1</tessellate>
              <coordinates>
                2.6496775,48.522941,0
                2.6499457,48.5228806,0
                2.65023,48.5228806,0
                2.6516248,48.524014,0
                2.6516784,48.5242982,0
                2.6519252,48.5248666,0
                2.6496775,48.522941,0
              </coordinates>
            </LinearRing>
          </outerBoundaryIs>
        </Polygon>
      </Placemark>
      <Placemark>
        <name>DLL 136</name>
        <styleUrl>#poly-000000-1200-77-nodesc</styleUrl>
        <Polygon>
          <outerBoundaryIs>
            <LinearRing>
              <tessellate>1</tessellate>
              <coordinates>
                2.6519413,48.5248862,0
                2.6517079,48.5242822,0
                2.6516435,48.5239926,0
                2.6502515,48.5228593,0
                2.6499323,48.5228664,0
                2.6497177,48.5229161,0
                2.6501656,48.5226727,0
                2.650796,48.522376,0
                2.6508603,48.5223014,0
                2.6507745,48.5219124,0
                2.6506726,48.5215962,0
                2.6509006,48.5215002,0
                2.6509944,48.5214682,0
                2.6514504,48.521438,0
                2.651496,48.5215731,0
                2.6517186,48.5231453,0
                2.6518725,48.5241412,0
                2.6518698,48.5243419,0
                2.6519422,48.5247203,0
                2.6519413,48.5248862,0
              </coordinates>
            </LinearRing>
          </outerBoundaryIs>
        </Polygon>
      </Placemark>
      <Placemark>
        <name>DLL 137</name>
        <styleUrl>#poly-000000-1200-77-nodesc</styleUrl>
        <Polygon>
          <outerBoundaryIs>
            <LinearRing>
              <tessellate>1</tessellate>
              <coordinates>
                2.6485304,48.5219669,0
                2.6496248,48.5214268,0
                2.6498072,48.5214019,0
                2.6512287,48.5206558,0
                2.6513253,48.5206273,0
                2.6514379,48.521393,0
                2.6510463,48.5214161,0
                2.6508934,48.5214481,0
                2.6506252,48.5215725,0
                2.6507888,48.5222671,0
                2.6507406,48.5223559,0
                2.6503651,48.5225336,0
                2.6496409,48.522896,0
                2.6485304,48.5219669,0
              </coordinates>
            </LinearRing>
          </outerBoundaryIs>
        </Polygon>
      </Placemark>
      <Placemark>
        <name>DLL 138</name>
        <styleUrl>#poly-000000-1200-77-nodesc</styleUrl>
        <Polygon>
          <outerBoundaryIs>
            <LinearRing>
              <tessellate>1</tessellate>
              <coordinates>
                2.646892,48.5205572,0
                2.6458459,48.5196333,0
                2.6489573,48.5190328,0
                2.6496386,48.5188943,0
                2.6510709,48.5187024,0
                2.6513123,48.5205714,0
                2.6497888,48.5213744,0
                2.6496654,48.5213744,0
                2.6495689,48.5214099,0
                2.6484906,48.5219251,0
                2.6469564,48.5205962,0
                2.6478201,48.5210048,0
                2.6490968,48.5207455,0
                2.6495742,48.5208272,0
                2.6512372,48.5200881,0
                2.6495849,48.5189156,0
                2.6491236,48.5190009,0
                2.6492953,48.5193775,0
                2.6482117,48.5196653,0
                2.6473265,48.5197399,0
                2.6466238,48.5200597,0
                2.646892,48.5205572,0
              </coordinates>
            </LinearRing>
          </outerBoundaryIs>
        </Polygon>
      </Placemark>
      <Placemark>
        <name>DLL 139</name>
        <styleUrl>#poly-000000-1200-77-nodesc</styleUrl>
        <Polygon>
          <outerBoundaryIs>
            <LinearRing>
              <tessellate>1</tessellate>
              <coordinates>
                2.6527816,48.5255682,0
                2.6526904,48.5255184,0
                2.6520413,48.5249464,0
                2.651934,48.5243034,0
                2.651934,48.5241435,0
                2.6517891,48.5230457,0
                2.651419,48.5207575,0
                2.6520413,48.5211235,0
                2.6520466,48.5213473,0
                2.6525294,48.5217808,0
                2.6523256,48.522431,0
                2.6522344,48.5228041,0
                2.6524651,48.5228645,0
                2.6525455,48.52317,0
                2.6524114,48.5245592,0
                2.652567,48.5248257,0
                2.6527816,48.5255682,0
              </coordinates>
            </LinearRing>
          </outerBoundaryIs>
        </Polygon>
      </Placemark>
      <Placemark>
        <name>DLL 140</name>
        <styleUrl>#poly-000000-1200-77-nodesc</styleUrl>
        <Polygon>
          <outerBoundaryIs>
            <LinearRing>
              <tessellate>1</tessellate>
              <coordinates>
                2.6527816,48.5255682,0
                2.6526014,48.5248311,0
                2.6524405,48.5245557,0
                2.6525961,48.5231417,0
                2.6525317,48.5228788,0
                2.6522972,48.5227687,0
                2.6525815,48.5217525,0
                2.6520879,48.5213368,0
                2.6520772,48.5211272,0
                2.6514117,48.5207385,0
                2.6512262,48.5194393,0
                2.6539782,48.5185084,0
                2.6547131,48.5187038,0
                2.6530394,48.5240618,0
                2.6527926,48.5249074,0
                2.6527816,48.5255682,0
              </coordinates>
            </LinearRing>
          </outerBoundaryIs>
        </Polygon>
      </Placemark>
      <Placemark>
        <name>DLL 141</name>
        <styleUrl>#poly-000000-1200-77-nodesc</styleUrl>
        <Polygon>
          <outerBoundaryIs>
            <LinearRing>
              <tessellate>1</tessellate>
              <coordinates>
                2.6441023,48.5241391,0
                2.6453386,48.5230198,0
                2.6462237,48.5237446,0
                2.6466931,48.5241283,0
                2.6479269,48.5252865,0
                2.6489303,48.5264058,0
                2.6498047,48.5274325,0
                2.6497939,48.5275142,0
                2.6478306,48.526086,0
                2.6472297,48.5258799,0
                2.6469615,48.5255886,0
                2.6464143,48.5254394,0
                2.6456184,48.5248194,0
                2.6456807,48.5243274,0
                2.6452583,48.5240822,0
                2.6448211,48.5243451,0
                2.6441023,48.5241391,0
              </coordinates>
            </LinearRing>
          </outerBoundaryIs>
        </Polygon>
      </Placemark>
      <Placemark>
        <name>DLL 142</name>
        <styleUrl>#poly-000000-1200-77-nodesc</styleUrl>
        <Polygon>
          <outerBoundaryIs>
            <LinearRing>
              <tessellate>1</tessellate>
              <coordinates>
                2.6430919,48.5250931,0
                2.643859,48.524816,0
                2.6446154,48.5253205,0
                2.645361,48.5247875,0
                2.6464125,48.5254874,0
                2.6469435,48.5256118,0
                2.6472171,48.5259244,0
                2.6478233,48.5261198,0
                2.6497625,48.527516,0
                2.6491859,48.5273473,0
                2.6477562,48.5268339,0
                2.6476329,48.5267664,0
                2.6447093,48.5257326,0
                2.6445269,48.5257006,0
                2.6437598,48.5254057,0
                2.6430919,48.5250931,0
              </coordinates>
            </LinearRing>
          </outerBoundaryIs>
        </Polygon>
      </Placemark>
      <Placemark>
        <name>DLL 143</name>
        <styleUrl>#poly-000000-1200-77-nodesc</styleUrl>
        <Polygon>
          <outerBoundaryIs>
            <LinearRing>
              <tessellate>1</tessellate>
              <coordinates>
                2.643108,48.5250669,0
                2.6435854,48.5246192,0
                2.6440602,48.5241662,0
                2.6441219,48.5241556,0
                2.6448112,48.5243812,0
                2.6452645,48.5241129,0
                2.6456427,48.5243439,0
                2.645471,48.5246707,0
                2.64461,48.5252925,0
                2.6438697,48.5247809,0
                2.643108,48.5250669,0
              </coordinates>
            </LinearRing>
          </outerBoundaryIs>
        </Polygon>
      </Placemark>
      <Placemark>
        <name>DLL 144</name>
        <styleUrl>#poly-000000-1200-77-nodesc</styleUrl>
        <Polygon>
          <outerBoundaryIs>
            <LinearRing>
              <tessellate>1</tessellate>
              <coordinates>
                2.6428528,48.5252286,0
                2.6434046,48.5253497,0
                2.6445426,48.5257757,0
                2.6446982,48.5258787,0
                2.6475145,48.5268628,0
                2.6476701,48.5268841,0
                2.6491024,48.5273993,0
                2.649215,48.5274597,0
                2.6500733,48.5277687,0
                2.6503791,48.5278469,0
                2.6508136,48.5278398,0
                2.6509316,48.5278185,0
                2.6505937,48.528092,0
                2.6500304,48.5281844,0
                2.6487483,48.5282093,0
                2.6476218,48.5280103,0
                2.6465006,48.5276799,0
                2.6459803,48.5274916,0
                2.6447089,48.5267562,0
                2.6427884,48.5253245,0
                2.6428528,48.5252286,0
              </coordinates>
            </LinearRing>
          </outerBoundaryIs>
        </Polygon>
      </Placemark>
      <Placemark>
        <name>DLL 145</name>
        <styleUrl>#poly-000000-1200-77-nodesc</styleUrl>
        <Polygon>
          <outerBoundaryIs>
            <LinearRing>
              <tessellate>1</tessellate>
              <coordinates>
                2.6372681,48.5292545,0
                2.643205,48.5175129,0
                2.6427065,48.5253688,0
                2.644584,48.5267544,0
                2.6456784,48.5273868,0
                2.6459477,48.5275422,0
                2.6461677,48.5276239,0
                2.6476053,48.5280502,0
                2.6485012,48.5281923,0
                2.6485173,48.5285866,0
                2.647895,48.5287287,0
                2.6467524,48.5290272,0
                2.6455186,48.5294393,0
                2.6437698,48.5298442,0
                2.6422141,48.530505,0
                2.6401864,48.5314997,0
                2.6398859,48.5312368,0
                2.6398323,48.5310734,0
                2.6395748,48.5308318,0
                2.63921,48.5305192,0
                2.6386843,48.5300716,0
                2.6382981,48.5298087,0
                2.6372681,48.5292545,0
              </coordinates>
            </LinearRing>
          </outerBoundaryIs>
        </Polygon>
      </Placemark>
      <Placemark>
        <name>DLL 146</name>
        <styleUrl>#poly-000000-1200-77-nodesc</styleUrl>
        <Polygon>
          <outerBoundaryIs>
            <LinearRing>
              <tessellate>1</tessellate>
              <coordinates>
                2.6254218,48.5159978,0
                2.6259314,48.5161435,0
                2.6261943,48.5162429,0
                2.6267575,48.5165379,0
                2.6275568,48.5171135,0
                2.6276266,48.5172379,0
                2.6281523,48.5178953,0
                2.6280638,48.5178882,0
                2.6279753,48.517913,0
                2.6277312,48.5181778,0
                2.6275998,48.518343,0
                2.6273262,48.5185242,0
                2.6261675,48.5181191,0
                2.6256954,48.5178313,0
                2.6248639,48.5173587,0
                2.6254218,48.5159978,0
              </coordinates>
            </LinearRing>
          </outerBoundaryIs>
        </Polygon>
      </Placemark>
      <Placemark>
        <name>DLL 147</name>
        <styleUrl>#poly-000000-1200-77-nodesc</styleUrl>
        <Polygon>
          <outerBoundaryIs>
            <LinearRing>
              <tessellate>1</tessellate>
              <coordinates>
                2.6234878,48.5155074,0
                2.6245607,48.515781,0
                2.624212,48.5161896,0
                2.6234663,48.5167688,0
                2.6229514,48.516815,0
                2.6226831,48.5172947,0
                2.6209182,48.5174298,0
                2.6204462,48.5171028,0
                2.6195557,48.5172166,0
                2.6194055,48.5172379,0
                2.6186008,48.5173693,0
                2.6181448,48.5175683,0
                2.6178552,48.5177567,0
                2.6166321,48.5172876,0
                2.615189,48.5168683,0
                2.6129735,48.5164455,0
                2.6127965,48.51598,0
                2.6135046,48.5151378,0
                2.6153661,48.5158627,0
                2.6193947,48.5161647,0
                2.6206768,48.5160368,0
                2.6208968,48.5159444,0
                2.6211704,48.5159338,0
                2.6213152,48.5160155,0
                2.6221681,48.5160084,0
                2.6227743,48.5157099,0
                2.6231713,48.5156744,0
                2.6234878,48.5155074,0
              </coordinates>
            </LinearRing>
          </outerBoundaryIs>
        </Polygon>
      </Placemark>
      <Placemark>
        <name>DLL 148</name>
        <styleUrl>#poly-000000-1200-77-nodesc</styleUrl>
        <Polygon>
          <outerBoundaryIs>
            <LinearRing>
              <tessellate>1</tessellate>
              <coordinates>
                2.6234288,48.5154931,0
                2.6231498,48.5156495,0
                2.6227582,48.515685,0
                2.6221574,48.5159835,0
                2.6213313,48.5159942,0
                2.6211865,48.5159124,0
                2.6209129,48.5158805,0
                2.62065,48.5154505,0
                2.6206607,48.5150063,0
                2.6207412,48.5148962,0
                2.6213313,48.5150418,0
                2.6227851,48.5152835,0
                2.6228977,48.5153368,0
                2.6234288,48.5154931,0
              </coordinates>
            </LinearRing>
          </outerBoundaryIs>
        </Polygon>
      </Placemark>
      <Placemark>
        <name>DLL 149</name>
        <styleUrl>#poly-000000-1200-77-nodesc</styleUrl>
        <Polygon>
          <outerBoundaryIs>
            <LinearRing>
              <tessellate>1</tessellate>
              <coordinates>
                2.6198288,48.5145408,0
                2.6196732,48.5146758,0
                2.6195391,48.5152018,0
                2.6195605,48.5155287,0
                2.6189342,48.5158838,0
                2.6155868,48.5155675,0
                2.6151201,48.5149386,0
                2.6149807,48.5145583,0
                2.6139453,48.5144375,0
                2.6136557,48.5145121,0
                2.6134733,48.5145441,0
                2.6127866,48.5144197,0
                2.6121214,48.5142741,0
                2.6116923,48.5142421,0
                2.6112256,48.5140928,0
                2.6106248,48.5139756,0
                2.610099,48.5141781,0
                2.609863,48.5138085,0
                2.6099059,48.5129343,0
                2.6104585,48.5128952,0
                2.6109091,48.5128384,0
                2.6111505,48.5127851,0
                2.6113007,48.5126962,0
                2.6122341,48.5128704,0
                2.612674,48.5130019,0
                2.6129476,48.5130552,0
                2.613205,48.5131405,0
                2.6138917,48.5132577,0
                2.6150558,48.5132293,0
                2.615898,48.513279,0
                2.617105,48.5134674,0
                2.6178345,48.5135918,0
                2.61821,48.5135953,0
                2.618843,48.5139933,0
                2.6193366,48.5142847,0
                2.6198288,48.5145408,0
              </coordinates>
            </LinearRing>
          </outerBoundaryIs>
        </Polygon>
      </Placemark>
      <Placemark>
        <name>DLL 150</name>
        <styleUrl>#poly-000000-1200-77-nodesc</styleUrl>
        <Polygon>
          <outerBoundaryIs>
            <LinearRing>
              <tessellate>1</tessellate>
              <coordinates>
                2.6178931,48.5133867,0
                2.6178448,48.5134294,0
                2.6175658,48.5134791,0
                2.6165091,48.5132908,0
                2.615581,48.51317,0
                2.6149695,48.5131451,0
                2.6139288,48.5131771,0
                2.6132636,48.5130705,0
                2.6129632,48.5129781,0
                2.6126896,48.5129212,0
                2.6123033,48.5128004,0
                2.6113431,48.5126191,0
                2.6110266,48.5127435,0
                2.6108228,48.5127719,0
                2.610399,48.5128181,0
                2.6098786,48.5128608,0
                2.6097606,48.5129603,0
                2.6093368,48.5131167,0
                2.6083659,48.5134507,0
                2.6081459,48.5135431,0
                2.607647,48.5136142,0
                2.6072662,48.5116063,0
                2.6061343,48.5113149,0
                2.6064025,48.5110484,0
                2.6062952,48.5108849,0
                2.6070999,48.5107676,0
                2.606837,48.5102097,0
                2.6075934,48.5100889,0
                2.6077972,48.5105366,0
                2.6079689,48.5107499,0
                2.6081835,48.5112794,0
                2.6081513,48.511418,0
                2.6082747,48.5120363,0
                2.6105814,48.5125836,0
                2.6108871,48.512445,0
                2.6115899,48.5121927,0
                2.6119386,48.5121785,0
                2.6128022,48.5121572,0
                2.6140736,48.512246,0
                2.6149158,48.5121963,0
                2.6160423,48.5120737,0
                2.6165171,48.5120053,0
                2.6166002,48.5119724,0
                2.6178931,48.5133867,0
              </coordinates>
            </LinearRing>
          </outerBoundaryIs>
        </Polygon>
      </Placemark>
      <Placemark>
        <name>DLL 151</name>
        <styleUrl>#poly-000000-1200-77-nodesc</styleUrl>
        <Polygon>
          <outerBoundaryIs>
            <LinearRing>
              <tessellate>1</tessellate>
              <coordinates>
                2.610638,48.507483,0
                2.6113944,48.5080018,0
                2.6148008,48.5103936,0
                2.6158415,48.5112394,0
                2.6165925,48.5119289,0
                2.6165442,48.5119609,0
                2.6158468,48.5120497,0
                2.6155035,48.5118045,0
                2.6154928,48.5117228,0
                2.6149295,48.5115877,0
                2.6148813,48.5110902,0
                2.6138352,48.5111186,0
                2.6136474,48.5099387,0
                2.6128803,48.5098748,0
                2.6119791,48.5096864,0
                2.6112093,48.5094394,0
                2.6110269,48.5093097,0
                2.6110001,48.5092386,0
                2.6107587,48.5090236,0
                2.6101472,48.5087269,0
                2.6097153,48.5079663,0
                2.6097824,48.5079308,0
                2.6102008,48.5077655,0
                2.610638,48.507483,0
              </coordinates>
            </LinearRing>
          </outerBoundaryIs>
        </Polygon>
      </Placemark>
      <Placemark>
        <name>DLL 152</name>
        <styleUrl>#poly-000000-1200-77-nodesc</styleUrl>
        <Polygon>
          <outerBoundaryIs>
            <LinearRing>
              <tessellate>1</tessellate>
              <coordinates>
                2.6157557,48.5120568,0
                2.6147632,48.5121705,0
                2.6140498,48.5122025,0
                2.6131539,48.5121385,0
                2.6127891,48.5121208,0
                2.6115929,48.5121599,0
                2.61133,48.5122203,0
                2.6108311,48.5124086,0
                2.6104771,48.5124335,0
                2.6083045,48.5118827,0
                2.6082079,48.5114136,0
                2.6082562,48.5112856,0
                2.6076607,48.5100027,0
                2.6067542,48.510184,0
                2.6070385,48.5107455,0
                2.6062499,48.5108627,0
                2.6059388,48.5112679,0
                2.6025914,48.510415,0
                2.6021461,48.508837,0
                2.6035141,48.5083253,0
                2.6043348,48.5080196,0
                2.6051395,48.5074296,0
                2.6055418,48.5069108,0
                2.6057403,48.5066051,0
                2.6060514,48.5063599,0
                2.6064859,48.5061253,0
                2.6066361,48.5060826,0
                2.6073657,48.506996,0
                2.6075696,48.506797,0
                2.6089428,48.506367,0
                2.6092433,48.5065091,0
                2.6105897,48.5074368,0
                2.6101498,48.5077317,0
                2.609667,48.5079414,0
                2.6101177,48.5087588,0
                2.610756,48.5090645,0
                2.6109599,48.5092706,0
                2.610976,48.5093381,0
                2.6112174,48.5095016,0
                2.6119576,48.5097326,0
                2.6129018,48.509921,0
                2.6135992,48.5099743,0
                2.6137869,48.5111435,0
                2.6148383,48.5111257,0
                2.614892,48.5116161,0
                2.6154552,48.5117512,0
                2.6154552,48.5118471,0
                2.6157557,48.5120568,0
              </coordinates>
            </LinearRing>
          </outerBoundaryIs>
        </Polygon>
      </Placemark>
      <Placemark>
        <name>DLL 153</name>
        <styleUrl>#poly-000000-1200-77-nodesc</styleUrl>
        <Polygon>
          <outerBoundaryIs>
            <LinearRing>
              <tessellate>1</tessellate>
              <coordinates>
                2.6453612,48.5288954,0
                2.6454658,48.5290233,0
                2.6447979,48.5292738,0
                2.644688,48.529137,0
                2.6453612,48.5288954,0
              </coordinates>
            </LinearRing>
          </outerBoundaryIs>
        </Polygon>
      </Placemark>
      <Placemark>
        <name>DLL 154</name>
        <styleUrl>#poly-000000-1200-77-nodesc</styleUrl>
        <Polygon>
          <outerBoundaryIs>
            <LinearRing>
              <tessellate>1</tessellate>
              <coordinates>
                2.6452829,48.5261112,0
                2.6453178,48.5260775,0
                2.6461305,48.5263741,0
                2.6456316,48.5269337,0
                2.6452775,48.5268004,0
                2.6451703,48.52682,0
                2.6447787,48.5266796,0
                2.6452829,48.5261112,0
              </coordinates>
            </LinearRing>
          </outerBoundaryIs>
        </Polygon>
      </Placemark>
      <Placemark>
        <name>DLL 155</name>
        <styleUrl>#poly-000000-1200-77-nodesc</styleUrl>
        <Polygon>
          <outerBoundaryIs>
            <LinearRing>
              <tessellate>1</tessellate>
              <coordinates>
                2.6281722,48.5179159,0
                2.6287918,48.5187101,0
                2.6275472,48.5201101,0
                2.6270269,48.5198223,0
                2.6269464,48.5198116,0
                2.6266674,48.5195949,0
                2.6265387,48.5194421,0
                2.627633,48.5183441,0
                2.6279925,48.5179213,0
                2.6280649,48.5179017,0
                2.6281722,48.5179159,0
              </coordinates>
            </LinearRing>
          </outerBoundaryIs>
        </Polygon>
      </Placemark>
      <Placemark>
        <name>DLL 156</name>
        <styleUrl>#poly-000000-1200-77-nodesc</styleUrl>
        <Polygon>
          <outerBoundaryIs>
            <LinearRing>
              <tessellate>1</tessellate>
              <coordinates>
                2.6266378,48.5206632,0
                2.6269704,48.5207911,0
                2.6266861,48.5211517,0
                2.6264473,48.521253,0
                2.6259216,48.5210771,0
                2.6260906,48.5208586,0
                2.6263749,48.5209581,0
                2.6266378,48.5206632,0
              </coordinates>
            </LinearRing>
          </outerBoundaryIs>
        </Polygon>
      </Placemark>
      <Placemark>
        <name>DLL 157</name>
        <styleUrl>#poly-000000-1200-77-nodesc</styleUrl>
        <Polygon>
          <outerBoundaryIs>
            <LinearRing>
              <tessellate>1</tessellate>
              <coordinates>
                2.6254898,48.520887,0
                2.6260987,48.5202759,0
                2.6263857,48.5203931,0
                2.6258465,48.5210487,0
                2.6254898,48.520887,0
              </coordinates>
            </LinearRing>
          </outerBoundaryIs>
        </Polygon>
      </Placemark>
      <Placemark>
        <name>DLL 158</name>
        <styleUrl>#poly-000000-1200-77-nodesc</styleUrl>
        <Polygon>
          <outerBoundaryIs>
            <LinearRing>
              <tessellate>1</tessellate>
              <coordinates>
                2.6254683,48.5208781,0
                2.6251653,48.5207484,0
                2.6257795,48.520148,0
                2.6260772,48.5202723,0
                2.6254683,48.5208781,0
              </coordinates>
            </LinearRing>
          </outerBoundaryIs>
        </Polygon>
      </Placemark>
    </Folder>
    <Folder>
      <name>Melun</name>
      <Placemark>
        <name>M 001</name>
        <styleUrl>#poly-000000-1200-77-nodesc</styleUrl>
        <Polygon>
          <outerBoundaryIs>
            <LinearRing>
              <tessellate>1</tessellate>
              <coordinates>
                2.6537228,48.5267453,0
                2.6542887,48.526589,0
                2.6543182,48.5265108,0
                2.654227,48.526406,0
                2.6542539,48.526358,0
                2.6546589,48.5259868,0
                2.6547849,48.5260241,0
                2.6548574,48.5262657,0
                2.6549539,48.5264184,0
                2.654734,48.5264628,0
                2.6547688,48.526541,0
                2.6549217,48.5268909,0
                2.6543048,48.5270917,0
                2.653822,48.5271929,0
                2.6537228,48.5267453,0
              </coordinates>
            </LinearRing>
          </outerBoundaryIs>
        </Polygon>
      </Placemark>
      <Placemark>
        <name>M 002</name>
        <styleUrl>#poly-000000-1200-77-nodesc</styleUrl>
        <Polygon>
          <outerBoundaryIs>
            <LinearRing>
              <tessellate>1</tessellate>
              <coordinates>
                2.6538394,48.5263081,0
                2.6538367,48.5258587,0
                2.6538796,48.525745,0
                2.6547942,48.5256704,0
                2.6547594,48.5258267,0
                2.6542068,48.5263348,0
                2.6538394,48.5263081,0
              </coordinates>
            </LinearRing>
          </outerBoundaryIs>
        </Polygon>
      </Placemark>
      <Placemark>
        <name>M 003</name>
        <styleUrl>#poly-000000-1200-77-nodesc</styleUrl>
        <Polygon>
          <outerBoundaryIs>
            <LinearRing>
              <tessellate>1</tessellate>
              <coordinates>
                2.6548689,48.5256633,0
                2.655046,48.5256438,0
                2.6554778,48.5255603,0
                2.6559016,48.5254324,0
                2.6562074,48.525324,0
                2.6566285,48.5251038,0
                2.656768,48.5250203,0
                2.657586,48.525523,0
                2.6552176,48.526349,0
                2.6550165,48.5263987,0
                2.6548985,48.5261856,0
                2.6548555,48.5260595,0
                2.6548207,48.5258463,0
                2.6548689,48.5256633,0
              </coordinates>
            </LinearRing>
          </outerBoundaryIs>
        </Polygon>
      </Placemark>
      <Placemark>
        <name>M 004</name>
        <styleUrl>#poly-000000-1200-77-nodesc</styleUrl>
        <Polygon>
          <outerBoundaryIs>
            <LinearRing>
              <tessellate>1</tessellate>
              <coordinates>
                2.6541677,48.5282948,0
                2.6551118,48.5281065,0
                2.6554015,48.5281242,0
                2.6557985,48.5280674,0
                2.6565924,48.5288348,0
                2.6547122,48.5294049,0
                2.6541677,48.5282948,0
              </coordinates>
            </LinearRing>
          </outerBoundaryIs>
        </Polygon>
      </Placemark>
      <Placemark>
        <name>M 005</name>
        <styleUrl>#poly-000000-1200-77-nodesc</styleUrl>
        <Polygon>
          <outerBoundaryIs>
            <LinearRing>
              <tessellate>1</tessellate>
              <coordinates>
                2.654739,48.5294493,0
                2.6566353,48.5288738,0
                2.6573568,48.5295861,0
                2.6566166,48.5297389,0
                2.6564181,48.5293303,0
                2.655592,48.5295328,0
                2.6548678,48.5297087,0
                2.654739,48.5294493,0
              </coordinates>
            </LinearRing>
          </outerBoundaryIs>
        </Polygon>
      </Placemark>
      <Placemark>
        <name>M 006</name>
        <styleUrl>#poly-000000-1200-77-nodesc</styleUrl>
        <Polygon>
          <outerBoundaryIs>
            <LinearRing>
              <tessellate>1</tessellate>
              <coordinates>
                2.655628,48.5295463,0
                2.6564045,48.5293438,0
                2.656595,48.5297488,0
                2.6558144,48.5299078,0
                2.655628,48.5295463,0
              </coordinates>
            </LinearRing>
          </outerBoundaryIs>
        </Polygon>
      </Placemark>
      <Placemark>
        <name>M 007</name>
        <styleUrl>#poly-000000-1200-77-nodesc</styleUrl>
        <Polygon>
          <outerBoundaryIs>
            <LinearRing>
              <tessellate>1</tessellate>
              <coordinates>
                2.6559332,48.5280555,0
                2.6564804,48.5279098,0
                2.6585564,48.5283823,0
                2.6570008,48.5290786,0
                2.6559332,48.5280555,0
              </coordinates>
            </LinearRing>
          </outerBoundaryIs>
        </Polygon>
      </Placemark>
      <Placemark>
        <name>M 008</name>
        <styleUrl>#poly-000000-1200-77-nodesc</styleUrl>
        <Polygon>
          <outerBoundaryIs>
            <LinearRing>
              <tessellate>1</tessellate>
              <coordinates>
                2.6570309,48.5291196,0
                2.6586349,48.5284091,0
                2.6605285,48.5288318,0
                2.6599384,48.5294748,0
                2.6578463,48.5299189,0
                2.6570309,48.5291196,0
              </coordinates>
            </LinearRing>
          </outerBoundaryIs>
        </Polygon>
      </Placemark>
      <Placemark>
        <name>M 009</name>
        <styleUrl>#poly-000000-1200-77-nodesc</styleUrl>
        <Polygon>
          <outerBoundaryIs>
            <LinearRing>
              <tessellate>1</tessellate>
              <coordinates>
                2.6579177,48.5299804,0
                2.6598864,48.5295434,0
                2.6590174,48.5310639,0
                2.6579177,48.5299804,0
              </coordinates>
            </LinearRing>
          </outerBoundaryIs>
        </Polygon>
      </Placemark>
      <Placemark>
        <name>M 010</name>
        <styleUrl>#poly-000000-1200-77-nodesc</styleUrl>
        <Polygon>
          <outerBoundaryIs>
            <LinearRing>
              <tessellate>1</tessellate>
              <coordinates>
                2.659026,48.5312146,0
                2.659026,48.5311862,0
                2.6595464,48.531751,0
                2.6585539,48.5320672,0
                2.659026,48.5312146,0
              </coordinates>
            </LinearRing>
          </outerBoundaryIs>
        </Polygon>
      </Placemark>
      <Placemark>
        <name>M 011</name>
        <styleUrl>#poly-000000-1200-77-nodesc</styleUrl>
        <Polygon>
          <outerBoundaryIs>
            <LinearRing>
              <tessellate>1</tessellate>
              <coordinates>
                2.6599897,48.5295737,0
                2.6600246,48.5295382,0
                2.6619558,48.5308722,0
                2.6616956,48.5309183,0
                2.6609634,48.5305045,0
                2.6607247,48.5306164,0
                2.6608212,48.5308118,0
                2.6605208,48.5309432,0
                2.6599549,48.5308384,0
                2.6595096,48.5310391,0
                2.6596303,48.5311599,0
                2.6596625,48.5317052,0
                2.6590885,48.5311368,0
                2.6599897,48.5295737,0
              </coordinates>
            </LinearRing>
          </outerBoundaryIs>
        </Polygon>
      </Placemark>
      <Placemark>
        <name>M 012</name>
        <styleUrl>#poly-000000-1200-77-nodesc</styleUrl>
        <Polygon>
          <outerBoundaryIs>
            <LinearRing>
              <tessellate>1</tessellate>
              <coordinates>
                2.6605254,48.531427,0
                2.6596858,48.5316988,0
                2.6596697,48.5311535,0
                2.6595598,48.5310416,0
                2.6599326,48.5308675,0
                2.6605254,48.531427,0
              </coordinates>
            </LinearRing>
          </outerBoundaryIs>
        </Polygon>
      </Placemark>
      <Placemark>
        <name>M 013</name>
        <styleUrl>#poly-000000-1200-77-nodesc</styleUrl>
        <Polygon>
          <outerBoundaryIs>
            <LinearRing>
              <tessellate>1</tessellate>
              <coordinates>
                2.6599782,48.5308693,0
                2.660512,48.5309634,0
                2.660866,48.5308213,0
                2.6607641,48.5306188,0
                2.6609599,48.53053,0
                2.6616787,48.5309386,0
                2.6619443,48.5308906,0
                2.6619469,48.5309563,0
                2.6605549,48.5314217,0
                2.6599782,48.5308693,0
              </coordinates>
            </LinearRing>
          </outerBoundaryIs>
        </Polygon>
      </Placemark>
      <Placemark>
        <name>M 014</name>
        <styleUrl>#poly-000000-1200-77-nodesc</styleUrl>
        <Polygon>
          <outerBoundaryIs>
            <LinearRing>
              <tessellate>1</tessellate>
              <coordinates>
                2.6616325,48.5311489,0
                2.6620241,48.5310175,0
                2.6621636,48.5310317,0
                2.6639017,48.532648,0
                2.6635476,48.5328469,0
                2.6616325,48.5311489,0
              </coordinates>
            </LinearRing>
          </outerBoundaryIs>
        </Polygon>
      </Placemark>
      <Placemark>
        <name>M 015</name>
        <styleUrl>#poly-000000-1200-77-nodesc</styleUrl>
        <Polygon>
          <outerBoundaryIs>
            <LinearRing>
              <tessellate>1</tessellate>
              <coordinates>
                2.6615639,48.5311779,0
                2.6635004,48.5328795,0
                2.6630284,48.5331104,0
                2.6626207,48.5332667,0
                2.6621915,48.533391,0
                2.6615692,48.5335651,0
                2.661242,48.5332383,0
                2.6612661,48.5329647,0
                2.6609738,48.5327036,0
                2.6620869,48.5322383,0
                2.6623551,48.5321104,0
                2.661435,48.5312788,0
                2.6615639,48.5311779,0
              </coordinates>
            </LinearRing>
          </outerBoundaryIs>
        </Polygon>
      </Placemark>
      <Placemark>
        <name>M 016</name>
        <styleUrl>#poly-000000-1200-77-nodesc</styleUrl>
        <Polygon>
          <outerBoundaryIs>
            <LinearRing>
              <tessellate>1</tessellate>
              <coordinates>
                2.6612231,48.5332234,0
                2.6597076,48.5317812,0
                2.6615369,48.5311773,0
                2.6614108,48.5312821,0
                2.6623201,48.5321133,0
                2.6609522,48.5326995,0
                2.6612445,48.532973,0
                2.6612231,48.5332234,0
              </coordinates>
            </LinearRing>
          </outerBoundaryIs>
        </Polygon>
      </Placemark>
      <Placemark>
        <name>M 017</name>
        <styleUrl>#poly-000000-1200-77-nodesc</styleUrl>
        <Polygon>
          <outerBoundaryIs>
            <LinearRing>
              <tessellate>1</tessellate>
              <coordinates>
                2.6590068,48.5336178,0
                2.6591731,48.5333904,0
                2.6589961,48.5332199,0
                2.6589397,48.533124,0
                2.6589532,48.53287,0
                2.6591302,48.5327652,0
                2.6592589,48.5328132,0
                2.659326,48.5328096,0
                2.6603238,48.5324935,0
                2.6614744,48.5336,0
                2.6608146,48.5337652,0
                2.6604606,48.5339251,0
                2.6603506,48.5339499,0
                2.6595888,48.5342749,0
                2.6594842,48.5343069,0
                2.6593984,48.5342909,0
                2.6593448,48.5342234,0
                2.6590068,48.5336178,0
              </coordinates>
            </LinearRing>
          </outerBoundaryIs>
        </Polygon>
      </Placemark>
      <Placemark>
        <name>M 018</name>
        <styleUrl>#poly-000000-1200-77-nodesc</styleUrl>
        <Polygon>
          <outerBoundaryIs>
            <LinearRing>
              <tessellate>1</tessellate>
              <coordinates>
                2.6596103,48.5318127,0
                2.6602808,48.5324593,0
                2.6593072,48.5327719,0
                2.6591087,48.5327061,0
                2.6590846,48.5327292,0
                2.6589505,48.5328127,0
                2.6588351,48.5328482,0
                2.6585347,48.5330472,0
                2.6584301,48.5330614,0
                2.6583389,48.5331448,0
                2.6581431,48.5331271,0
                2.6580251,48.5331395,0
                2.6567081,48.5335356,0
                2.6565258,48.5331999,0
                2.6562924,48.5329566,0
                2.6563326,48.5327363,0
                2.6577006,48.532509,0
                2.6580144,48.5324433,0
                2.6583657,48.5323207,0
                2.6586286,48.53212,0
                2.6596103,48.5318127,0
              </coordinates>
            </LinearRing>
          </outerBoundaryIs>
        </Polygon>
      </Placemark>
      <Placemark>
        <name>M 019</name>
        <styleUrl>#poly-000000-1200-77-nodesc</styleUrl>
        <Polygon>
          <outerBoundaryIs>
            <LinearRing>
              <tessellate>1</tessellate>
              <coordinates>
                2.6583205,48.5331929,0
                2.6583179,48.5332711,0
                2.6583769,48.5333954,0
                2.6584949,48.5335144,0
                2.6584573,48.5336689,0
                2.6581811,48.5337311,0
                2.6572074,48.5340614,0
                2.657004,48.534156,0
                2.6567331,48.5335823,0
                2.6580233,48.5331898,0
                2.6581708,48.533172,0
                2.6583205,48.5331929,0
              </coordinates>
            </LinearRing>
          </outerBoundaryIs>
        </Polygon>
      </Placemark>
      <Placemark>
        <name>M 020</name>
        <styleUrl>#poly-000000-1200-77-nodesc</styleUrl>
        <Polygon>
          <outerBoundaryIs>
            <LinearRing>
              <tessellate>1</tessellate>
              <coordinates>
                2.6584149,48.5337191,0
                2.6580447,48.5342768,0
                2.6571784,48.5345094,0
                2.6570308,48.5342057,0
                2.6571757,48.5341258,0
                2.6582325,48.5337599,0
                2.6584149,48.5337191,0
              </coordinates>
            </LinearRing>
          </outerBoundaryIs>
        </Polygon>
      </Placemark>
      <Placemark>
        <name>M 021</name>
        <styleUrl>#poly-000000-1200-77-nodesc</styleUrl>
        <Polygon>
          <outerBoundaryIs>
            <LinearRing>
              <tessellate>1</tessellate>
              <coordinates>
                2.6585946,48.5336232,0
                2.6587206,48.5336729,0
                2.6591632,48.5344153,0
                2.6591176,48.5345006,0
                2.6585704,48.5347155,0
                2.6574519,48.5350103,0
                2.6574305,48.5349428,0
                2.6577094,48.5347261,0
                2.6580662,48.5343354,0
                2.658549,48.5336569,0
                2.6585946,48.5336232,0
              </coordinates>
            </LinearRing>
          </outerBoundaryIs>
        </Polygon>
      </Placemark>
      <Placemark>
        <name>M 022</name>
        <styleUrl>#poly-000000-1200-77-nodesc</styleUrl>
        <Polygon>
          <outerBoundaryIs>
            <LinearRing>
              <tessellate>1</tessellate>
              <coordinates>
                2.6569365,48.5342671,0
                2.6573334,48.5350308,0
                2.6564966,48.5352528,0
                2.6569365,48.5342671,0
              </coordinates>
            </LinearRing>
          </outerBoundaryIs>
        </Polygon>
      </Placemark>
      <Placemark>
        <name>M 023</name>
        <styleUrl>#poly-000000-1200-77-nodesc</styleUrl>
        <Polygon>
          <outerBoundaryIs>
            <LinearRing>
              <tessellate>1</tessellate>
              <coordinates>
                2.6569365,48.5342671,0
                2.6564885,48.5352386,0
                2.6560728,48.5344891,0
                2.6569365,48.5342671,0
              </coordinates>
            </LinearRing>
          </outerBoundaryIs>
        </Polygon>
      </Placemark>
      <Placemark>
        <name>M 024</name>
        <styleUrl>#poly-000000-1200-77-nodesc</styleUrl>
        <Polygon>
          <outerBoundaryIs>
            <LinearRing>
              <tessellate>1</tessellate>
              <coordinates>
                2.6547451,48.5340946,0
                2.6548685,48.5341674,0
                2.6560004,48.5345013,0
                2.6564429,48.5352721,0
                2.6558207,48.5354408,0
                2.6555283,48.5354799,0
                2.6552333,48.535503,0
                2.6550804,48.5352899,0
                2.654678,48.5341283,0
                2.6547451,48.5340946,0
              </coordinates>
            </LinearRing>
          </outerBoundaryIs>
        </Polygon>
      </Placemark>
      <Placemark>
        <name>M 025</name>
        <styleUrl>#poly-000000-1200-77-nodesc</styleUrl>
        <Polygon>
          <outerBoundaryIs>
            <LinearRing>
              <tessellate>1</tessellate>
              <coordinates>
                2.654788,48.5340662,0
                2.654737,48.5340413,0
                2.6553486,48.5335937,0
                2.655657,48.533457,0
                2.655759,48.5334108,0
                2.6561184,48.5331674,0
                2.6562364,48.5331408,0
                2.6563464,48.5331532,0
                2.6564268,48.5332456,0
                2.656915,48.5342207,0
                2.6560379,48.5344622,0
                2.6549221,48.5341283,0
                2.654788,48.5340662,0
              </coordinates>
            </LinearRing>
          </outerBoundaryIs>
        </Polygon>
      </Placemark>
      <Placemark>
        <name>M 026</name>
        <styleUrl>#poly-000000-1200-77-nodesc</styleUrl>
        <Polygon>
          <outerBoundaryIs>
            <LinearRing>
              <tessellate>1</tessellate>
              <coordinates>
                2.655295,48.5305491,0
                2.6554965,48.5307267,0
                2.6566529,48.5311033,0
                2.6576245,48.5309328,0
                2.658173,48.5309612,0
                2.6587014,48.531288,0
                2.6589482,48.5311388,0
                2.6582937,48.53224,0
                2.6577037,48.5324212,0
                2.6564216,48.5326201,0
                2.6561694,48.5324283,0
                2.6554828,48.5310784,0
                2.6554881,48.5309257,0
                2.655295,48.5305491,0
              </coordinates>
            </LinearRing>
          </outerBoundaryIs>
        </Polygon>
      </Placemark>
      <Placemark>
        <name>M 027</name>
        <styleUrl>#poly-000000-1200-77-nodesc</styleUrl>
        <Polygon>
          <outerBoundaryIs>
            <LinearRing>
              <tessellate>1</tessellate>
              <coordinates>
                2.6555847,48.5295811,0
                2.6557644,48.5299221,0
                2.6558315,48.5299505,0
                2.6573898,48.5296201,0
                2.6577519,48.5299558,0
                2.6552682,48.5305065,0
                2.6548776,48.5297457,0
                2.6555847,48.5295811,0
              </coordinates>
            </LinearRing>
          </outerBoundaryIs>
        </Polygon>
      </Placemark>
      <Placemark>
        <name>M 028</name>
        <styleUrl>#poly-000000-1200-77-nodesc</styleUrl>
        <Polygon>
          <outerBoundaryIs>
            <LinearRing>
              <tessellate>1</tessellate>
              <coordinates>
                2.664551,48.5243306,0
                2.6671849,48.5249097,0
                2.6674424,48.5244691,0
                2.6694219,48.5245366,0
                2.6694165,48.5251015,0
                2.6692073,48.5258227,0
                2.6685797,48.5272793,0
                2.6678072,48.5291906,0
                2.6671313,48.5302209,0
                2.6664983,48.5310592,0
                2.6654576,48.5318052,0
                2.6639716,48.5326152,0
                2.6622282,48.5310131,0
                2.6621209,48.5308141,0
                2.6618902,48.5292155,0
                2.6620082,48.5291729,0
                2.6636819,48.5295565,0
                2.6649265,48.5285263,0
                2.6655488,48.527663,0
                2.6658223,48.5270022,0
                2.6663363,48.525639,0
                2.6654136,48.52544,0
                2.6648289,48.5251949,0
                2.6641798,48.5251061,0
                2.664551,48.5243306,0
              </coordinates>
            </LinearRing>
          </outerBoundaryIs>
        </Polygon>
      </Placemark>
      <Placemark>
        <name>M 029</name>
        <styleUrl>#poly-000000-1200-77-nodesc</styleUrl>
        <Polygon>
          <outerBoundaryIs>
            <LinearRing>
              <tessellate>1</tessellate>
              <coordinates>
                2.6632957,48.5261765,0
                2.6639877,48.525505,0
                2.6641433,48.5251533,0
                2.6648299,48.5252492,0
                2.6652966,48.5254589,0
                2.6662408,48.5256862,0
                2.6657473,48.526919,0
                2.6632957,48.5261765,0
              </coordinates>
            </LinearRing>
          </outerBoundaryIs>
        </Polygon>
      </Placemark>
      <Placemark>
        <name>M 030</name>
        <styleUrl>#poly-000000-1200-77-nodesc</styleUrl>
        <Polygon>
          <outerBoundaryIs>
            <LinearRing>
              <tessellate>1</tessellate>
              <coordinates>
                2.6616037,48.5278912,0
                2.6632613,48.5262143,0
                2.6657397,48.5269604,0
                2.665568,48.527472,0
                2.6652944,48.5278983,0
                2.6648331,48.5284951,0
                2.6636797,48.529465,0
                2.6620329,48.5290849,0
                2.6619631,48.5289889,0
                2.6618451,48.5289499,0
                2.6616681,48.5279303,0
                2.6616037,48.5278912,0
              </coordinates>
            </LinearRing>
          </outerBoundaryIs>
        </Polygon>
      </Placemark>
      <Placemark>
        <name>M 031</name>
        <styleUrl>#poly-000000-1200-77-nodesc</styleUrl>
        <Polygon>
          <outerBoundaryIs>
            <LinearRing>
              <tessellate>1</tessellate>
              <coordinates>
                2.6619462,48.5305193,0
                2.6603986,48.5294607,0
                2.6600553,48.5295015,0
                2.6616432,48.5291711,0
                2.6617934,48.529228,0
                2.6620509,48.5308141,0
                2.6619462,48.5305193,0
              </coordinates>
            </LinearRing>
          </outerBoundaryIs>
        </Polygon>
      </Placemark>
      <Placemark>
        <name>M 032</name>
        <styleUrl>#poly-000000-1200-77-nodesc</styleUrl>
        <Polygon>
          <outerBoundaryIs>
            <LinearRing>
              <tessellate>1</tessellate>
              <coordinates>
                2.6619932,48.5308293,0
                2.6600808,48.5295131,0
                2.6603866,48.5294794,0
                2.6619262,48.5305398,0
                2.6619932,48.5308293,0
              </coordinates>
            </LinearRing>
          </outerBoundaryIs>
        </Polygon>
      </Placemark>
      <Placemark>
        <name>M 033</name>
        <styleUrl>#poly-000000-1200-77-nodesc</styleUrl>
        <Polygon>
          <outerBoundaryIs>
            <LinearRing>
              <tessellate>1</tessellate>
              <coordinates>
                2.6606383,48.5288543,0
                2.6606108,48.5287609,0
                2.6564641,48.5278266,0
                2.6644458,48.5243097,0
                2.6639094,48.5253933,0
                2.6636733,48.5255993,0
                2.6614832,48.5278632,0
                2.6616013,48.5279662,0
                2.661781,48.5289662,0
                2.6616817,48.5290195,0
                2.6616442,48.5291154,0
                2.6603165,48.5294067,0
                2.6600885,48.5294458,0
                2.6606383,48.5288543,0
              </coordinates>
            </LinearRing>
          </outerBoundaryIs>
        </Polygon>
      </Placemark>
      <Placemark>
        <name>M 034</name>
        <styleUrl>#poly-000000-1200-77-nodesc</styleUrl>
        <Polygon>
          <outerBoundaryIs>
            <LinearRing>
              <tessellate>1</tessellate>
              <coordinates>
                2.6532929,48.5309893,0
                2.6550731,48.5306132,0
                2.6552501,48.5309933,0
                2.6553467,48.5310679,0
                2.655985,48.5323432,0
                2.6560226,48.532638,0
                2.6556417,48.5328831,0
                2.6555344,48.5329861,0
                2.6545581,48.5336895,0
                2.654247,48.5328511,0
                2.6532929,48.5309893,0
              </coordinates>
            </LinearRing>
          </outerBoundaryIs>
        </Polygon>
      </Placemark>
      <Placemark>
        <name>M 035</name>
        <styleUrl>#poly-000000-1200-77-nodesc</styleUrl>
        <Polygon>
          <outerBoundaryIs>
            <LinearRing>
              <tessellate>1</tessellate>
              <coordinates>
                2.652987,48.5303981,0
                2.6547465,48.5299611,0
                2.655055,48.5305562,0
                2.653266,48.5309363,0
                2.652987,48.5303981,0
              </coordinates>
            </LinearRing>
          </outerBoundaryIs>
        </Polygon>
      </Placemark>
      <Placemark>
        <name>M 036</name>
        <styleUrl>#poly-000000-1200-77-nodesc</styleUrl>
        <Polygon>
          <outerBoundaryIs>
            <LinearRing>
              <tessellate>1</tessellate>
              <coordinates>
                2.6547318,48.5299436,0
                2.6529849,48.5303786,0
                2.6521454,48.528732,0
                2.6526067,48.5286254,0
                2.6542804,48.5292436,0
                2.6543716,48.5292436,0
                2.6547318,48.5299436,0
              </coordinates>
            </LinearRing>
          </outerBoundaryIs>
        </Polygon>
      </Placemark>
      <Placemark>
        <name>M 037</name>
        <styleUrl>#poly-000000-1200-77-nodesc</styleUrl>
        <Polygon>
          <outerBoundaryIs>
            <LinearRing>
              <tessellate>1</tessellate>
              <coordinates>
                2.6520043,48.5283476,0
                2.6519801,48.5282819,0
                2.6537343,48.5278876,0
                2.6543405,48.5291772,0
                2.6527499,48.5285928,0
                2.6525166,48.5285626,0
                2.6520043,48.5283476,0
              </coordinates>
            </LinearRing>
          </outerBoundaryIs>
        </Polygon>
      </Placemark>
      <Placemark>
        <name>M 038</name>
        <styleUrl>#poly-000000-1200-77-nodesc</styleUrl>
        <Polygon>
          <outerBoundaryIs>
            <LinearRing>
              <tessellate>1</tessellate>
              <coordinates>
                2.65789,48.535773,0
                2.65824,48.5356637,0
                2.6585753,48.5354169,0
                2.6595248,48.5351416,0
                2.6598949,48.5358289,0
                2.6597716,48.5357987,0
                2.6591949,48.5359692,0
                2.6590044,48.5356904,0
                2.6580281,48.536003,0
                2.65789,48.535773,0
              </coordinates>
            </LinearRing>
          </outerBoundaryIs>
        </Polygon>
      </Placemark>
      <Placemark>
        <name>M 039</name>
        <styleUrl>#poly-000000-1200-77-nodesc</styleUrl>
        <Polygon>
          <outerBoundaryIs>
            <LinearRing>
              <tessellate>1</tessellate>
              <coordinates>
                2.6520367,48.5287668,0
                2.6531525,48.5309622,0
                2.6528413,48.5309338,0
                2.6525168,48.5308876,0
                2.6523827,48.5305644,0
                2.6520501,48.5300315,0
                2.6520072,48.5296212,0
                2.6520635,48.5294613,0
                2.6518918,48.5291771,0
                2.6519026,48.5289053,0
                2.6518784,48.5288449,0
                2.6520367,48.5287668,0
              </coordinates>
            </LinearRing>
          </outerBoundaryIs>
        </Polygon>
      </Placemark>
      <Placemark>
        <name>M 040</name>
        <styleUrl>#poly-000000-1200-77-nodesc</styleUrl>
        <Polygon>
          <outerBoundaryIs>
            <LinearRing>
              <tessellate>1</tessellate>
              <coordinates>
                2.6531859,48.5310104,0
                2.653591,48.5317866,0
                2.6539396,48.5325326,0
                2.6505172,48.533037,0
                2.6504662,48.5329749,0
                2.6503777,48.5329305,0
                2.6508605,48.5315166,0
                2.6531859,48.5310104,0
              </coordinates>
            </LinearRing>
          </outerBoundaryIs>
        </Polygon>
      </Placemark>
      <Placemark>
        <name>M 041</name>
        <styleUrl>#poly-000000-1200-77-nodesc</styleUrl>
        <Polygon>
          <outerBoundaryIs>
            <LinearRing>
              <tessellate>1</tessellate>
              <coordinates>
                2.6505268,48.5330827,0
                2.6539922,48.5325854,0
                2.65418,48.5329584,0
                2.6544482,48.5337434,0
                2.654121,48.5336209,0
                2.6534022,48.5334877,0
                2.6531178,48.5335268,0
                2.6529167,48.5338198,0
                2.6527236,48.5339655,0
                2.6527293,48.5342737,0
                2.6525604,48.5343767,0
                2.6504747,48.5331786,0
                2.6505096,48.5331324,0
                2.6505268,48.5330827,0
              </coordinates>
            </LinearRing>
          </outerBoundaryIs>
        </Polygon>
      </Placemark>
      <Placemark>
        <name>M 042</name>
        <styleUrl>#poly-000000-1200-77-nodesc</styleUrl>
        <Polygon>
          <outerBoundaryIs>
            <LinearRing>
              <tessellate>1</tessellate>
              <coordinates>
                2.6528893,48.5358467,0
                2.6525433,48.5357667,0
                2.6521786,48.5357294,0
                2.6521544,48.5352126,0
                2.6523958,48.5349622,0
                2.6523261,48.5347295,0
                2.6524468,48.5346567,0
                2.6524253,48.5345306,0
                2.6526077,48.5344223,0
                2.6526131,48.5343814,0
                2.6527418,48.5342908,0
                2.6527472,48.533964,0
                2.6529376,48.5338273,0
                2.6531415,48.5335342,0
                2.6534097,48.533504,0
                2.6541151,48.533639,0
                2.6544397,48.533758,0
                2.6538227,48.5341612,0
                2.6536725,48.5342642,0
                2.6535036,48.5344027,0
                2.6532514,48.5346691,0
                2.653053,48.5349729,0
                2.6529378,48.5353012,0
                2.6529164,48.5355037,0
                2.6528893,48.5358467,0
              </coordinates>
            </LinearRing>
          </outerBoundaryIs>
        </Polygon>
      </Placemark>
      <Placemark>
        <name>M 043</name>
        <styleUrl>#poly-000000-1200-77-nodesc</styleUrl>
        <Polygon>
          <outerBoundaryIs>
            <LinearRing>
              <tessellate>1</tessellate>
              <coordinates>
                2.6502593,48.53326,0
                2.6504364,48.5332191,0
                2.6524775,48.5343949,0
                2.6497792,48.5346879,0
                2.6502593,48.53326,0
              </coordinates>
            </LinearRing>
          </outerBoundaryIs>
        </Polygon>
      </Placemark>
      <Placemark>
        <name>M 044</name>
        <styleUrl>#poly-000000-1200-77-nodesc</styleUrl>
        <Polygon>
          <outerBoundaryIs>
            <LinearRing>
              <tessellate>1</tessellate>
              <coordinates>
                2.652558,48.5344322,0
                2.6523998,48.5345406,0
                2.6524266,48.5346515,0
                2.6522979,48.5347376,0
                2.6523756,48.534965,0
                2.6521208,48.5352243,0
                2.6521557,48.5358015,0
                2.6520484,48.5358388,0
                2.6517641,48.5360129,0
                2.6517077,48.5360768,0
                2.6514476,48.5361922,0
                2.6512008,48.5362384,0
                2.6508682,48.536226,0
                2.6493742,48.5358903,0
                2.6497739,48.5347412,0
                2.652558,48.5344322,0
              </coordinates>
            </LinearRing>
          </outerBoundaryIs>
        </Polygon>
      </Placemark>
      <Placemark>
        <name>M 045</name>
        <styleUrl>#poly-000000-1200-77-nodesc</styleUrl>
        <Polygon>
          <outerBoundaryIs>
            <LinearRing>
              <tessellate>1</tessellate>
              <coordinates>
                2.6507953,48.5315343,0
                2.6503045,48.5329143,0
                2.6501945,48.532925,0
                2.6500819,48.5329783,0
                2.6500363,48.5330174,0
                2.6500202,48.5330671,0
                2.6500148,48.5331097,0
                2.6476303,48.5334614,0
                2.6472763,48.5335253,0
                2.6484457,48.5320653,0
                2.6485423,48.5320387,0
                2.6507953,48.5315343,0
              </coordinates>
            </LinearRing>
          </outerBoundaryIs>
        </Polygon>
      </Placemark>
      <Placemark>
        <name>M 046</name>
        <styleUrl>#poly-000000-1200-77-nodesc</styleUrl>
        <Polygon>
          <outerBoundaryIs>
            <LinearRing>
              <tessellate>1</tessellate>
              <coordinates>
                2.650798,48.5314832,0
                2.6484645,48.5320054,0
                2.6484162,48.5319592,0
                2.6482714,48.5309877,0
                2.6483062,48.5309273,0
                2.6485342,48.530874,0
                2.6492665,48.5308207,0
                2.649465,48.5317763,0
                2.6495588,48.5316147,0
                2.6498324,48.5314353,0
                2.6498673,48.5313198,0
                2.6503206,48.5312328,0
                2.6506156,48.5313056,0
                2.650798,48.5314832,0
              </coordinates>
            </LinearRing>
          </outerBoundaryIs>
        </Polygon>
      </Placemark>
      <Placemark>
        <name>M 047</name>
        <styleUrl>#poly-000000-1200-77-nodesc</styleUrl>
        <Polygon>
          <outerBoundaryIs>
            <LinearRing>
              <tessellate>1</tessellate>
              <coordinates>
                2.6517057,48.5288436,0
                2.6508125,48.5314636,0
                2.6506382,48.5312859,0
                2.6503458,48.5312184,0
                2.6498389,48.5313001,0
                2.6497986,48.5314334,0
                2.6495412,48.5316003,0
                2.6494982,48.5316714,0
                2.6490844,48.5296007,0
                2.6517057,48.5288436,0
              </coordinates>
            </LinearRing>
          </outerBoundaryIs>
        </Polygon>
      </Placemark>
      <Placemark>
        <name>M 048</name>
        <styleUrl>#poly-000000-1200-77-nodesc</styleUrl>
        <Polygon>
          <outerBoundaryIs>
            <LinearRing>
              <tessellate>1</tessellate>
              <coordinates>
                2.650187,48.533243,0
                2.6497096,48.5346816,0
                2.6473492,48.5335627,0
                2.6500475,48.5331577,0
                2.6501146,48.5332163,0
                2.650187,48.533243,0
              </coordinates>
            </LinearRing>
          </outerBoundaryIs>
        </Polygon>
      </Placemark>
      <Placemark>
        <name>M 049</name>
        <styleUrl>#poly-000000-1200-77-nodesc</styleUrl>
        <Polygon>
          <outerBoundaryIs>
            <LinearRing>
              <tessellate>1</tessellate>
              <coordinates>
                2.6496878,48.534732,0
                2.6493069,48.5358723,0
                2.6471021,48.5350872,0
                2.6448604,48.534007,0
                2.6448846,48.5339431,0
                2.6449489,48.5339164,0
                2.6472905,48.533579,0
                2.6496878,48.534732,0
              </coordinates>
            </LinearRing>
          </outerBoundaryIs>
        </Polygon>
      </Placemark>
      <Placemark>
        <name>M 050</name>
        <styleUrl>#poly-000000-1200-77-nodesc</styleUrl>
        <Polygon>
          <outerBoundaryIs>
            <LinearRing>
              <tessellate>1</tessellate>
              <coordinates>
                2.6484197,48.5320639,0
                2.6472556,48.533515,0
                2.6455685,48.5326749,0
                2.6484197,48.5320639,0
              </coordinates>
            </LinearRing>
          </outerBoundaryIs>
        </Polygon>
      </Placemark>
      <Placemark>
        <name>M 051</name>
        <styleUrl>#poly-000000-1200-77-nodesc</styleUrl>
        <Polygon>
          <outerBoundaryIs>
            <LinearRing>
              <tessellate>1</tessellate>
              <coordinates>
                2.6483452,48.5319402,0
                2.6473708,48.5313798,0
                2.6476847,48.5300601,0
                2.6476766,48.5300086,0
                2.649007,48.5296089,0
                2.6492672,48.5307794,0
                2.6483989,48.5308532,0
                2.6482433,48.5309171,0
                2.6482111,48.5309917,0
                2.6483452,48.5319402,0
              </coordinates>
            </LinearRing>
          </outerBoundaryIs>
        </Polygon>
      </Placemark>
      <Placemark>
        <name>M 052</name>
        <styleUrl>#poly-000000-1200-77-nodesc</styleUrl>
        <Polygon>
          <outerBoundaryIs>
            <LinearRing>
              <tessellate>1</tessellate>
              <coordinates>
                2.6476177,48.5300355,0
                2.6473146,48.5313535,0
                2.646518,48.530881,0
                2.6459225,48.5314689,0
                2.6447289,48.5309077,0
                2.6476177,48.5300355,0
              </coordinates>
            </LinearRing>
          </outerBoundaryIs>
        </Polygon>
      </Placemark>
      <Placemark>
        <name>M 053</name>
        <styleUrl>#poly-000000-1200-77-nodesc</styleUrl>
        <Polygon>
          <outerBoundaryIs>
            <LinearRing>
              <tessellate>1</tessellate>
              <coordinates>
                2.6465341,48.530956,0
                2.6484036,48.5320199,0
                2.6455022,48.5326451,0
                2.6450489,48.5324248,0
                2.6465341,48.530956,0
              </coordinates>
            </LinearRing>
          </outerBoundaryIs>
        </Polygon>
      </Placemark>
      <Placemark>
        <name>M 054</name>
        <styleUrl>#poly-000000-1200-77-nodesc</styleUrl>
        <Polygon>
          <outerBoundaryIs>
            <LinearRing>
              <tessellate>1</tessellate>
              <coordinates>
                2.6446658,48.5309234,0
                2.6458996,48.5315042,0
                2.6449447,48.5324331,0
                2.6454088,48.532664,0
                2.6433104,48.5331798,0
                2.6423019,48.5326061,0
                2.6419076,48.532361,0
                2.6411217,48.5320022,0
                2.6412719,48.5319098,0
                2.6413899,48.5318672,0
                2.6446658,48.5309234,0
              </coordinates>
            </LinearRing>
          </outerBoundaryIs>
        </Polygon>
      </Placemark>
      <Placemark>
        <name>M 055</name>
        <styleUrl>#poly-000000-1200-77-nodesc</styleUrl>
        <Polygon>
          <outerBoundaryIs>
            <LinearRing>
              <tessellate>1</tessellate>
              <coordinates>
                2.6410103,48.5319657,0
                2.6405919,48.5317917,0
                2.6403237,48.5316496,0
                2.6415468,48.5311025,0
                2.6421637,48.530829,0
                2.6442665,48.5300155,0
                2.6463372,48.5294684,0
                2.6489979,48.5287721,0
                2.6506319,48.528423,0
                2.6514258,48.5283023,0
                2.6519784,48.5283733,0
                2.6524532,48.5285812,0
                2.6520589,48.5286736,0
                2.6517317,48.5287357,0
                2.6507375,48.5290362,0
                2.6492247,48.5294785,0
                2.6464364,48.5303132,0
                2.6436523,48.5311267,0
                2.6414207,48.5317661,0
                2.6412329,48.5318301,0
                2.6410827,48.5318904,0
                2.6410103,48.5319657,0
              </coordinates>
            </LinearRing>
          </outerBoundaryIs>
        </Polygon>
      </Placemark>
      <Placemark>
        <name>M 056</name>
        <styleUrl>#poly-000000-1200-77-nodesc</styleUrl>
        <Polygon>
          <outerBoundaryIs>
            <LinearRing>
              <tessellate>1</tessellate>
              <coordinates>
                2.658398,48.5365628,0
                2.6600154,48.5360513,0
                2.6602166,48.5363461,0
                2.6599886,48.5364491,0
                2.6588969,48.5368097,0
                2.6585992,48.5369109,0
                2.658398,48.5365628,0
              </coordinates>
            </LinearRing>
          </outerBoundaryIs>
        </Polygon>
      </Placemark>
      <Placemark>
        <name>M 057</name>
        <styleUrl>#poly-000000-1200-77-nodesc</styleUrl>
        <Polygon>
          <outerBoundaryIs>
            <LinearRing>
              <tessellate>1</tessellate>
              <coordinates>
                2.658213,48.5362831,0
                2.659141,48.5360344,0
                2.6592912,48.5362316,0
                2.6583739,48.536514,0
                2.658213,48.5362831,0
              </coordinates>
            </LinearRing>
          </outerBoundaryIs>
        </Polygon>
      </Placemark>
      <Placemark>
        <name>M 058</name>
        <styleUrl>#poly-000000-1200-77-nodesc</styleUrl>
        <Polygon>
          <outerBoundaryIs>
            <LinearRing>
              <tessellate>1</tessellate>
              <coordinates>
                2.6591745,48.5360176,0
                2.659188,48.5360034,0
                2.6597164,48.5358462,0
                2.659947,48.5358835,0
                2.6600235,48.5360202,0
                2.6593435,48.5362254,0
                2.6591745,48.5360176,0
              </coordinates>
            </LinearRing>
          </outerBoundaryIs>
        </Polygon>
      </Placemark>
      <Placemark>
        <name>M 059</name>
        <styleUrl>#poly-000000-1200-77-nodesc</styleUrl>
        <Polygon>
          <outerBoundaryIs>
            <LinearRing>
              <tessellate>1</tessellate>
              <coordinates>
                2.6580469,48.5360536,0
                2.6589629,48.5357552,0
                2.6591265,48.5359896,0
                2.6581622,48.5362516,0
                2.6580469,48.5360536,0
              </coordinates>
            </LinearRing>
          </outerBoundaryIs>
        </Polygon>
      </Placemark>
      <Placemark>
        <name>M 060</name>
        <styleUrl>#poly-000000-1200-77-nodesc</styleUrl>
        <Polygon>
          <outerBoundaryIs>
            <LinearRing>
              <tessellate>1</tessellate>
              <coordinates>
                2.6578672,48.5357712,0
                2.6581984,48.5356682,0
                2.6582561,48.5356415,0
                2.6584237,48.5354986,0
                2.6585471,48.5354195,0
                2.6588073,48.5353307,0
                2.6595248,48.5351238,0
                2.6597206,48.5355465,0
                2.6599218,48.5358422,0
                2.6597635,48.5358156,0
                2.6591828,48.5359879,0
                2.6589951,48.5357055,0
                2.6580228,48.5360198,0
                2.6578672,48.5357712,0
              </coordinates>
            </LinearRing>
          </outerBoundaryIs>
        </Polygon>
      </Placemark>
      <Placemark>
        <name>M 061</name>
        <styleUrl>#poly-000000-1200-77-nodesc</styleUrl>
        <Polygon>
          <outerBoundaryIs>
            <LinearRing>
              <tessellate>1</tessellate>
              <coordinates>
                2.6551182,48.5371787,0
                2.6559175,48.5369531,0
                2.656462,48.5367986,0
                2.6567812,48.5367152,0
                2.6570413,48.5371183,0
                2.6554132,48.5375783,0
                2.6553515,48.5375712,0
                2.6552925,48.5375215,0
                2.6551182,48.5371787,0
              </coordinates>
            </LinearRing>
          </outerBoundaryIs>
        </Polygon>
      </Placemark>
      <Placemark>
        <name>M 062</name>
        <styleUrl>#poly-000000-1200-77-nodesc</styleUrl>
        <Polygon>
          <outerBoundaryIs>
            <LinearRing>
              <tessellate>1</tessellate>
              <coordinates>
                2.6568509,48.5367027,0
                2.6583717,48.5367453,0
                2.657095,48.537097,0
                2.6568509,48.5367027,0
              </coordinates>
            </LinearRing>
          </outerBoundaryIs>
        </Polygon>
      </Placemark>
      <Placemark>
        <name>M 063</name>
        <styleUrl>#poly-000000-1200-77-nodesc</styleUrl>
        <Polygon>
          <outerBoundaryIs>
            <LinearRing>
              <tessellate>1</tessellate>
              <coordinates>
                2.6568509,48.5366921,0
                2.6581129,48.5363058,0
                2.6584012,48.5367374,0
                2.6568509,48.5366921,0
              </coordinates>
            </LinearRing>
          </outerBoundaryIs>
        </Polygon>
      </Placemark>
      <Placemark>
        <name>M 064</name>
        <styleUrl>#poly-000000-1200-77-nodesc</styleUrl>
        <Polygon>
          <outerBoundaryIs>
            <LinearRing>
              <tessellate>1</tessellate>
              <coordinates>
                2.6577842,48.5357945,0
                2.6580953,48.5362732,0
                2.65678,48.5366658,0
                2.6563241,48.5367884,0
                2.655388,48.537053,0
                2.655042,48.5371578,0
                2.6553692,48.5378166,0
                2.6549134,48.537902,0
                2.6541436,48.5379322,0
                2.6539719,48.5379073,0
                2.6539907,48.5377102,0
                2.6540792,48.5375326,0
                2.6543152,48.5373816,0
                2.6543018,48.5373177,0
                2.6541945,48.5371667,0
                2.6542026,48.5368719,0
                2.6577842,48.5357945,0
              </coordinates>
            </LinearRing>
          </outerBoundaryIs>
        </Polygon>
      </Placemark>
      <Placemark>
        <name>M 065</name>
        <styleUrl>#poly-000000-1200-77-nodesc</styleUrl>
        <Polygon>
          <outerBoundaryIs>
            <LinearRing>
              <tessellate>1</tessellate>
              <coordinates>
                2.6585606,48.5378018,0
                2.6590179,48.537674,0
                2.6591145,48.5378498,0
                2.6592432,48.5381553,0
                2.6588369,48.5383,0
                2.6585606,48.5378018,0
              </coordinates>
            </LinearRing>
          </outerBoundaryIs>
        </Polygon>
      </Placemark>
      <Placemark>
        <name>M 066</name>
        <styleUrl>#poly-000000-1200-77-nodesc</styleUrl>
        <Polygon>
          <outerBoundaryIs>
            <LinearRing>
              <tessellate>1</tessellate>
              <coordinates>
                2.6580993,48.5382565,0
                2.6582951,48.5382272,0
                2.6583246,48.538197,0
                2.6582682,48.5380887,0
                2.6586478,48.5379883,0
                2.6588248,48.5383062,0
                2.6581744,48.5384767,0
                2.6580993,48.5382565,0
              </coordinates>
            </LinearRing>
          </outerBoundaryIs>
        </Polygon>
      </Placemark>
      <Placemark>
        <name>M 067</name>
        <styleUrl>#poly-000000-1200-77-nodesc</styleUrl>
        <Polygon>
          <outerBoundaryIs>
            <LinearRing>
              <tessellate>1</tessellate>
              <coordinates>
                2.6585391,48.5378081,0
                2.6586424,48.5379768,0
                2.6580335,48.5381393,0
                2.6581516,48.5384811,0
                2.6579291,48.5385408,0
                2.6577976,48.53819,0
                2.6577091,48.5380142,0
                2.6580525,48.537937,0
                2.6585391,48.5378081,0
              </coordinates>
            </LinearRing>
          </outerBoundaryIs>
        </Polygon>
      </Placemark>
      <Placemark>
        <name>M 068</name>
        <styleUrl>#poly-000000-1200-77-nodesc</styleUrl>
        <Polygon>
          <outerBoundaryIs>
            <LinearRing>
              <tessellate>1</tessellate>
              <coordinates>
                2.6572397,48.5381403,0
                2.6576904,48.5380187,0
                2.6577775,48.5381945,0
                2.6579143,48.5385452,0
                2.65752,48.5386465,0
                2.6572397,48.5381403,0
              </coordinates>
            </LinearRing>
          </outerBoundaryIs>
        </Polygon>
      </Placemark>
      <Placemark>
        <name>M 069</name>
        <styleUrl>#poly-000000-1200-77-nodesc</styleUrl>
        <Polygon>
          <outerBoundaryIs>
            <LinearRing>
              <tessellate>1</tessellate>
              <coordinates>
                2.6575238,48.5386584,0
                2.6579133,48.5385554,0
                2.6581574,48.5397497,0
                2.6575238,48.5386584,0
              </coordinates>
            </LinearRing>
          </outerBoundaryIs>
        </Polygon>
      </Placemark>
      <Placemark>
        <name>M 070</name>
        <styleUrl>#poly-000000-1200-77-nodesc</styleUrl>
        <Polygon>
          <outerBoundaryIs>
            <LinearRing>
              <tessellate>1</tessellate>
              <coordinates>
                2.6579232,48.538558,0
                2.6580359,48.5387423,0
                2.6582813,48.5389278,0
                2.6583644,48.5390078,0
                2.6586836,48.5393585,0
                2.6586112,48.5394828,0
                2.6585133,48.5395068,0
                2.6583128,48.5396502,0
                2.6581686,48.5397536,0
                2.6579232,48.538558,0
              </coordinates>
            </LinearRing>
          </outerBoundaryIs>
        </Polygon>
      </Placemark>
      <Placemark>
        <name>M 071</name>
        <styleUrl>#poly-000000-1200-77-nodesc</styleUrl>
        <Polygon>
          <outerBoundaryIs>
            <LinearRing>
              <tessellate>1</tessellate>
              <coordinates>
                2.6588246,48.5383208,0
                2.6589157,48.5384611,0
                2.6592564,48.538779,0
                2.658319,48.5389379,0
                2.6581714,48.5384877,0
                2.6588246,48.5383208,0
              </coordinates>
            </LinearRing>
          </outerBoundaryIs>
        </Polygon>
      </Placemark>
      <Placemark>
        <name>M 072</name>
        <styleUrl>#poly-000000-1200-77-nodesc</styleUrl>
        <Polygon>
          <outerBoundaryIs>
            <LinearRing>
              <tessellate>1</tessellate>
              <coordinates>
                2.6583344,48.5389502,0
                2.659245,48.5387904,0
                2.6591176,48.5388889,0
                2.6590304,48.5389724,0
                2.6586898,48.5393507,0
                2.6583344,48.5389502,0
              </coordinates>
            </LinearRing>
          </outerBoundaryIs>
        </Polygon>
      </Placemark>
      <Placemark>
        <name>M 073 </name>
        <styleUrl>#poly-000000-1200-77-nodesc</styleUrl>
        <Polygon>
          <outerBoundaryIs>
            <LinearRing>
              <tessellate>1</tessellate>
              <coordinates>
                2.6588386,48.5383156,0
                2.6592489,48.5381655,0
                2.659308,48.5382445,0
                2.6594716,48.5387001,0
                2.6592704,48.538772,0
                2.6589418,48.5384674,0
                2.6588386,48.5383156,0
              </coordinates>
            </LinearRing>
          </outerBoundaryIs>
        </Polygon>
      </Placemark>
      <Placemark>
        <name>M 074  </name>
        <styleUrl>#poly-000000-1200-77-nodesc</styleUrl>
        <Polygon>
          <outerBoundaryIs>
            <LinearRing>
              <tessellate>1</tessellate>
              <coordinates>
                2.6593419,48.5392094,0
                2.6596048,48.5391073,0
                2.6596812,48.5393577,0
                2.6596369,48.5393666,0
                2.6595095,48.5393408,0
                2.6593848,48.5392724,0
                2.6593419,48.5392094,0
              </coordinates>
            </LinearRing>
          </outerBoundaryIs>
        </Polygon>
      </Placemark>
      <Placemark>
        <name>M 075 </name>
        <styleUrl>#poly-000000-1200-77-nodesc</styleUrl>
        <Polygon>
          <outerBoundaryIs>
            <LinearRing>
              <tessellate>1</tessellate>
              <coordinates>
                2.6586325,48.5394793,0
                2.6586955,48.5393639,0
                2.6589771,48.539054,0
                2.6592588,48.5392129,0
                2.659299,48.5392121,0
                2.6593553,48.5392964,0
                2.6595913,48.5393923,0
                2.6596919,48.539395,0
                2.6586325,48.5394793,0
              </coordinates>
            </LinearRing>
          </outerBoundaryIs>
        </Polygon>
      </Placemark>
      <Placemark>
        <name>M 076</name>
        <styleUrl>#poly-000000-1200-77-nodesc</styleUrl>
        <Polygon>
          <outerBoundaryIs>
            <LinearRing>
              <tessellate>1</tessellate>
              <coordinates>
                2.6586566,48.5394838,0
                2.6596892,48.5394021,0
                2.6597724,48.5396986,0
                2.6593379,48.5396702,0
                2.6591528,48.53964,0
                2.6586566,48.5394838,0
              </coordinates>
            </LinearRing>
          </outerBoundaryIs>
        </Polygon>
      </Placemark>
      <Placemark>
        <name>M 077</name>
        <styleUrl>#poly-000000-1200-77-nodesc</styleUrl>
        <Polygon>
          <outerBoundaryIs>
            <LinearRing>
              <tessellate>1</tessellate>
              <coordinates>
                2.6617735,48.5389923,0
                2.6614972,48.5387472,0
                2.6613229,48.5385288,0
                2.6607945,48.5376887,0
                2.6606684,48.5375218,0
                2.6603868,48.5373921,0
                2.6591717,48.5377562,0
                2.6591074,48.5376603,0
                2.660706,48.5371435,0
                2.6617735,48.5389923,0
              </coordinates>
            </LinearRing>
          </outerBoundaryIs>
        </Polygon>
      </Placemark>
      <Placemark>
        <name>M 078</name>
        <styleUrl>#poly-000000-1200-77-nodesc</styleUrl>
        <Polygon>
          <outerBoundaryIs>
            <LinearRing>
              <tessellate>1</tessellate>
              <coordinates>
                2.6616873,48.5391663,0
                2.6617249,48.5390784,0
                2.6606708,48.5386477,0
                2.6605863,48.5387241,0
                2.6606654,48.5384772,0
                2.6607405,48.5383174,0
                2.6608398,48.5382766,0
                2.6604133,48.537433,0
                2.6606601,48.5375378,0
                2.6611992,48.5383938,0
                2.6614755,48.5387649,0
                2.6617356,48.5389914,0
                2.6618416,48.5390606,0
                2.6619743,48.5391361,0
                2.6616873,48.5391663,0
              </coordinates>
            </LinearRing>
          </outerBoundaryIs>
        </Polygon>
      </Placemark>
      <Placemark>
        <name>M 079</name>
        <styleUrl>#poly-000000-1200-77-nodesc</styleUrl>
        <Polygon>
          <outerBoundaryIs>
            <LinearRing>
              <tessellate>1</tessellate>
              <coordinates>
                2.6605488,48.5387489,0
                2.660597,48.5387285,0
                2.6606762,48.5386628,0
                2.6617061,48.5390802,0
                2.6616753,48.5391565,0
                2.6616485,48.5391876,0
                2.6614594,48.5391947,0
                2.6605099,48.5388395,0
                2.6605488,48.5387489,0
              </coordinates>
            </LinearRing>
          </outerBoundaryIs>
        </Polygon>
      </Placemark>
      <Placemark>
        <name>M 080</name>
        <styleUrl>#poly-000000-1200-77-nodesc</styleUrl>
        <Polygon>
          <outerBoundaryIs>
            <LinearRing>
              <tessellate>1</tessellate>
              <coordinates>
                2.6605313,48.5387596,0
                2.6604965,48.5388502,0
                2.6614527,48.539208,0
                2.6616324,48.5391965,0
                2.661167,48.5394371,0
                2.6608049,48.5395401,0
                2.6604616,48.5395996,0
                2.6603087,48.5392986,0
                2.6603087,48.5392773,0
                2.6603329,48.5392355,0
                2.660479,48.5388491,0
                2.6605313,48.5387596,0
              </coordinates>
            </LinearRing>
          </outerBoundaryIs>
        </Polygon>
      </Placemark>
      <Placemark>
        <name>M 081</name>
        <styleUrl>#poly-000000-1200-77-nodesc</styleUrl>
        <Polygon>
          <outerBoundaryIs>
            <LinearRing>
              <tessellate>1</tessellate>
              <coordinates>
                2.6604415,48.5396043,0
                2.6601747,48.5395732,0
                2.6600566,48.5392997,0
                2.6603182,48.538695,0
                2.6605287,48.5387438,0
                2.6604791,48.5388042,0
                2.6603919,48.5390271,0
                2.6603128,48.5392322,0
                2.6602873,48.5392855,0
                2.6603423,48.5394054,0
                2.6604415,48.5396043,0
              </coordinates>
            </LinearRing>
          </outerBoundaryIs>
        </Polygon>
      </Placemark>
      <Placemark>
        <name>M 082</name>
        <styleUrl>#poly-000000-1200-77-nodesc</styleUrl>
        <Polygon>
          <outerBoundaryIs>
            <LinearRing>
              <tessellate>1</tessellate>
              <coordinates>
                2.6604201,48.5396087,0
                2.6598676,48.5396886,0
                2.6594062,48.5382306,0
                2.6595427,48.5384384,0
                2.6602182,48.5388504,0
                2.6600325,48.5392926,0
                2.6601639,48.5395794,0
                2.6604201,48.5396087,0
              </coordinates>
            </LinearRing>
          </outerBoundaryIs>
        </Polygon>
      </Placemark>
      <Placemark>
        <name>M 083</name>
        <styleUrl>#poly-000000-1200-77-nodesc</styleUrl>
        <Polygon>
          <outerBoundaryIs>
            <LinearRing>
              <tessellate>1</tessellate>
              <coordinates>
                2.6594277,48.5382286,0
                2.6594076,48.5382126,0
                2.6596396,48.538131,0
                2.6598689,48.5382091,0
                2.6600513,48.5383405,0
                2.6605126,48.5385474,0
                2.6605394,48.5387126,0
                2.6605046,48.5387303,0
                2.6603048,48.5386859,0
                2.6602297,48.538836,0
                2.6595427,48.5384384,0
                2.6594277,48.5382286,0
              </coordinates>
            </LinearRing>
          </outerBoundaryIs>
        </Polygon>
      </Placemark>
      <Placemark>
        <name>M 084</name>
        <styleUrl>#poly-000000-1200-77-nodesc</styleUrl>
        <Polygon>
          <outerBoundaryIs>
            <LinearRing>
              <tessellate>1</tessellate>
              <coordinates>
                2.6605448,48.538693,0
                2.6605569,48.5384639,0
                2.6604845,48.5383023,0
                2.6602216,48.5376062,0
                2.6603477,48.5374428,0
                2.6607768,48.5382792,0
                2.6607031,48.5382952,0
                2.6606588,48.5383538,0
                2.6605448,48.538693,0
              </coordinates>
            </LinearRing>
          </outerBoundaryIs>
        </Polygon>
      </Placemark>
      <Placemark>
        <name>M 085</name>
        <styleUrl>#poly-000000-1200-77-nodesc</styleUrl>
        <Polygon>
          <outerBoundaryIs>
            <LinearRing>
              <tessellate>1</tessellate>
              <coordinates>
                2.6591879,48.5378025,0
                2.6602984,48.5374562,0
                2.6601938,48.5376071,0
                2.6605264,48.5384684,0
                2.6605103,48.53852,0
                2.6600731,48.538337,0
                2.6599014,48.538195,0
                2.6596439,48.538115,0
                2.6593837,48.5382092,0
                2.6591879,48.5378025,0
              </coordinates>
            </LinearRing>
          </outerBoundaryIs>
        </Polygon>
      </Placemark>
      <Placemark>
        <name>M 086</name>
        <styleUrl>#poly-000000-1200-77-nodesc</styleUrl>
        <Polygon>
          <outerBoundaryIs>
            <LinearRing>
              <tessellate>1</tessellate>
              <coordinates>
                2.6613321,48.5402499,0
                2.6603719,48.5400598,0
                2.6603075,48.5398982,0
                2.6600769,48.5398716,0
                2.6598596,48.539742,0
                2.6604256,48.539662,0
                2.6606723,48.5396301,0
                2.6609164,48.5395573,0
                2.6612168,48.5394525,0
                2.6617345,48.5392127,0
                2.6620912,48.5391896,0
                2.6622307,48.539195,0
                2.6620912,48.539298,0
                2.661426,48.5401469,0
                2.6613321,48.5402499,0
              </coordinates>
            </LinearRing>
          </outerBoundaryIs>
        </Polygon>
      </Placemark>
      <Placemark>
        <name>M 087</name>
        <styleUrl>#poly-000000-1200-77-nodesc</styleUrl>
        <Polygon>
          <outerBoundaryIs>
            <LinearRing>
              <tessellate>1</tessellate>
              <coordinates>
                2.6598768,48.5397708,0
                2.6600645,48.5398827,0
                2.6602872,48.5399129,0
                2.6603542,48.5400762,0
                2.6613252,48.5402698,0
                2.661014,48.5406694,0
                2.6609443,48.5411684,0
                2.6604991,48.5409464,0
                2.6602657,48.5408416,0
                2.6601504,48.5408399,0
                2.6598768,48.5397708,0
              </coordinates>
            </LinearRing>
          </outerBoundaryIs>
        </Polygon>
      </Placemark>
      <Placemark>
        <name>M 088</name>
        <styleUrl>#poly-000000-1200-77-nodesc</styleUrl>
        <Polygon>
          <outerBoundaryIs>
            <LinearRing>
              <tessellate>1</tessellate>
              <coordinates>
                2.6601544,48.5408816,0
                2.6602429,48.5408834,0
                2.6603851,48.5409313,0
                2.6609537,48.5412234,0
                2.6609604,48.5412776,0
                2.6609926,48.5413318,0
                2.6608544,48.5413664,0
                2.660597,48.541409,0
                2.6602992,48.5414596,0
                2.6601544,48.5408816,0
              </coordinates>
            </LinearRing>
          </outerBoundaryIs>
        </Polygon>
      </Placemark>
      <Placemark>
        <name>M 089</name>
        <styleUrl>#poly-000000-1200-77-nodesc</styleUrl>
        <Polygon>
          <outerBoundaryIs>
            <LinearRing>
              <tessellate>1</tessellate>
              <coordinates>
                2.6629291,48.5400896,0
                2.6627655,48.5403506,0
                2.6626448,48.5404643,0
                2.66169,48.5410663,0
                2.6613091,48.5412545,0
                2.6610275,48.5413078,0
                2.6613654,48.5409953,0
                2.6624007,48.5401908,0
                2.6628835,48.5401109,0
                2.6629291,48.5400896,0
              </coordinates>
            </LinearRing>
          </outerBoundaryIs>
        </Polygon>
      </Placemark>
      <Placemark>
        <name>M 090</name>
        <styleUrl>#poly-000000-1200-77-nodesc</styleUrl>
        <Polygon>
          <outerBoundaryIs>
            <LinearRing>
              <tessellate>1</tessellate>
              <coordinates>
                2.6623739,48.5401961,0
                2.6613198,48.5410112,0
                2.6610248,48.5412883,0
                2.6610033,48.5411995,0
                2.6610623,48.5407111,0
                2.6614727,48.540205,0
                2.6616846,48.5402387,0
                2.6623739,48.5401961,0
              </coordinates>
            </LinearRing>
          </outerBoundaryIs>
        </Polygon>
      </Placemark>
      <Placemark>
        <name>M 091</name>
        <styleUrl>#poly-000000-1200-77-nodesc</styleUrl>
        <Polygon>
          <outerBoundaryIs>
            <LinearRing>
              <tessellate>1</tessellate>
              <coordinates>
                2.6614995,48.5401482,0
                2.6619555,48.5395941,0
                2.6625429,48.5396243,0
                2.6629023,48.5396118,0
                2.6630042,48.539983,0
                2.6629533,48.5400629,0
                2.6624437,48.5401499,0
                2.661875,48.5401943,0
                2.6616336,48.5401997,0
                2.6614995,48.5401482,0
              </coordinates>
            </LinearRing>
          </outerBoundaryIs>
        </Polygon>
      </Placemark>
      <Placemark>
        <name>M 092</name>
        <styleUrl>#poly-000000-1200-77-nodesc</styleUrl>
        <Polygon>
          <outerBoundaryIs>
            <LinearRing>
              <tessellate>1</tessellate>
              <coordinates>
                2.658147,48.5398554,0
                2.6585895,48.5395464,0
                2.6590388,48.5396725,0
                2.6590482,48.5397915,0
                2.6591904,48.5399371,0
                2.6593834,48.5404379,0
                2.6587076,48.5405782,0
                2.6583321,48.5401804,0
                2.6582275,48.5398944,0
                2.658147,48.5398554,0
              </coordinates>
            </LinearRing>
          </outerBoundaryIs>
        </Polygon>
      </Placemark>
      <Placemark>
        <name>M 093</name>
        <styleUrl>#poly-000000-1200-77-nodesc</styleUrl>
        <Polygon>
          <outerBoundaryIs>
            <LinearRing>
              <tessellate>1</tessellate>
              <coordinates>
                2.6590936,48.539698,0
                2.6592894,48.5397317,0
                2.6597722,48.5397495,0
                2.659909,48.5403426,0
                2.6594342,48.5404349,0
                2.6592572,48.539959,0
                2.6591177,48.5397992,0
                2.6590936,48.539698,0
              </coordinates>
            </LinearRing>
          </outerBoundaryIs>
        </Polygon>
      </Placemark>
      <Placemark>
        <name>M 094</name>
        <styleUrl>#poly-000000-1200-77-nodesc</styleUrl>
        <Polygon>
          <outerBoundaryIs>
            <LinearRing>
              <tessellate>1</tessellate>
              <coordinates>
                2.6599143,48.5403781,0
                2.6597078,48.5405255,0
                2.6596864,48.5406623,0
                2.6594155,48.5407173,0
                2.6595147,48.5410707,0
                2.6595093,48.5413051,0
                2.6593457,48.5412145,0
                2.6587503,48.5406179,0
                2.6599143,48.5403781,0
              </coordinates>
            </LinearRing>
          </outerBoundaryIs>
        </Polygon>
      </Placemark>
      <Placemark>
        <name>M 095</name>
        <styleUrl>#poly-000000-1200-77-nodesc</styleUrl>
        <Polygon>
          <outerBoundaryIs>
            <LinearRing>
              <tessellate>1</tessellate>
              <coordinates>
                2.6599341,48.5403787,0
                2.6602224,48.54147,0
                2.660032,48.5414824,0
                2.659753,48.5414105,0
                2.6595197,48.5413208,0
                2.6595317,48.5410766,0
                2.6594312,48.5407294,0
                2.6597061,48.5406735,0
                2.6597249,48.5405279,0
                2.6599341,48.5403787,0
              </coordinates>
            </LinearRing>
          </outerBoundaryIs>
        </Polygon>
      </Placemark>
      <Placemark>
        <name>M 096</name>
        <styleUrl>#poly-000000-1200-77-nodesc</styleUrl>
        <Polygon>
          <outerBoundaryIs>
            <LinearRing>
              <tessellate>1</tessellate>
              <coordinates>
                2.6597275,48.5414825,0
                2.6591482,48.5413724,0
                2.6573082,48.5408077,0
                2.6570292,48.5408539,0
                2.6576837,48.5402003,0
                2.6580726,48.5399233,0
                2.6581102,48.5399304,0
                2.6582201,48.5402181,0
                2.6583408,48.5403282,0
                2.659226,48.5412374,0
                2.659352,48.5413351,0
                2.6597275,48.5414825,0
              </coordinates>
            </LinearRing>
          </outerBoundaryIs>
        </Polygon>
      </Placemark>
      <Placemark>
        <name>M 097</name>
        <styleUrl>#poly-000000-1200-77-nodesc</styleUrl>
        <Polygon>
          <outerBoundaryIs>
            <LinearRing>
              <tessellate>1</tessellate>
              <coordinates>
                2.6570506,48.5408659,0
                2.6573081,48.5408322,0
                2.6591561,48.5413987,0
                2.6596631,48.5414822,0
                2.6592286,48.5415053,0
                2.6590274,48.5415443,0
                2.6587136,48.5415905,0
                2.6570506,48.5408659,0
              </coordinates>
            </LinearRing>
          </outerBoundaryIs>
        </Polygon>
      </Placemark>
      <Placemark>
        <name>M 098</name>
        <styleUrl>#poly-000000-1200-77-nodesc</styleUrl>
        <Polygon>
          <outerBoundaryIs>
            <LinearRing>
              <tessellate>1</tessellate>
              <coordinates>
                2.6569728,48.5408926,0
                2.6586465,48.5416154,0
                2.6570077,48.5423701,0
                2.6569728,48.5408926,0
              </coordinates>
            </LinearRing>
          </outerBoundaryIs>
        </Polygon>
      </Placemark>
      <Placemark>
        <name>M 099</name>
        <styleUrl>#poly-000000-1200-77-nodesc</styleUrl>
        <Polygon>
          <outerBoundaryIs>
            <LinearRing>
              <tessellate>1</tessellate>
              <coordinates>
                2.656938,48.5409121,0
                2.6569776,48.5423788,0
                2.6568408,48.5423629,0
                2.6559503,48.5419544,0
                2.6558269,48.5418745,0
                2.656938,48.5409121,0
              </coordinates>
            </LinearRing>
          </outerBoundaryIs>
        </Polygon>
      </Placemark>
      <Placemark>
        <name>M 100</name>
        <styleUrl>#poly-000000-1200-77-nodesc</styleUrl>
        <Polygon>
          <outerBoundaryIs>
            <LinearRing>
              <tessellate>1</tessellate>
              <coordinates>
                2.6571677,48.5424084,0
                2.6580421,48.5422912,0
                2.6587073,48.5423622,0
                2.6601342,48.5436301,0
                2.6610354,48.5438539,0
                2.6604936,48.543964,0
                2.6597587,48.5442836,0
                2.6593134,48.5438468,0
                2.6585839,48.5432963,0
                2.6573286,48.542483,0
                2.6571677,48.5424084,0
              </coordinates>
            </LinearRing>
          </outerBoundaryIs>
        </Polygon>
      </Placemark>
      <Placemark>
        <name>M 101</name>
        <styleUrl>#poly-000000-1200-77-nodesc</styleUrl>
        <Polygon>
          <outerBoundaryIs>
            <LinearRing>
              <tessellate>1</tessellate>
              <coordinates>
                2.6571999,48.54238,0
                2.6587394,48.5416697,0
                2.6593778,48.5415738,0
                2.6602147,48.5415347,0
                2.6605633,48.5429234,0
                2.6610086,48.5438184,0
                2.6601825,48.5436124,0
                2.658777,48.5423374,0
                2.6580689,48.5422592,0
                2.6571999,48.54238,0
              </coordinates>
            </LinearRing>
          </outerBoundaryIs>
        </Polygon>
      </Placemark>
      <Placemark>
        <name>M 102</name>
        <styleUrl>#poly-000000-1200-77-nodesc</styleUrl>
        <Polygon>
          <outerBoundaryIs>
            <LinearRing>
              <tessellate>1</tessellate>
              <coordinates>
                2.6609706,48.5434854,0
                2.662756,48.541056,0
                2.6630457,48.5401467,0
                2.6630779,48.5403208,0
                2.6631485,48.5411023,0
                2.6634275,48.5421358,0
                2.6636582,48.5424732,0
                2.6639639,48.5431445,0
                2.662875,48.5433114,0
                2.6609706,48.5434854,0
              </coordinates>
            </LinearRing>
          </outerBoundaryIs>
        </Polygon>
      </Placemark>
      <Placemark>
        <name>M 103</name>
        <styleUrl>#poly-000000-1200-77-nodesc</styleUrl>
        <Polygon>
          <outerBoundaryIs>
            <LinearRing>
              <tessellate>1</tessellate>
              <coordinates>
                2.6609613,48.5434491,0
                2.6606965,48.5428518,0
                2.6603301,48.5415251,0
                2.6611535,48.5413777,0
                2.6614899,48.5412664,0
                2.6618037,48.5411137,0
                2.6624341,48.5407195,0
                2.6627774,48.5405028,0
                2.663,48.5401885,0
                2.6629786,48.5403021,0
                2.6627372,48.5410462,0
                2.6609613,48.5434491,0
              </coordinates>
            </LinearRing>
          </outerBoundaryIs>
        </Polygon>
      </Placemark>
      <Placemark>
        <name>M 104</name>
        <styleUrl>#poly-000000-1200-77-nodesc</styleUrl>
        <Polygon>
          <outerBoundaryIs>
            <LinearRing>
              <tessellate>1</tessellate>
              <coordinates>
                2.6647216,48.5397103,0
                2.6643445,48.5399616,0
                2.6639154,48.5399208,0
                2.6636472,48.5409845,0
                2.6659734,48.5444879,0
                2.6647825,48.5439907,0
                2.6644606,48.543838,0
                2.6643514,48.5437254,0
                2.6638257,48.542596,0
                2.6634824,48.542042,0
                2.6631605,48.5404277,0
                2.6630908,48.54003,0
                2.6629164,48.5394599,0
                2.6632839,48.5394812,0
                2.6643595,48.5396606,0
                2.6647216,48.5397103,0
              </coordinates>
            </LinearRing>
          </outerBoundaryIs>
        </Polygon>
      </Placemark>
      <Placemark>
        <name>M 105</name>
        <styleUrl>#poly-000000-1200-77-nodesc</styleUrl>
        <Polygon>
          <outerBoundaryIs>
            <LinearRing>
              <tessellate>1</tessellate>
              <coordinates>
                2.6647496,48.5397189,0
                2.6643893,48.5406493,0
                2.6644323,48.540763,0
                2.6646146,48.5409583,0
                2.6670954,48.5431272,0
                2.6669961,48.5434433,0
                2.666001,48.5444821,0
                2.6636847,48.5409815,0
                2.6639422,48.5399373,0
                2.6643526,48.5399817,0
                2.6647496,48.5397189,0
              </coordinates>
            </LinearRing>
          </outerBoundaryIs>
        </Polygon>
      </Placemark>
      <Placemark>
        <name>M 106</name>
        <styleUrl>#poly-000000-1200-77-nodesc</styleUrl>
        <Polygon>
          <outerBoundaryIs>
            <LinearRing>
              <tessellate>1</tessellate>
              <coordinates>
                2.6609315,48.5372329,0
                2.6611836,48.5370695,0
                2.6613606,48.5370162,0
                2.6623745,48.5366326,0
                2.6627232,48.5364763,0
                2.6631684,48.5361247,0
                2.6634635,48.5362987,0
                2.6652606,48.5377728,0
                2.6651747,48.5378403,0
                2.6651586,48.5379042,0
                2.6652552,48.537961,0
                2.6653625,48.537961,0
                2.6653088,48.538746,0
                2.665105,48.5392646,0
                2.664928,48.5394564,0
                2.6649441,48.5396446,0
                2.6644291,48.5395878,0
                2.6629699,48.5393285,0
                2.6628895,48.5392823,0
                2.6627393,48.5392717,0
                2.6625515,48.5391438,0
                2.6624925,48.5391154,0
                2.6620741,48.5390976,0
                2.6619614,48.5390337,0
                2.6618649,48.5389236,0
                2.6609315,48.5372329,0
              </coordinates>
            </LinearRing>
          </outerBoundaryIs>
        </Polygon>
      </Placemark>
      <Placemark>
        <name>M 107</name>
        <styleUrl>#poly-000000-1200-77-nodesc</styleUrl>
        <Polygon>
          <outerBoundaryIs>
            <LinearRing>
              <tessellate>1</tessellate>
              <coordinates>
                2.661024,48.5435306,0
                2.6629069,48.5433388,0
                2.6639851,48.5431754,0
                2.664248,48.543733,0
                2.6643553,48.5438395,0
                2.66472,48.5440313,0
                2.6659431,48.5445356,0
                2.6657715,48.5447416,0
                2.665514,48.5448197,0
                2.6631965,48.5439763,0
                2.6614424,48.5438964,0
                2.661024,48.5435306,0
              </coordinates>
            </LinearRing>
          </outerBoundaryIs>
        </Polygon>
      </Placemark>
      <Placemark>
        <name>M 108</name>
        <styleUrl>#poly-000000-1200-77-nodesc</styleUrl>
        <Polygon>
          <outerBoundaryIs>
            <LinearRing>
              <tessellate>1</tessellate>
              <coordinates>
                2.6610159,48.543559,0
                2.6614317,48.5439159,0
                2.6629364,48.5439923,0
                2.6629766,48.5440562,0
                2.6614746,48.5443811,0
                2.6610159,48.543559,0
              </coordinates>
            </LinearRing>
          </outerBoundaryIs>
        </Polygon>
      </Placemark>
      <Placemark>
        <name>M 109</name>
        <styleUrl>#poly-000000-1200-77-nodesc</styleUrl>
        <Polygon>
          <outerBoundaryIs>
            <LinearRing>
              <tessellate>1</tessellate>
              <coordinates>
                2.661496,48.5444149,0
                2.6625314,48.5442071,0
                2.6630919,48.5452104,0
                2.6623999,48.5453684,0
                2.6622041,48.545491,0
                2.6619574,48.5451855,0
                2.661496,48.5444149,0
              </coordinates>
            </LinearRing>
          </outerBoundaryIs>
        </Polygon>
      </Placemark>
      <Placemark>
        <name>M 110</name>
        <styleUrl>#poly-000000-1200-77-nodesc</styleUrl>
        <Polygon>
          <outerBoundaryIs>
            <LinearRing>
              <tessellate>1</tessellate>
              <coordinates>
                2.6622444,48.5454927,0
                2.6624201,48.5453842,0
                2.663096,48.5452279,0
                2.6636486,48.5448976,0
                2.663611,48.5447147,0
                2.6645391,48.5444999,0
                2.6655006,48.5448339,0
                2.6654201,48.5448677,0
                2.6631805,48.5455726,0
                2.662931,48.5456774,0
                2.6626574,48.5456259,0
                2.662585,48.5455939,0
                2.6622444,48.5454927,0
              </coordinates>
            </LinearRing>
          </outerBoundaryIs>
        </Polygon>
      </Placemark>
      <Placemark>
        <name>M 111</name>
        <styleUrl>#poly-000000-1200-77-nodesc</styleUrl>
        <Polygon>
          <outerBoundaryIs>
            <LinearRing>
              <tessellate>1</tessellate>
              <coordinates>
                2.6631416,48.5456825,0
                2.6632301,48.5456363,0
                2.66367,48.5454925,0
                2.6649494,48.5451072,0
                2.6656736,48.5448497,0
                2.6655449,48.5449882,0
                2.6654564,48.5450983,0
                2.6654081,48.5452634,0
                2.6654108,48.545409,0
                2.6654617,48.54556,0
                2.6655208,48.5456843,0
                2.6656951,48.5458707,0
                2.665671,48.5459826,0
                2.6655851,48.5460589,0
                2.6654081,48.5461051,0
                2.6652418,48.5460838,0
                2.6650835,48.5459808,0
                2.6649065,48.5458032,0
                2.664582,48.545647,0
                2.6642547,48.5455706,0
                2.6638444,48.5455795,0
                2.6633482,48.5456789,0
                2.6631416,48.5456825,0
              </coordinates>
            </LinearRing>
          </outerBoundaryIs>
        </Polygon>
      </Placemark>
      <Placemark>
        <name>M 112</name>
        <styleUrl>#poly-000000-1200-77-nodesc</styleUrl>
        <Polygon>
          <outerBoundaryIs>
            <LinearRing>
              <tessellate>1</tessellate>
              <coordinates>
                2.6703931,48.5442509,0
                2.6706238,48.5441727,0
                2.6707955,48.544361,0
                2.6705406,48.5444497,0
                2.6703931,48.5442509,0
              </coordinates>
            </LinearRing>
          </outerBoundaryIs>
        </Polygon>
      </Placemark>
      <Placemark>
        <name>M 113</name>
        <styleUrl>#poly-000000-1200-77-nodesc</styleUrl>
        <Polygon>
          <outerBoundaryIs>
            <LinearRing>
              <tessellate>1</tessellate>
              <coordinates>
                2.6709698,48.5439437,0
                2.6712031,48.5439117,0
                2.6714445,48.544194,0
                2.6712514,48.5442722,0
                2.6709698,48.5439437,0
              </coordinates>
            </LinearRing>
          </outerBoundaryIs>
        </Polygon>
      </Placemark>
      <Placemark>
        <name>M 114</name>
        <styleUrl>#poly-000000-1200-77-nodesc</styleUrl>
        <Polygon>
          <outerBoundaryIs>
            <LinearRing>
              <tessellate>1</tessellate>
              <coordinates>
                2.6709537,48.5439277,0
                2.6707311,48.5436613,0
                2.6709483,48.5435956,0
                2.6712031,48.5438975,0
                2.6709537,48.5439277,0
              </coordinates>
            </LinearRing>
          </outerBoundaryIs>
        </Polygon>
      </Placemark>
      <Placemark>
        <name>M 115</name>
        <styleUrl>#poly-000000-1200-77-nodesc</styleUrl>
        <Polygon>
          <outerBoundaryIs>
            <LinearRing>
              <tessellate>1</tessellate>
              <coordinates>
                2.6716403,48.5440378,0
                2.6713265,48.5436613,0
                2.6715465,48.5435903,0
                2.6718549,48.5439508,0
                2.6716403,48.5440378,0
              </coordinates>
            </LinearRing>
          </outerBoundaryIs>
        </Polygon>
      </Placemark>
      <Placemark>
        <name>M 116</name>
        <styleUrl>#poly-000000-1200-77-nodesc</styleUrl>
        <Polygon>
          <outerBoundaryIs>
            <LinearRing>
              <tessellate>1</tessellate>
              <coordinates>
                2.6716495,48.5440479,0
                2.6718681,48.5439592,0
                2.6720452,48.5441714,0
                2.6718292,48.5442486,0
                2.6716495,48.5440479,0
              </coordinates>
            </LinearRing>
          </outerBoundaryIs>
        </Polygon>
      </Placemark>
      <Placemark>
        <name>M 117</name>
        <styleUrl>#poly-000000-1200-77-nodesc</styleUrl>
        <Polygon>
          <outerBoundaryIs>
            <LinearRing>
              <tessellate>1</tessellate>
              <coordinates>
                2.6719593,48.5443489,0
                2.6721779,48.5442593,0
                2.6725266,48.5446721,0
                2.6723174,48.5447485,0
                2.6719593,48.5443489,0
              </coordinates>
            </LinearRing>
          </outerBoundaryIs>
        </Polygon>
      </Placemark>
      <Placemark>
        <name>M 118</name>
        <styleUrl>#poly-000000-1200-77-nodesc</styleUrl>
        <Polygon>
          <outerBoundaryIs>
            <LinearRing>
              <tessellate>1</tessellate>
              <coordinates>
                2.6750183,48.547419,0
                2.6749325,48.5474279,0
                2.6748761,48.5475753,0
                2.6747474,48.5477475,0
                2.6744738,48.5477386,0
                2.6738623,48.5471562,0
                2.6738542,48.5463217,0
                2.6740902,48.546256,0
                2.6753992,48.5463465,0
                2.6753938,48.5465276,0
                2.6753536,48.5465845,0
                2.6751631,48.546984,0
                2.6750183,48.547419,0
              </coordinates>
            </LinearRing>
          </outerBoundaryIs>
        </Polygon>
      </Placemark>
      <Placemark>
        <name>M 119</name>
        <styleUrl>#poly-000000-1200-77-nodesc</styleUrl>
        <Polygon>
          <outerBoundaryIs>
            <LinearRing>
              <tessellate>1</tessellate>
              <coordinates>
                2.6757046,48.5444212,0
                2.6757033,48.5443093,0
                2.6761794,48.5443146,0
                2.6761928,48.5444194,0
                2.6757046,48.5444212,0
              </coordinates>
            </LinearRing>
          </outerBoundaryIs>
        </Polygon>
      </Placemark>
      <Placemark>
        <name>M 120</name>
        <styleUrl>#poly-000000-1200-77-nodesc</styleUrl>
        <Polygon>
          <outerBoundaryIs>
            <LinearRing>
              <tessellate>1</tessellate>
              <coordinates>
                2.6762255,48.5443206,0
                2.6769524,48.5443224,0
                2.6769497,48.5444165,0
                2.6762443,48.5444165,0
                2.6762255,48.5443206,0
              </coordinates>
            </LinearRing>
          </outerBoundaryIs>
        </Polygon>
      </Placemark>
      <Placemark>
        <name>M 121</name>
        <styleUrl>#poly-000000-1200-77-nodesc</styleUrl>
        <Polygon>
          <outerBoundaryIs>
            <LinearRing>
              <tessellate>1</tessellate>
              <coordinates>
                2.6770195,48.5443188,0
                2.677977,48.5443188,0
                2.6779019,48.5444165,0
                2.6770195,48.5444058,0
                2.6770195,48.5443188,0
              </coordinates>
            </LinearRing>
          </outerBoundaryIs>
        </Polygon>
      </Placemark>
      <Placemark>
        <name>M 122</name>
        <styleUrl>#poly-000000-1200-77-nodesc</styleUrl>
        <Polygon>
          <outerBoundaryIs>
            <LinearRing>
              <tessellate>1</tessellate>
              <coordinates>
                2.6582517,48.5431756,0
                2.6587141,48.5434823,0
                2.6597629,48.5444022,0
                2.6598353,48.5445584,0
                2.6598702,48.5448763,0
                2.6599989,48.5451036,0
                2.6599399,48.5452634,0
                2.6599319,48.5454498,0
                2.6598434,48.5455226,0
                2.6595349,48.5452403,0
                2.6594202,48.5452385,0
                2.6592922,48.5453575,0
                2.6591862,48.5453468,0
                2.6590306,48.5453912,0
                2.6588939,48.5453238,0
                2.658867,48.545274,0
                2.6585988,48.5451213,0
                2.6570126,48.5443796,0
                2.6572861,48.5441665,0
                2.6569696,48.5439108,0
                2.6582517,48.5431756,0
              </coordinates>
            </LinearRing>
          </outerBoundaryIs>
        </Polygon>
      </Placemark>
      <Placemark>
        <name>M 123</name>
        <styleUrl>#poly-000000-1200-77-nodesc</styleUrl>
        <Polygon>
          <outerBoundaryIs>
            <LinearRing>
              <tessellate>1</tessellate>
              <coordinates>
                2.6598541,48.5445059,0
                2.660825,48.5454577,0
                2.6609913,48.5456246,0
                2.6611844,48.5456743,0
                2.6619676,48.5453831,0
                2.6631746,48.5467966,0
                2.6628313,48.5468818,0
                2.6624665,48.5467717,0
                2.6621822,48.5467539,0
                2.6609538,48.5464769,0
                2.6603369,48.5462177,0
                2.659956,48.5461254,0
                2.659618,48.5458128,0
                2.659728,48.5456672,0
                2.6599801,48.5454417,0
                2.6599828,48.5452428,0
                2.6600338,48.5450901,0
                2.6598997,48.5448788,0
                2.6598541,48.5445059,0
              </coordinates>
            </LinearRing>
          </outerBoundaryIs>
        </Polygon>
      </Placemark>
      <Placemark>
        <name>M 124</name>
        <styleUrl>#poly-000000-1200-77-nodesc</styleUrl>
        <Polygon>
          <outerBoundaryIs>
            <LinearRing>
              <tessellate>1</tessellate>
              <coordinates>
                2.6590451,48.5455059,0
                2.6590359,48.5454683,0
                2.6591713,48.5454336,0
                2.659284,48.545367,0
                2.6597064,48.5456476,0
                2.6595911,48.5458127,0
                2.6599141,48.5461505,0
                2.660295,48.5462375,0
                2.6609146,48.5465056,0
                2.6621269,48.5467702,0
                2.6624515,48.5467933,0
                2.6628297,48.5468998,0
                2.663122,48.5468235,0
                2.6596298,48.5483576,0
                2.6586159,48.5473632,0
                2.6577147,48.5468306,0
                2.6590451,48.5455059,0
              </coordinates>
            </LinearRing>
          </outerBoundaryIs>
        </Polygon>
      </Placemark>
      <Placemark>
        <name>M 125</name>
        <styleUrl>#poly-000000-1200-77-nodesc</styleUrl>
        <Polygon>
          <outerBoundaryIs>
            <LinearRing>
              <tessellate>1</tessellate>
              <coordinates>
                2.6557787,48.541967,0
                2.6558914,48.5423932,0
                2.6542445,48.543718,0
                2.6538582,48.5435581,0
                2.6557358,48.5419528,0
                2.6557787,48.541967,0
              </coordinates>
            </LinearRing>
          </outerBoundaryIs>
        </Polygon>
      </Placemark>
      <Placemark>
        <name>M 126</name>
        <styleUrl>#poly-000000-1200-77-nodesc</styleUrl>
        <Polygon>
          <outerBoundaryIs>
            <LinearRing>
              <tessellate>1</tessellate>
              <coordinates>
                2.6538301,48.5435759,0
                2.6544041,48.5438139,0
                2.6535645,48.5445704,0
                2.6542941,48.5449468,0
                2.6540634,48.5451315,0
                2.652776,48.5445952,0
                2.6528564,48.5444354,0
                2.6538301,48.5435759,0
              </coordinates>
            </LinearRing>
          </outerBoundaryIs>
        </Polygon>
      </Placemark>
      <Placemark>
        <name>M 127</name>
        <styleUrl>#poly-000000-1200-77-nodesc</styleUrl>
        <Polygon>
          <outerBoundaryIs>
            <LinearRing>
              <tessellate>1</tessellate>
              <coordinates>
                2.6537898,48.5444425,0
                2.6539749,48.544272,0
                2.6546616,48.5446201,0
                2.6544738,48.5447657,0
                2.6543933,48.5447284,0
                2.6537898,48.5444425,0
              </coordinates>
            </LinearRing>
          </outerBoundaryIs>
        </Polygon>
      </Placemark>
      <Placemark>
        <name>M 128</name>
        <styleUrl>#poly-000000-1200-77-nodesc</styleUrl>
        <Polygon>
          <outerBoundaryIs>
            <LinearRing>
              <tessellate>1</tessellate>
              <coordinates>
                2.6545677,48.5444443,0
                2.6547018,48.54451,0
                2.6545972,48.5445863,0
                2.6544792,48.5445224,0
                2.6545677,48.5444443,0
              </coordinates>
            </LinearRing>
          </outerBoundaryIs>
        </Polygon>
      </Placemark>
      <Placemark>
        <name>M 129</name>
        <styleUrl>#poly-000000-1200-77-nodesc</styleUrl>
        <Polygon>
          <outerBoundaryIs>
            <LinearRing>
              <tessellate>1</tessellate>
              <coordinates>
                2.6515632,48.5472991,0
                2.6516598,48.5473523,0
                2.651743,48.5480519,0
                2.6518341,48.5483005,0
                2.6521158,48.548787,0
                2.6520112,48.5490605,0
                2.6505172,48.5496926,0
                2.6511421,48.5483538,0
                2.6512632,48.5479883,0
                2.6515632,48.5472991,0
              </coordinates>
            </LinearRing>
          </outerBoundaryIs>
        </Polygon>
      </Placemark>
      <Placemark>
        <name>M 130</name>
        <styleUrl>#poly-000000-1200-77-nodesc</styleUrl>
        <Polygon>
          <outerBoundaryIs>
            <LinearRing>
              <tessellate>1</tessellate>
              <coordinates>
                2.6505518,48.5496917,0
                2.6520351,48.5490703,0
                2.6521343,48.5488075,0
                2.6523542,48.5492194,0
                2.6524159,48.5497308,0
                2.650702,48.5497219,0
                2.6505518,48.5496917,0
              </coordinates>
            </LinearRing>
          </outerBoundaryIs>
        </Polygon>
      </Placemark>
      <Placemark>
        <name>M 131</name>
        <styleUrl>#poly-000000-1200-77-nodesc</styleUrl>
        <Polygon>
          <outerBoundaryIs>
            <LinearRing>
              <tessellate>1</tessellate>
              <coordinates>
                2.6517051,48.5473977,0
                2.654897,48.5488714,0
                2.6536578,48.5495426,0
                2.6536685,48.5497273,0
                2.652483,48.5497415,0
                2.6524186,48.5492372,0
                2.6518661,48.5481825,0
                2.6517051,48.5473977,0
              </coordinates>
            </LinearRing>
          </outerBoundaryIs>
        </Polygon>
      </Placemark>
      <Placemark>
        <name>M 132</name>
        <styleUrl>#poly-000000-1200-77-nodesc</styleUrl>
        <Polygon>
          <outerBoundaryIs>
            <LinearRing>
              <tessellate>1</tessellate>
              <coordinates>
                2.6549506,48.5489016,0
                2.6565224,48.5497326,0
                2.6537248,48.549729,0
                2.6537248,48.5495728,0
                2.6549506,48.5489016,0
              </coordinates>
            </LinearRing>
          </outerBoundaryIs>
        </Polygon>
      </Placemark>
      <Placemark>
        <name>M 133</name>
        <styleUrl>#poly-000000-1200-77-nodesc</styleUrl>
        <Polygon>
          <outerBoundaryIs>
            <LinearRing>
              <tessellate>1</tessellate>
              <coordinates>
                2.6596706,48.5483922,0
                2.6632111,48.5468368,0
                2.6636027,48.5472878,0
                2.6633452,48.5474938,0
                2.6629107,48.5480513,0
                2.6625084,48.5480584,0
                2.6622241,48.5481223,0
                2.661811,48.5482573,0
                2.6602393,48.5489604,0
                2.6596706,48.5483922,0
              </coordinates>
            </LinearRing>
          </outerBoundaryIs>
        </Polygon>
      </Placemark>
      <Placemark>
        <name>M 134</name>
        <styleUrl>#poly-000000-1200-77-nodesc</styleUrl>
        <Polygon>
          <outerBoundaryIs>
            <LinearRing>
              <tessellate>1</tessellate>
              <coordinates>
                2.6603008,48.5490149,0
                2.6611859,48.5486136,0
                2.6616687,48.549093,0
                2.6618565,48.5492422,0
                2.6622695,48.5493949,0
                2.6626397,48.5494553,0
                2.6626879,48.5501868,0
                2.6619208,48.5500767,0
                2.6614434,48.5499169,0
                2.6608909,48.5496151,0
                2.6603008,48.5490149,0
              </coordinates>
            </LinearRing>
          </outerBoundaryIs>
        </Polygon>
      </Placemark>
      <Placemark>
        <name>M 135</name>
        <styleUrl>#poly-000000-1200-77-nodesc</styleUrl>
        <Polygon>
          <outerBoundaryIs>
            <LinearRing>
              <tessellate>1</tessellate>
              <coordinates>
                2.6612476,48.5485923,0
                2.6615239,48.5484521,0
                2.6622025,48.5481804,0
                2.662358,48.5481342,0
                2.6626987,48.5480987,0
                2.6629052,48.5480952,0
                2.6627657,48.5486332,0
                2.6626584,48.5493967,0
                2.6624439,48.5493825,0
                2.6621542,48.5493079,0
                2.6617679,48.5490966,0
                2.6612476,48.5485923,0
              </coordinates>
            </LinearRing>
          </outerBoundaryIs>
        </Polygon>
      </Placemark>
      <Placemark>
        <name>M 136</name>
        <styleUrl>#poly-000000-1200-77-nodesc</styleUrl>
        <Polygon>
          <outerBoundaryIs>
            <LinearRing>
              <tessellate>1</tessellate>
              <coordinates>
                2.6629236,48.5484361,0
                2.6630524,48.5485071,0
                2.6647636,48.5505774,0
                2.663032,48.5514578,0
                2.6627852,48.5501581,0
                2.6627637,48.5494337,0
                2.6629236,48.5484361,0
              </coordinates>
            </LinearRing>
          </outerBoundaryIs>
        </Polygon>
      </Placemark>
      <Placemark>
        <name>M 137</name>
        <styleUrl>#poly-000000-1200-77-nodesc</styleUrl>
        <Polygon>
          <outerBoundaryIs>
            <LinearRing>
              <tessellate>1</tessellate>
              <coordinates>
                2.6496628,48.5519478,0
                2.6497955,48.5516397,0
                2.6499377,48.5516672,0
                2.6498022,48.5519717,0
                2.6496628,48.5519478,0
              </coordinates>
            </LinearRing>
          </outerBoundaryIs>
        </Polygon>
      </Placemark>
      <Placemark>
        <name>M 138</name>
        <styleUrl>#poly-000000-1200-77-nodesc</styleUrl>
        <Polygon>
          <outerBoundaryIs>
            <LinearRing>
              <tessellate>1</tessellate>
              <coordinates>
                2.6496493,48.5519646,0
                2.6497942,48.5519895,0
                2.6496936,48.5522176,0
                2.6500906,48.5522966,0
                2.6500544,48.5523978,0
                2.6495045,48.5522975,0
                2.6496493,48.5519646,0
              </coordinates>
            </LinearRing>
          </outerBoundaryIs>
        </Polygon>
      </Placemark>
      <Placemark>
        <name>M 139</name>
        <styleUrl>#poly-000000-1200-77-nodesc</styleUrl>
        <Polygon>
          <outerBoundaryIs>
            <LinearRing>
              <tessellate>1</tessellate>
              <coordinates>
                2.6500745,48.5524005,0
                2.6501174,48.5522957,0
                2.6506605,48.5523996,0
                2.6506056,48.5525052,0
                2.6500745,48.5524005,0
              </coordinates>
            </LinearRing>
          </outerBoundaryIs>
        </Polygon>
      </Placemark>
      <Placemark>
        <name>M 140</name>
        <styleUrl>#poly-000000-1200-77-nodesc</styleUrl>
        <Polygon>
          <outerBoundaryIs>
            <LinearRing>
              <tessellate>1</tessellate>
              <coordinates>
                2.6506297,48.5525079,0
                2.650682,48.5524058,0
                2.6513123,48.5525248,0
                2.6512627,48.5526295,0
                2.6506297,48.5525079,0
              </coordinates>
            </LinearRing>
          </outerBoundaryIs>
        </Polygon>
      </Placemark>
      <Placemark>
        <name>M 141</name>
        <styleUrl>#poly-000000-1200-77-nodesc</styleUrl>
        <Polygon>
          <outerBoundaryIs>
            <LinearRing>
              <tessellate>1</tessellate>
              <coordinates>
                2.651917,48.5523935,0
                2.6519251,48.5522674,0
                2.6527512,48.5522745,0
                2.6527512,48.5524006,0
                2.651917,48.5523935,0
              </coordinates>
            </LinearRing>
          </outerBoundaryIs>
        </Polygon>
      </Placemark>
      <Placemark>
        <name>M 142</name>
        <styleUrl>#poly-000000-1200-77-nodesc</styleUrl>
        <Polygon>
          <outerBoundaryIs>
            <LinearRing>
              <tessellate>1</tessellate>
              <coordinates>
                2.6526952,48.5522615,0
                2.6526899,48.5517572,0
                2.6528427,48.5517448,0
                2.6528454,48.5522561,0
                2.6526952,48.5522615,0
              </coordinates>
            </LinearRing>
          </outerBoundaryIs>
        </Polygon>
      </Placemark>
      <Placemark>
        <name>M 143</name>
        <styleUrl>#poly-000000-1200-77-nodesc</styleUrl>
        <Polygon>
          <outerBoundaryIs>
            <LinearRing>
              <tessellate>1</tessellate>
              <coordinates>
                2.652692,48.5517414,0
                2.6526946,48.5514449,0
                2.6528475,48.5514502,0
                2.6528395,48.5517254,0
                2.652692,48.5517414,0
              </coordinates>
            </LinearRing>
          </outerBoundaryIs>
        </Polygon>
      </Placemark>
      <Placemark>
        <name>M 144</name>
        <styleUrl>#poly-000000-1200-77-nodesc</styleUrl>
        <Polygon>
          <outerBoundaryIs>
            <LinearRing>
              <tessellate>1</tessellate>
              <coordinates>
                2.6526759,48.5514342,0
                2.6526651,48.551294,0
                2.6529012,48.551294,0
                2.6528797,48.5514396,0
                2.6526759,48.5514342,0
              </coordinates>
            </LinearRing>
          </outerBoundaryIs>
        </Polygon>
      </Placemark>
      <Placemark>
        <name>M 145</name>
        <styleUrl>#poly-000000-1200-77-nodesc</styleUrl>
        <Polygon>
          <outerBoundaryIs>
            <LinearRing>
              <tessellate>1</tessellate>
              <coordinates>
                2.65189,48.551855,0
                2.6519114,48.55123,0
                2.6521904,48.5512265,0
                2.6521877,48.5518532,0
                2.65189,48.551855,0
              </coordinates>
            </LinearRing>
          </outerBoundaryIs>
        </Polygon>
      </Placemark>
      <Placemark>
        <name>M 146</name>
        <styleUrl>#poly-000000-1200-77-nodesc</styleUrl>
        <Polygon>
          <outerBoundaryIs>
            <LinearRing>
              <tessellate>1</tessellate>
              <coordinates>
                2.650731,48.5513472,0
                2.6515651,48.5513419,0
                2.6515624,48.5514431,0
                2.6507336,48.5514449,0
                2.650731,48.5513472,0
              </coordinates>
            </LinearRing>
          </outerBoundaryIs>
        </Polygon>
      </Placemark>
      <Placemark>
        <name>M 147</name>
        <styleUrl>#poly-000000-1200-77-nodesc</styleUrl>
        <Polygon>
          <outerBoundaryIs>
            <LinearRing>
              <tessellate>1</tessellate>
              <coordinates>
                2.6501516,48.551452,0
                2.6501248,48.5513401,0
                2.6507068,48.5513366,0
                2.6507122,48.5514484,0
                2.6501516,48.551452,0
              </coordinates>
            </LinearRing>
          </outerBoundaryIs>
        </Polygon>
      </Placemark>
      <Placemark>
        <name>M 148</name>
        <styleUrl>#poly-000000-1200-77-nodesc</styleUrl>
        <Polygon>
          <outerBoundaryIs>
            <LinearRing>
              <tessellate>1</tessellate>
              <coordinates>
                2.6646138,48.5473476,0
                2.6654882,48.5478022,0
                2.6662231,48.5480934,0
                2.6679933,48.5487894,0
                2.6680738,48.5488817,0
                2.6689267,48.5492262,0
                2.6683278,48.5499702,0
                2.6679469,48.549505,0
                2.6678075,48.5494695,0
                2.6661338,48.5501051,0
                2.6630331,48.5464545,0
                2.6637573,48.5468771,0
                2.6646138,48.5473476,0
              </coordinates>
            </LinearRing>
          </outerBoundaryIs>
        </Polygon>
      </Placemark>
      <Placemark>
        <name>M 149</name>
        <styleUrl>#poly-000000-1200-77-nodesc</styleUrl>
        <Polygon>
          <outerBoundaryIs>
            <LinearRing>
              <tessellate>1</tessellate>
              <coordinates>
                2.6636554,48.5473716,0
                2.6660318,48.5501415,0
                2.6656778,48.550177,0
                2.6653184,48.5501379,0
                2.6635588,48.5479078,0
                2.6636554,48.547645,0
                2.6636554,48.5473716,0
              </coordinates>
            </LinearRing>
          </outerBoundaryIs>
        </Polygon>
      </Placemark>
      <Placemark>
        <name>M 150</name>
        <styleUrl>#poly-000000-1200-77-nodesc</styleUrl>
        <Polygon>
          <outerBoundaryIs>
            <LinearRing>
              <tessellate>1</tessellate>
              <coordinates>
                2.6633443,48.5470378,0
                2.6636125,48.5476557,0
                2.6634998,48.5479362,0
                2.6652915,48.5501699,0
                2.6656858,48.550193,0
                2.6660077,48.5501593,0
                2.664849,48.5505534,0
                2.6631458,48.5485186,0
                2.6629419,48.5483801,0
                2.6629956,48.5480978,0
                2.6634891,48.5475367,0
                2.6633443,48.5470378,0
              </coordinates>
            </LinearRing>
          </outerBoundaryIs>
        </Polygon>
      </Placemark>
      <Placemark>
        <name>M 151</name>
        <styleUrl>#poly-000000-1200-77-nodesc</styleUrl>
        <Polygon>
          <outerBoundaryIs>
            <LinearRing>
              <tessellate>1</tessellate>
              <coordinates>
                2.6630502,48.5515613,0
                2.6631502,48.5514946,0
                2.6647917,48.5506601,0
                2.6660953,48.5502269,0
                2.6665513,48.5507808,0
                2.6670735,48.5516074,0
                2.6670682,48.5517566,0
                2.6659899,48.5526194,0
                2.6655179,48.5527863,0
                2.6631575,48.5529532,0
                2.6631146,48.5518454,0
                2.6630502,48.5515613,0
              </coordinates>
            </LinearRing>
          </outerBoundaryIs>
        </Polygon>
      </Placemark>
      <Placemark>
        <name>M 152</name>
        <styleUrl>#poly-000000-1200-77-nodesc</styleUrl>
        <Polygon>
          <outerBoundaryIs>
            <LinearRing>
              <tessellate>1</tessellate>
              <coordinates>
                2.6576195,48.5468938,0
                2.6581506,48.5471743,0
                2.6585744,48.5474762,0
                2.6595078,48.5483888,0
                2.658392,48.5489251,0
                2.6579199,48.5484279,0
                2.6576463,48.5479307,0
                2.6571582,48.5473057,0
                2.6576195,48.5468938,0
              </coordinates>
            </LinearRing>
          </outerBoundaryIs>
        </Polygon>
      </Placemark>
      <Placemark>
        <name>M 163</name>
        <styleUrl>#poly-000000-1200-77-nodesc</styleUrl>
        <Polygon>
          <outerBoundaryIs>
            <LinearRing>
              <tessellate>1</tessellate>
              <coordinates>
                2.6686095,48.5505155,0
                2.6687516,48.5503575,0
                2.6693149,48.5505777,0
                2.6691942,48.5507197,0
                2.6686095,48.5505155,0
              </coordinates>
            </LinearRing>
          </outerBoundaryIs>
        </Polygon>
      </Placemark>
      <Placemark>
        <name>M 153</name>
        <styleUrl>#poly-000000-1200-77-nodesc</styleUrl>
        <Polygon>
          <outerBoundaryIs>
            <LinearRing>
              <tessellate>1</tessellate>
              <coordinates>
                2.6571045,48.5473625,0
                2.6576088,48.5479804,0
                2.6578502,48.5484527,0
                2.6583169,48.5489464,0
                2.6578233,48.549266,0
                2.6576678,48.54944,0
                2.6576141,48.5497347,0
                2.6566056,48.5497241,0
                2.6565788,48.549653,0
                2.6550446,48.5488434,0
                2.6558278,48.5483178,0
                2.6571045,48.5473625,0
              </coordinates>
            </LinearRing>
          </outerBoundaryIs>
        </Polygon>
      </Placemark>
      <Placemark>
        <name>M 154</name>
        <styleUrl>#poly-000000-1200-77-nodesc</styleUrl>
        <Polygon>
          <outerBoundaryIs>
            <LinearRing>
              <tessellate>1</tessellate>
              <coordinates>
                2.6589472,48.5487581,0
                2.6595614,48.5484599,0
                2.6608006,48.5496566,0
                2.661439,48.550001,0
                2.6620344,48.5501892,0
                2.6626996,48.5502816,0
                2.6627372,48.5506367,0
                2.6622704,48.5506296,0
                2.6612941,48.5502283,0
                2.6604358,48.5497951,0
                2.6599262,48.5493476,0
                2.6595346,48.5489925,0
                2.6592583,48.548776,0
                2.6589472,48.5487581,0
              </coordinates>
            </LinearRing>
          </outerBoundaryIs>
        </Polygon>
      </Placemark>
      <Placemark>
        <name>M 155</name>
        <styleUrl>#poly-000000-1200-77-nodesc</styleUrl>
        <Polygon>
          <outerBoundaryIs>
            <LinearRing>
              <tessellate>1</tessellate>
              <coordinates>
                2.6627532,48.550674,0
                2.6627908,48.5509403,0
                2.6626728,48.5510557,0
                2.6623965,48.5511232,0
                2.6617689,48.5511232,0
                2.6617447,48.5506562,0
                2.6627532,48.550674,0
              </coordinates>
            </LinearRing>
          </outerBoundaryIs>
        </Polygon>
      </Placemark>
      <Placemark>
        <name>M 156</name>
        <styleUrl>#poly-000000-1200-77-nodesc</styleUrl>
        <Polygon>
          <outerBoundaryIs>
            <LinearRing>
              <tessellate>1</tessellate>
              <coordinates>
                2.6589751,48.5487719,0
                2.6592407,48.5488075,0
                2.660394,48.5498337,0
                2.6620436,48.5505794,0
                2.6619551,48.5506416,0
                2.6617163,48.550638,0
                2.6617217,48.5508156,0
                2.6612496,48.5507694,0
                2.6601768,48.5502634,0
                2.6597637,48.5493437,0
                2.6594445,48.5492442,0
                2.6591334,48.5492638,0
                2.6590958,48.549191,0
                2.6590583,48.5488554,0
                2.6589751,48.5487719,0
              </coordinates>
            </LinearRing>
          </outerBoundaryIs>
        </Polygon>
      </Placemark>
      <Placemark>
        <name>M 157</name>
        <styleUrl>#poly-000000-1200-77-nodesc</styleUrl>
        <Polygon>
          <outerBoundaryIs>
            <LinearRing>
              <tessellate>1</tessellate>
              <coordinates>
                2.6604896,48.551015,0
                2.6605164,48.5508215,0
                2.6612567,48.5509049,0
                2.6612272,48.5510754,0
                2.6604896,48.551015,0
              </coordinates>
            </LinearRing>
          </outerBoundaryIs>
        </Polygon>
      </Placemark>
      <Placemark>
        <name>M 158</name>
        <styleUrl>#poly-000000-1200-77-nodesc</styleUrl>
        <Polygon>
          <outerBoundaryIs>
            <LinearRing>
              <tessellate>1</tessellate>
              <coordinates>
                2.6602269,48.5509169,0
                2.6602081,48.5509187,0
                2.659948,48.5502955,0
                2.6601545,48.5502653,0
                2.6604254,48.5508814,0
                2.6602269,48.5509169,0
              </coordinates>
            </LinearRing>
          </outerBoundaryIs>
        </Polygon>
      </Placemark>
      <Placemark>
        <name>M 159</name>
        <styleUrl>#poly-000000-1200-77-nodesc</styleUrl>
        <Polygon>
          <outerBoundaryIs>
            <LinearRing>
              <tessellate>1</tessellate>
              <coordinates>
                2.6596798,48.5496864,0
                2.6598809,48.5496598,0
                2.6601545,48.5502653,0
                2.659948,48.5502955,0
                2.6596798,48.5496864,0
              </coordinates>
            </LinearRing>
          </outerBoundaryIs>
        </Polygon>
      </Placemark>
      <Placemark>
        <name>M 160</name>
        <styleUrl>#poly-000000-1200-77-nodesc</styleUrl>
        <Polygon>
          <outerBoundaryIs>
            <LinearRing>
              <tessellate>1</tessellate>
              <coordinates>
                2.6696089,48.5502648,0
                2.6698744,48.5501405,0
                2.6701158,48.550405,0
                2.669861,48.550524,0
                2.6696089,48.5502648,0
              </coordinates>
            </LinearRing>
          </outerBoundaryIs>
        </Polygon>
      </Placemark>
      <Placemark>
        <name>M 161</name>
        <styleUrl>#poly-000000-1200-77-nodesc</styleUrl>
        <Polygon>
          <outerBoundaryIs>
            <LinearRing>
              <tessellate>1</tessellate>
              <coordinates>
                2.6688633,48.5501636,0
                2.6690188,48.5499665,0
                2.6694077,48.5501014,0
                2.669279,48.5502914,0
                2.6688633,48.5501636,0
              </coordinates>
            </LinearRing>
          </outerBoundaryIs>
        </Polygon>
      </Placemark>
      <Placemark>
        <name>M 162</name>
        <styleUrl>#poly-000000-1200-77-nodesc</styleUrl>
        <Polygon>
          <outerBoundaryIs>
            <LinearRing>
              <tessellate>1</tessellate>
              <coordinates>
                2.6689088,48.5496611,0
                2.6692012,48.5497516,0
                2.6689732,48.5500286,0
                2.6687104,48.5499416,0
                2.6689088,48.5496611,0
              </coordinates>
            </LinearRing>
          </outerBoundaryIs>
        </Polygon>
      </Placemark>
      <Placemark>
        <name>M 164</name>
        <styleUrl>#poly-000000-1200-77-nodesc</styleUrl>
        <Polygon>
          <outerBoundaryIs>
            <LinearRing>
              <tessellate>1</tessellate>
              <coordinates>
                2.6676412,48.5505919,0
                2.6682528,48.5503788,0
                2.6684486,48.5501817,0
                2.6686149,48.5502687,0
                2.6684298,48.5504889,0
                2.6677592,48.5507357,0
                2.6676412,48.5505919,0
              </coordinates>
            </LinearRing>
          </outerBoundaryIs>
        </Polygon>
      </Placemark>
      <Placemark>
        <name>M 165</name>
        <styleUrl>#poly-000000-1200-77-nodesc</styleUrl>
        <Polygon>
          <outerBoundaryIs>
            <LinearRing>
              <tessellate>1</tessellate>
              <coordinates>
                2.6682194,48.5512008,0
                2.6684769,48.5511156,0
                2.6686566,48.5513464,0
                2.6684286,48.551421,0
                2.6682194,48.5512008,0
              </coordinates>
            </LinearRing>
          </outerBoundaryIs>
        </Polygon>
      </Placemark>
      <Placemark>
        <name>M 166</name>
        <styleUrl>#poly-000000-1200-77-nodesc</styleUrl>
        <Polygon>
          <outerBoundaryIs>
            <LinearRing>
              <tessellate>1</tessellate>
              <coordinates>
                2.6682261,48.5511866,0
                2.6684755,48.5511041,0
                2.6686606,48.551334,0
                2.668438,48.5514077,0
                2.6682261,48.5511866,0
              </coordinates>
            </LinearRing>
          </outerBoundaryIs>
        </Polygon>
      </Placemark>
      <Placemark>
        <name>M 167</name>
        <styleUrl>#poly-000000-1200-77-nodesc</styleUrl>
        <Polygon>
          <outerBoundaryIs>
            <LinearRing>
              <tessellate>1</tessellate>
              <coordinates>
                2.6674804,48.5510473,0
                2.667699,48.5509532,0
                2.6679109,48.5511911,0
                2.667691,48.5512674,0
                2.6674804,48.5510473,0
              </coordinates>
            </LinearRing>
          </outerBoundaryIs>
        </Polygon>
      </Placemark>
      <Placemark>
        <name>M 168</name>
        <styleUrl>#poly-000000-1200-77-nodesc</styleUrl>
        <Polygon>
          <outerBoundaryIs>
            <LinearRing>
              <tessellate>1</tessellate>
              <coordinates>
                2.6674684,48.5510508,0
                2.6677071,48.5509461,0
                2.6679149,48.5511733,0
                2.6676722,48.5512639,0
                2.6674684,48.5510508,0
              </coordinates>
            </LinearRing>
          </outerBoundaryIs>
        </Polygon>
      </Placemark>
      <Placemark>
        <name>M 169</name>
        <styleUrl>#poly-000000-1200-77-nodesc</styleUrl>
        <Polygon>
          <outerBoundaryIs>
            <LinearRing>
              <tessellate>1</tessellate>
              <coordinates>
                2.6714536,48.5489381,0
                2.6718881,48.5487819,0
                2.672041,48.5489435,0
                2.6716172,48.5491068,0
                2.6714536,48.5489381,0
              </coordinates>
            </LinearRing>
          </outerBoundaryIs>
        </Polygon>
      </Placemark>
      <Placemark>
        <name>M 170</name>
        <styleUrl>#poly-000000-1200-77-nodesc</styleUrl>
        <Polygon>
          <outerBoundaryIs>
            <LinearRing>
              <tessellate>1</tessellate>
              <coordinates>
                2.6708957,48.5489648,0
                2.6713436,48.548773,0
                2.6715314,48.5489488,0
                2.6710486,48.5491157,0
                2.6708957,48.5489648,0
              </coordinates>
            </LinearRing>
          </outerBoundaryIs>
        </Polygon>
      </Placemark>
      <Placemark>
        <name>M 171</name>
        <styleUrl>#poly-000000-1200-77-nodesc</styleUrl>
        <Polygon>
          <outerBoundaryIs>
            <LinearRing>
              <tessellate>1</tessellate>
              <coordinates>
                2.6713248,48.5494619,0
                2.671923,48.5492489,0
                2.6721724,48.5494974,0
                2.6715716,48.5497158,0
                2.6713248,48.5494619,0
              </coordinates>
            </LinearRing>
          </outerBoundaryIs>
        </Polygon>
      </Placemark>
      <Placemark>
        <name>M 172</name>
        <styleUrl>#poly-000000-1200-77-nodesc</styleUrl>
        <Polygon>
          <outerBoundaryIs>
            <LinearRing>
              <tessellate>1</tessellate>
              <coordinates>
                2.6723172,48.5497549,0
                2.6725801,48.5496626,0
                2.6728188,48.5499431,0
                2.6725667,48.5500336,0
                2.6723172,48.5497549,0
              </coordinates>
            </LinearRing>
          </outerBoundaryIs>
        </Polygon>
      </Placemark>
      <Placemark>
        <name>M 173</name>
        <styleUrl>#poly-000000-1200-77-nodesc</styleUrl>
        <Polygon>
          <outerBoundaryIs>
            <LinearRing>
              <tessellate>1</tessellate>
              <coordinates>
                2.6723226,48.5497389,0
                2.6725908,48.5496448,0
                2.6728242,48.549928,0
                2.6725761,48.5500123,0
                2.6723226,48.5497389,0
              </coordinates>
            </LinearRing>
          </outerBoundaryIs>
        </Polygon>
      </Placemark>
      <Placemark>
        <name>M 174</name>
        <styleUrl>#poly-000000-1200-77-nodesc</styleUrl>
        <Polygon>
          <outerBoundaryIs>
            <LinearRing>
              <tessellate>1</tessellate>
              <coordinates>
                2.6720665,48.5503204,0
                2.6724004,48.5501855,0
                2.6725345,48.5503337,0
                2.6721778,48.5504571,0
                2.6720665,48.5503204,0
              </coordinates>
            </LinearRing>
          </outerBoundaryIs>
        </Polygon>
      </Placemark>
      <Placemark>
        <name>M 175</name>
        <styleUrl>#poly-000000-1200-77-nodesc</styleUrl>
        <Polygon>
          <outerBoundaryIs>
            <LinearRing>
              <tessellate>1</tessellate>
              <coordinates>
                2.6720772,48.5503142,0
                2.6724084,48.5501766,0
                2.6725318,48.5503177,0
                2.6721898,48.5504429,0
                2.6720772,48.5503142,0
              </coordinates>
            </LinearRing>
          </outerBoundaryIs>
        </Polygon>
      </Placemark>
      <Placemark>
        <name>M 176</name>
        <styleUrl>#poly-000000-1200-77-nodesc</styleUrl>
        <Polygon>
          <outerBoundaryIs>
            <LinearRing>
              <tessellate>1</tessellate>
              <coordinates>
                2.6713956,48.5506012,0
                2.6716262,48.5505062,0
                2.6718515,48.5507859,0
                2.6716236,48.5508693,0
                2.6713956,48.5506012,0
              </coordinates>
            </LinearRing>
          </outerBoundaryIs>
        </Polygon>
      </Placemark>
      <Placemark>
        <name>M 177</name>
        <styleUrl>#poly-000000-1200-77-nodesc</styleUrl>
        <Polygon>
          <outerBoundaryIs>
            <LinearRing>
              <tessellate>1</tessellate>
              <coordinates>
                2.6714009,48.550587,0
                2.6716343,48.550492,0
                2.6718542,48.5507708,0
                2.6716289,48.5508507,0
                2.6714009,48.550587,0
              </coordinates>
            </LinearRing>
          </outerBoundaryIs>
        </Polygon>
      </Placemark>
      <Placemark>
        <name>M 178</name>
        <styleUrl>#poly-000000-1200-77-nodesc</styleUrl>
        <Polygon>
          <outerBoundaryIs>
            <LinearRing>
              <tessellate>1</tessellate>
              <coordinates>
                2.6708219,48.5504834,0
                2.6711867,48.5503352,0
                2.6713154,48.550487,0
                2.6709547,48.5506148,0
                2.6708219,48.5504834,0
              </coordinates>
            </LinearRing>
          </outerBoundaryIs>
        </Polygon>
      </Placemark>
      <Placemark>
        <name>M 179</name>
        <styleUrl>#poly-000000-1200-77-nodesc</styleUrl>
        <Polygon>
          <outerBoundaryIs>
            <LinearRing>
              <tessellate>1</tessellate>
              <coordinates>
                2.6708246,48.5504675,0
                2.6711907,48.5503236,0
                2.6713248,48.5504719,0
                2.6709627,48.550598,0
                2.6708246,48.5504675,0
              </coordinates>
            </LinearRing>
          </outerBoundaryIs>
        </Polygon>
      </Placemark>
      <Placemark>
        <name>M 180</name>
        <styleUrl>#poly-000000-1200-77-nodesc</styleUrl>
        <Polygon>
          <outerBoundaryIs>
            <LinearRing>
              <tessellate>1</tessellate>
              <coordinates>
                2.6704516,48.5500625,0
                2.671039,48.5498423,0
                2.6713032,48.550146,0
                2.6707131,48.5503413,0
                2.6704516,48.5500625,0
              </coordinates>
            </LinearRing>
          </outerBoundaryIs>
        </Polygon>
      </Placemark>
      <Placemark>
        <name>M 181</name>
        <styleUrl>#poly-000000-1200-77-nodesc</styleUrl>
        <Polygon>
          <outerBoundaryIs>
            <LinearRing>
              <tessellate>1</tessellate>
              <coordinates>
                2.6533719,48.5518765,0
                2.6533692,48.5514486,0
                2.6535114,48.5514575,0
                2.6535168,48.5518765,0
                2.6533719,48.5518765,0
              </coordinates>
            </LinearRing>
          </outerBoundaryIs>
        </Polygon>
      </Placemark>
      <Placemark>
        <name>M 182</name>
        <styleUrl>#poly-000000-1200-77-nodesc</styleUrl>
        <Polygon>
          <outerBoundaryIs>
            <LinearRing>
              <tessellate>1</tessellate>
              <coordinates>
                2.6533666,48.5522653,0
                2.6533719,48.5518765,0
                2.6535168,48.5518765,0
                2.6535194,48.5522653,0
                2.6533666,48.5522653,0
              </coordinates>
            </LinearRing>
          </outerBoundaryIs>
        </Polygon>
      </Placemark>
      <Placemark>
        <name>M 183</name>
        <styleUrl>#poly-000000-1200-77-nodesc</styleUrl>
        <Polygon>
          <outerBoundaryIs>
            <LinearRing>
              <tessellate>1</tessellate>
              <coordinates>
                2.6534899,48.5523683,0
                2.6534819,48.5522618,0
                2.6541068,48.5522582,0
                2.6541176,48.5523701,0
                2.6534899,48.5523683,0
              </coordinates>
            </LinearRing>
          </outerBoundaryIs>
        </Polygon>
      </Placemark>
      <Placemark>
        <name>M 184</name>
        <styleUrl>#poly-000000-1200-77-nodesc</styleUrl>
        <Polygon>
          <outerBoundaryIs>
            <LinearRing>
              <tessellate>1</tessellate>
              <coordinates>
                2.6543161,48.5522525,0
                2.6543161,48.5518849,0
                2.6544743,48.551869,0
                2.6544689,48.5522578,0
                2.6543161,48.5522525,0
              </coordinates>
            </LinearRing>
          </outerBoundaryIs>
        </Polygon>
      </Placemark>
      <Placemark>
        <name>M 185</name>
        <styleUrl>#poly-000000-1200-77-nodesc</styleUrl>
        <Polygon>
          <outerBoundaryIs>
            <LinearRing>
              <tessellate>1</tessellate>
              <coordinates>
                2.6544689,48.5514357,0
                2.6544743,48.551869,0
                2.6543161,48.5518849,0
                2.6543295,48.5514251,0
                2.6544689,48.5514357,0
              </coordinates>
            </LinearRing>
          </outerBoundaryIs>
        </Polygon>
      </Placemark>
      <Placemark>
        <name>M 186</name>
        <styleUrl>#poly-000000-1200-77-nodesc</styleUrl>
        <Polygon>
          <outerBoundaryIs>
            <LinearRing>
              <tessellate>1</tessellate>
              <coordinates>
                2.6550107,48.551544,0
                2.6551905,48.5515387,0
                2.6552012,48.5519932,0
                2.6549866,48.5519932,0
                2.6550107,48.551544,0
              </coordinates>
            </LinearRing>
          </outerBoundaryIs>
        </Polygon>
      </Placemark>
      <Placemark>
        <name>M 187</name>
        <styleUrl>#poly-000000-1200-77-nodesc</styleUrl>
        <Polygon>
          <outerBoundaryIs>
            <LinearRing>
              <tessellate>1</tessellate>
              <coordinates>
                2.6549866,48.552359,0
                2.6549866,48.5519932,0
                2.6552012,48.5519932,0
                2.6552146,48.5523661,0
                2.6549866,48.552359,0
              </coordinates>
            </LinearRing>
          </outerBoundaryIs>
        </Polygon>
      </Placemark>
      <Placemark>
        <name>M 188</name>
        <styleUrl>#poly-000000-1200-77-nodesc</styleUrl>
        <Polygon>
          <outerBoundaryIs>
            <LinearRing>
              <tessellate>1</tessellate>
              <coordinates>
                2.655169,48.5524655,0
                2.655177,48.552359,0
                2.6556438,48.5523519,0
                2.6556545,48.5524655,0
                2.655169,48.5524655,0
              </coordinates>
            </LinearRing>
          </outerBoundaryIs>
        </Polygon>
      </Placemark>
      <Placemark>
        <name>M 189</name>
        <styleUrl>#poly-000000-1200-77-nodesc</styleUrl>
        <Polygon>
          <outerBoundaryIs>
            <LinearRing>
              <tessellate>1</tessellate>
              <coordinates>
                2.6561185,48.5522525,0
                2.6561131,48.5518725,0
                2.6563143,48.5518725,0
                2.6563277,48.5522525,0
                2.6561185,48.5522525,0
              </coordinates>
            </LinearRing>
          </outerBoundaryIs>
        </Polygon>
      </Placemark>
      <Placemark>
        <name>M 190</name>
        <styleUrl>#poly-000000-1200-77-nodesc</styleUrl>
        <Polygon>
          <outerBoundaryIs>
            <LinearRing>
              <tessellate>1</tessellate>
              <coordinates>
                2.6561131,48.5518725,0
                2.6561158,48.5514073,0
                2.6563277,48.5513967,0
                2.6563143,48.5518725,0
                2.6561131,48.5518725,0
              </coordinates>
            </LinearRing>
          </outerBoundaryIs>
        </Polygon>
      </Placemark>
      <Placemark>
        <name>M 191</name>
        <styleUrl>#poly-000000-1200-77-nodesc</styleUrl>
        <Polygon>
          <outerBoundaryIs>
            <LinearRing>
              <tessellate>1</tessellate>
              <coordinates>
                2.6551395,48.5514854,0
                2.6551314,48.5513274,0
                2.6559763,48.5513274,0
                2.655979,48.5514819,0
                2.6551395,48.5514854,0
              </coordinates>
            </LinearRing>
          </outerBoundaryIs>
        </Polygon>
      </Placemark>
      <Placemark>
        <name>M 192</name>
        <styleUrl>#poly-000000-1200-77-nodesc</styleUrl>
        <Polygon>
          <outerBoundaryIs>
            <LinearRing>
              <tessellate>1</tessellate>
              <coordinates>
                2.6564591,48.5524655,0
                2.6564565,48.5523448,0
                2.6568481,48.552343,0
                2.6568481,48.5522382,0
                2.6570036,48.55224,0
                2.6570009,48.5524584,0
                2.6564591,48.5524655,0
              </coordinates>
            </LinearRing>
          </outerBoundaryIs>
        </Polygon>
      </Placemark>
      <Placemark>
        <name>M 193</name>
        <styleUrl>#poly-000000-1200-77-nodesc</styleUrl>
        <Polygon>
          <outerBoundaryIs>
            <LinearRing>
              <tessellate>1</tessellate>
              <coordinates>
                2.656847,48.5522207,0
                2.6568389,48.551736,0
                2.6569972,48.5517271,0
                2.6570052,48.5522171,0
                2.656847,48.5522207,0
              </coordinates>
            </LinearRing>
          </outerBoundaryIs>
        </Polygon>
      </Placemark>
      <Placemark>
        <name>M 194</name>
        <styleUrl>#poly-000000-1200-77-nodesc</styleUrl>
        <Polygon>
          <outerBoundaryIs>
            <LinearRing>
              <tessellate>1</tessellate>
              <coordinates>
                2.6568389,48.5517195,0
                2.6568336,48.5510413,0
                2.6569999,48.5510466,0
                2.6569918,48.5517124,0
                2.6568389,48.5517195,0
              </coordinates>
            </LinearRing>
          </outerBoundaryIs>
        </Polygon>
      </Placemark>
      <Placemark>
        <name>M 195</name>
        <styleUrl>#poly-000000-1200-77-nodesc</styleUrl>
        <Polygon>
          <outerBoundaryIs>
            <LinearRing>
              <tessellate>1</tessellate>
              <coordinates>
                2.6568363,48.5510218,0
                2.6568229,48.5504465,0
                2.6569972,48.5504394,0
                2.6569972,48.5510306,0
                2.6568363,48.5510218,0
              </coordinates>
            </LinearRing>
          </outerBoundaryIs>
        </Polygon>
      </Placemark>
      <Placemark>
        <name>M 196</name>
        <styleUrl>#poly-000000-1200-77-nodesc</styleUrl>
        <Polygon>
          <outerBoundaryIs>
            <LinearRing>
              <tessellate>1</tessellate>
              <coordinates>
                2.6532039,48.5502005,0
                2.6537215,48.550307,0
                2.6537242,48.5510545,0
                2.6532495,48.551122,0
                2.6532039,48.5502005,0
              </coordinates>
            </LinearRing>
          </outerBoundaryIs>
        </Polygon>
      </Placemark>
      <Placemark>
        <name>M 197</name>
        <styleUrl>#poly-000000-1200-77-nodesc</styleUrl>
        <Polygon>
          <outerBoundaryIs>
            <LinearRing>
              <tessellate>1</tessellate>
              <coordinates>
                2.6546496,48.5511166,0
                2.6541936,48.551019,0
                2.6542151,48.5502733,0
                2.6546469,48.5502022,0
                2.6546496,48.5511166,0
              </coordinates>
            </LinearRing>
          </outerBoundaryIs>
        </Polygon>
      </Placemark>
      <Placemark>
        <name>M 198</name>
        <styleUrl>#poly-000000-1200-77-nodesc</styleUrl>
        <Polygon>
          <outerBoundaryIs>
            <LinearRing>
              <tessellate>1</tessellate>
              <coordinates>
                2.6565499,48.5503558,0
                2.6565606,48.550093,0
                2.6568838,48.5500957,0
                2.6568758,48.5503594,0
                2.6565499,48.5503558,0
              </coordinates>
            </LinearRing>
          </outerBoundaryIs>
        </Polygon>
      </Placemark>
      <Placemark>
        <name>M 199</name>
        <styleUrl>#poly-000000-1200-77-nodesc</styleUrl>
        <Polygon>
          <outerBoundaryIs>
            <LinearRing>
              <tessellate>1</tessellate>
              <coordinates>
                2.6565298,48.5503336,0
                2.6565486,48.5500797,0
                2.6568691,48.5500788,0
                2.6568543,48.5503425,0
                2.6565298,48.5503336,0
              </coordinates>
            </LinearRing>
          </outerBoundaryIs>
        </Polygon>
      </Placemark>
      <Placemark>
        <name>M 200</name>
        <styleUrl>#poly-000000-1200-77-nodesc</styleUrl>
        <Polygon>
          <outerBoundaryIs>
            <LinearRing>
              <tessellate>1</tessellate>
              <coordinates>
                2.6630013,48.5463927,0
                2.663061,48.5462313,0
                2.6631147,48.5460821,0
                2.6632509,48.5459028,0
                2.6634145,48.5457803,0
                2.6637391,48.5456613,0
                2.6640529,48.5456436,0
                2.6643077,48.5456684,0
                2.664635,48.5457465,0
                2.6648104,48.5458421,0
                2.6648989,48.545922,0
                2.6650035,48.546025,0
                2.6651135,48.5461173,0
                2.6653308,48.5461812,0
                2.6655239,48.5461706,0
                2.6656634,48.5461155,0
                2.6657626,48.5460303,0
                2.6658082,48.5458954,0
                2.6657492,48.5457799,0
                2.6655856,48.5455882,0
                2.6655132,48.545352,0
                2.6655561,48.5451425,0
                2.6657117,48.5449507,0
                2.6660523,48.5445849,0
                2.6659461,48.5449117,0
                2.6659837,48.5449952,0
                2.6658576,48.5453095,0
                2.6662626,48.5456202,0
                2.6663027,48.5461552,0
                2.6665387,48.5462795,0
                2.6665763,48.546901,0
                2.6671985,48.5471495,0
                2.6686992,48.5480371,0
                2.6688923,48.5487509,0
                2.6689889,48.5491877,0
                2.6681681,48.5488859,0
                2.66806,48.5487365,0
                2.665603,48.547799,0
                2.6645302,48.5472415,0
                2.6631676,48.5464318,0
                2.6630013,48.5463927,0
              </coordinates>
            </LinearRing>
          </outerBoundaryIs>
        </Polygon>
      </Placemark>
      <Placemark>
        <name>M 201</name>
        <styleUrl>#poly-000000-1200-77-nodesc</styleUrl>
        <Polygon>
          <outerBoundaryIs>
            <LinearRing>
              <tessellate>1</tessellate>
              <coordinates>
                2.6697344,48.5480069,0
                2.6688063,48.5483052,0
                2.6687634,48.5480246,0
                2.6672775,48.5471102,0
                2.6666337,48.5468652,0
                2.6665989,48.5462259,0
                2.6663843,48.5461229,0
                2.666314,48.5455812,0
                2.6659277,48.5453042,0
                2.666035,48.5449916,0
                2.6660243,48.5448957,0
                2.666094,48.5446081,0
                2.6668343,48.5449028,0
                2.6677677,48.5453716,0
                2.6686207,48.5458617,0
                2.6689318,48.5460464,0
                2.6698062,48.5463056,0
                2.6693524,48.547043,0
                2.6693116,48.5472548,0
                2.6693974,48.5475957,0
                2.6697344,48.5480069,0
              </coordinates>
            </LinearRing>
          </outerBoundaryIs>
        </Polygon>
      </Placemark>
      <Placemark>
        <name>M 202</name>
        <styleUrl>#poly-000000-1200-77-nodesc</styleUrl>
        <Polygon>
          <outerBoundaryIs>
            <LinearRing>
              <tessellate>1</tessellate>
              <coordinates>
                2.6698695,48.5480715,0
                2.6696174,48.5477697,0
                2.6694242,48.5474891,0
                2.669376,48.547237,0
                2.6694511,48.5470062,0
                2.669891,48.5463243,0
                2.670363,48.546438,0
                2.6707439,48.546612,0
                2.6711516,48.5468428,0
                2.6715217,48.547063,0
                2.6720743,48.5472335,0
                2.6724551,48.5473187,0
                2.6728789,48.5474785,0
                2.6731686,48.5476632,0
                2.6734851,48.5479508,0
                2.6737319,48.5483201,0
                2.6734261,48.5483095,0
                2.6731096,48.5482242,0
                2.6725624,48.5480218,0
                2.672144,48.5479437,0
                2.6720099,48.5476632,0
                2.6714896,48.547443,0
                2.6709907,48.5474678,0
                2.6709102,48.547649,0
                2.6698695,48.5480715,0
              </coordinates>
            </LinearRing>
          </outerBoundaryIs>
        </Polygon>
      </Placemark>
      <Placemark>
        <name>M 203</name>
        <styleUrl>#poly-000000-1200-77-nodesc</styleUrl>
        <Polygon>
          <outerBoundaryIs>
            <LinearRing>
              <tessellate>1</tessellate>
              <coordinates>
                2.6721073,48.5479583,0
                2.6718069,48.547967,0
                2.6713348,48.5480451,0
                2.6709486,48.5482013,0
                2.6696236,48.5487056,0
                2.6693446,48.5488725,0
                2.669232,48.54894,0
                2.6690228,48.5491495,0
                2.6688297,48.5483187,0
                2.669747,48.5480258,0
                2.6698087,48.5480915,0
                2.6698757,48.548095,0
                2.6709298,48.5476724,0
                2.6710237,48.5474824,0
                2.6714824,48.5474736,0
                2.6719813,48.5476831,0
                2.6721073,48.5479583,0
              </coordinates>
            </LinearRing>
          </outerBoundaryIs>
        </Polygon>
      </Placemark>
      <Placemark>
        <name>M 206</name>
        <styleUrl>#poly-000000-1200-77-nodesc</styleUrl>
        <Polygon>
          <outerBoundaryIs>
            <LinearRing>
              <tessellate>1</tessellate>
              <coordinates>
                2.6732955,48.5499893,0
                2.6733921,48.5500124,0
                2.6735611,48.5499822,0
                2.6736737,48.5499343,0
                2.6738025,48.5497638,0
                2.6738186,48.5495437,0
                2.6737381,48.5492738,0
                2.6735772,48.549043,0
                2.6730944,48.5488192,0
                2.6723272,48.5484677,0
                2.6720054,48.5483114,0
                2.6719196,48.5481126,0
                2.6722736,48.5481055,0
                2.6725579,48.5481729,0
                2.6729924,48.548354,0
                2.673443,48.5484428,0
                2.6738454,48.5484357,0
                2.6744864,48.5488707,0
                2.6750658,48.5492827,0
                2.6735959,48.5502521,0
                2.6732955,48.5499893,0
              </coordinates>
            </LinearRing>
          </outerBoundaryIs>
        </Polygon>
      </Placemark>
      <Placemark>
        <name>M 212</name>
        <styleUrl>#poly-000000-1200-77-nodesc</styleUrl>
        <Polygon>
          <outerBoundaryIs>
            <LinearRing>
              <tessellate>1</tessellate>
              <coordinates>
                2.6520571,48.5272343,0
                2.6521188,48.5273799,0
                2.6505739,48.5276588,0
                2.6504585,48.5275362,0
                2.6506838,48.5274687,0
                2.6508716,48.5274847,0
                2.6510218,48.5274527,0
                2.6510888,48.5275593,0
                2.6518238,48.5274296,0
                2.6517621,48.5272911,0
                2.6520571,48.5272343,0
              </coordinates>
            </LinearRing>
          </outerBoundaryIs>
        </Polygon>
      </Placemark>
      <Placemark>
        <name>M 213</name>
        <styleUrl>#poly-000000-1200-77-nodesc</styleUrl>
        <Polygon>
          <outerBoundaryIs>
            <LinearRing>
              <tessellate>1</tessellate>
              <coordinates>
                2.6517755,48.5264225,0
                2.6519391,48.5263869,0
                2.6519981,48.526506,0
                2.6523495,48.5265273,0
                2.6522985,48.5264278,0
                2.6527357,48.5263177,0
                2.6528081,48.5265735,0
                2.6522395,48.5266818,0
                2.6518452,48.5266019,0
                2.6517755,48.5264225,0
              </coordinates>
            </LinearRing>
          </outerBoundaryIs>
        </Polygon>
      </Placemark>
      <Placemark>
        <name>M 214</name>
        <styleUrl>#poly-000000-1200-77-nodesc</styleUrl>
        <Polygon>
          <outerBoundaryIs>
            <LinearRing>
              <tessellate>1</tessellate>
              <coordinates>
                2.6508978,48.5264015,0
                2.6513565,48.5262967,0
                2.6515576,48.5266288,0
                2.6513618,48.5266786,0
                2.6512304,48.5264672,0
                2.6509541,48.5265311,0
                2.6508978,48.5264015,0
              </coordinates>
            </LinearRing>
          </outerBoundaryIs>
        </Polygon>
      </Placemark>
      <Placemark>
        <name>M 215</name>
        <styleUrl>#poly-000000-1200-77-nodesc</styleUrl>
        <Polygon>
          <outerBoundaryIs>
            <LinearRing>
              <tessellate>1</tessellate>
              <coordinates>
                2.6505437,48.5264761,0
                2.6508978,48.5264015,0
                2.6509541,48.5265311,0
                2.6507878,48.5265773,0
                2.6509058,48.5268473,0
                2.6506323,48.5269628,0
                2.6504633,48.5269077,0
                2.6506403,48.5266981,0
                2.6505437,48.5264761,0
              </coordinates>
            </LinearRing>
          </outerBoundaryIs>
        </Polygon>
      </Placemark>
      <Placemark>
        <name>M 216</name>
        <styleUrl>#poly-000000-1200-77-nodesc</styleUrl>
        <Polygon>
          <outerBoundaryIs>
            <LinearRing>
              <tessellate>1</tessellate>
              <coordinates>
                2.6507808,48.5270791,0
                2.6509793,48.5271448,0
                2.6509042,48.5272319,0
                2.6509444,48.5273296,0
                2.6507459,48.527358,0
                2.6505743,48.5273065,0
                2.6507808,48.5270791,0
              </coordinates>
            </LinearRing>
          </outerBoundaryIs>
        </Polygon>
      </Placemark>
      <Placemark>
        <name>M 217</name>
        <styleUrl>#poly-000000-1200-77-nodesc</styleUrl>
        <MultiGeometry>
          <Polygon>
            <outerBoundaryIs>
              <LinearRing>
                <tessellate>1</tessellate>
                <coordinates>
                  2.6505795,48.5273081,0
                  2.6505743,48.5273065,0
                  2.6507004,48.5271676,0
                  2.6505795,48.5273081,0
                </coordinates>
              </LinearRing>
            </outerBoundaryIs>
          </Polygon>
          <Polygon>
            <outerBoundaryIs>
              <LinearRing>
                <tessellate>1</tessellate>
                <coordinates>
                  2.6507459,48.527358,0
                  2.6506838,48.5274687,0
                  2.6504585,48.5275362,0
                  2.6504187,48.5274948,0
                  2.6505795,48.5273081,0
                  2.6507459,48.527358,0
                </coordinates>
              </LinearRing>
            </outerBoundaryIs>
          </Polygon>
          <Polygon>
            <outerBoundaryIs>
              <LinearRing>
                <tessellate>1</tessellate>
                <coordinates>
                  2.6507004,48.5271676,0
                  2.6508103,48.52704,0
                  2.6509122,48.5269548,0
                  2.6511134,48.5269299,0
                  2.6511536,48.5270276,0
                  2.6509793,48.5271448,0
                  2.6507808,48.5270791,0
                  2.6507004,48.5271676,0
                </coordinates>
              </LinearRing>
            </outerBoundaryIs>
          </Polygon>
        </MultiGeometry>
      </Placemark>
      <Placemark>
        <name>M 218</name>
        <styleUrl>#poly-000000-1200-77-nodesc</styleUrl>
        <Polygon>
          <outerBoundaryIs>
            <LinearRing>
              <tessellate>1</tessellate>
              <coordinates>
                2.6684946,48.5436989,0
                2.6687387,48.5435711,0
                2.668972,48.543841,0
                2.6687145,48.5439351,0
                2.6684946,48.5436989,0
              </coordinates>
            </LinearRing>
          </outerBoundaryIs>
        </Polygon>
      </Placemark>
      <Placemark>
        <name>M 219</name>
        <styleUrl>#poly-000000-1200-77-nodesc</styleUrl>
        <Polygon>
          <outerBoundaryIs>
            <LinearRing>
              <tessellate>1</tessellate>
              <coordinates>
                2.6694199,48.5436368,0
                2.6696533,48.5435551,0
                2.6698759,48.543793,0
                2.6696265,48.5438765,0
                2.6694199,48.5436368,0
              </coordinates>
            </LinearRing>
          </outerBoundaryIs>
        </Polygon>
      </Placemark>
    </Folder>
    <Folder>
      <name>Autres villes</name>
      <Placemark>
        <name>BLR 001</name>
        <styleUrl>#poly-000000-1200-77-nodesc</styleUrl>
        <Polygon>
          <outerBoundaryIs>
            <LinearRing>
              <tessellate>1</tessellate>
              <coordinates>
                2.571149,48.5225579,0
                2.5709988,48.5223696,0
                2.5728387,48.5216128,0
                2.5715406,48.5201987,0
                2.5726081,48.51979,0
                2.5737292,48.5195093,0
                2.5738473,48.5196692,0
                2.5741262,48.5197261,0
                2.5745768,48.5198078,0
                2.5749952,48.5208169,0
                2.5754941,48.5217833,0
                2.5751347,48.5222772,0
                2.5745822,48.5223589,0
                2.5745124,48.5223305,0
                2.5742228,48.5222452,0
                2.5739545,48.5222239,0
                2.5736595,48.5222914,0
                2.5720287,48.522668,0
                2.5719345,48.5226554,0
                2.5718457,48.5226108,0
                2.5716841,48.522422,0
                2.5716183,48.5224424,0
                2.5716398,48.5226982,0
                2.5713716,48.5227764,0
                2.571149,48.5225579,0
              </coordinates>
            </LinearRing>
          </outerBoundaryIs>
        </Polygon>
      </Placemark>
      <Placemark>
        <name>BLR 002</name>
        <styleUrl>#poly-000000-1200-77-nodesc</styleUrl>
        <Polygon>
          <outerBoundaryIs>
            <LinearRing>
              <tessellate>1</tessellate>
              <coordinates>
                2.5737561,48.5195008,0
                2.5748397,48.5189163,0
                2.5778545,48.5177864,0
                2.5783534,48.5178148,0
                2.579099,48.5190655,0
                2.5754539,48.5205135,0
                2.5749228,48.5205366,0
                2.5746171,48.519801,0
                2.5738714,48.5196571,0
                2.5737561,48.5195008,0
              </coordinates>
            </LinearRing>
          </outerBoundaryIs>
        </Polygon>
      </Placemark>
      <Placemark>
        <name>BLR 003</name>
        <styleUrl>#poly-000000-1200-77-nodesc</styleUrl>
        <Polygon>
          <outerBoundaryIs>
            <LinearRing>
              <tessellate>1</tessellate>
              <coordinates>
                2.5716384,48.5224592,0
                2.5717461,48.522583,0
                2.5718373,48.5226629,0
                2.5719178,48.5227038,0
                2.5720331,48.5227162,0
                2.5727292,48.5225546,0
                2.5735929,48.5223539,0
                2.5738101,48.5222988,0
                2.5740703,48.522281,0
                2.5742608,48.5223041,0
                2.5744056,48.5223468,0
                2.5745209,48.522393,0
                2.5752022,48.5223112,0
                2.5753524,48.5221016,0
                2.577389,48.5242978,0
                2.5778504,48.5242232,0
                2.578757,48.5252393,0
                2.578419,48.5255839,0
                2.5782956,48.5258895,0
                2.578242,48.5259108,0
                2.5778021,48.5259357,0
                2.5767131,48.5253637,0
                2.5757368,48.525591,0
                2.5752164,48.5256443,0
                2.5748195,48.5256301,0
                2.5748195,48.5245039,0
                2.5745405,48.5240882,0
                2.5747015,48.5234806,0
                2.5741865,48.5227914,0
                2.5724538,48.5230472,0
                2.5717832,48.5230117,0
                2.571405,48.5227932,0
                2.5716571,48.5227239,0
                2.5716384,48.5224592,0
              </coordinates>
            </LinearRing>
          </outerBoundaryIs>
        </Polygon>
      </Placemark>
      <Placemark>
        <name>BLR 004</name>
        <styleUrl>#poly-000000-1200-77-nodesc</styleUrl>
        <Polygon>
          <outerBoundaryIs>
            <LinearRing>
              <tessellate>1</tessellate>
              <coordinates>
                2.5734909,48.5291425,0
                2.5732039,48.5288245,0
                2.5730268,48.5285705,0
                2.5726862,48.5278458,0
                2.5721951,48.5269409,0
                2.5720744,48.5268326,0
                2.5720609,48.5267171,0
                2.5722058,48.5265821,0
                2.5722567,48.5264524,0
                2.5721548,48.5257845,0
                2.57201,48.5245943,0
                2.5719134,48.5240472,0
                2.5717203,48.5236422,0
                2.5711383,48.5227042,0
                2.5713609,48.5228161,0
                2.5717766,48.523047,0
                2.572474,48.5230719,0
                2.5741209,48.5228268,0
                2.574609,48.5234734,0
                2.5744642,48.5240596,0
                2.5747324,48.5244966,0
                2.574752,48.525705,0
                2.5740868,48.5272114,0
                2.5746529,48.5281914,0
                2.5734909,48.5291425,0
              </coordinates>
            </LinearRing>
          </outerBoundaryIs>
        </Polygon>
      </Placemark>
      <Placemark>
        <name>BLR 005</name>
        <styleUrl>#poly-000000-1200-77-nodesc</styleUrl>
        <Polygon>
          <outerBoundaryIs>
            <LinearRing>
              <tessellate>1</tessellate>
              <coordinates>
                2.5735371,48.5291683,0
                2.5746904,48.5282198,0
                2.5741486,48.5272179,0
                2.5748085,48.5256832,0
                2.5751357,48.525708,0
                2.5757151,48.5256441,0
                2.5766807,48.5254096,0
                2.5777589,48.5259709,0
                2.5782578,48.5259461,0
                2.5783329,48.5259319,0
                2.5784885,48.5256192,0
                2.5793039,48.5255037,0
                2.5797411,48.525621,0
                2.5797491,48.5256725,0
                2.5802802,48.5260704,0
                2.5790571,48.526781,0
                2.5776838,48.5275981,0
                2.5771581,48.527932,0
                2.5757472,48.5291079,0
                2.5750284,48.5296657,0
                2.5748943,48.5298539,0
                2.5742506,48.5301488,0
                2.5735371,48.5291683,0
              </coordinates>
            </LinearRing>
          </outerBoundaryIs>
        </Polygon>
      </Placemark>
      <Placemark>
        <name>BLR 006</name>
        <styleUrl>#poly-000000-1200-77-nodesc</styleUrl>
        <Polygon>
          <outerBoundaryIs>
            <LinearRing>
              <tessellate>1</tessellate>
              <coordinates>
                2.5864084,48.5178805,0
                2.587653,48.5184561,0
                2.5878032,48.5196571,0
                2.5869771,48.5201545,0
                2.5846596,48.5228549,0
                2.5825746,48.5246101,0
                2.5818129,48.5252425,0
                2.5804718,48.5260668,0
                2.5799246,48.5256191,0
                2.5797583,48.5255623,0
                2.579179,48.5250507,0
                2.5810726,48.5230682,0
                2.5821669,48.5216541,0
                2.583551,48.5200552,0
                2.5849588,48.5186992,0
                2.5864084,48.5178805,0
              </coordinates>
            </LinearRing>
          </outerBoundaryIs>
        </Polygon>
      </Placemark>
      <Placemark>
        <name>B 001</name>
        <styleUrl>#poly-000000-1200-77-nodesc</styleUrl>
        <Polygon>
          <outerBoundaryIs>
            <LinearRing>
              <tessellate>1</tessellate>
              <coordinates>
                2.5360049,48.5072549,0
                2.5362251,48.5071227,0
                2.5363828,48.5069967,0
                2.5363989,48.5069576,0
                2.5363506,48.5068047,0
                2.5367371,48.505931,0
                2.5368363,48.5057906,0
                2.5370992,48.5057071,0
                2.5377268,48.5055401,0
                2.5382016,48.5054796,0
                2.5389338,48.5052735,0
                2.5395239,48.504998,0
                2.5395829,48.5049696,0
                2.540291,48.5048239,0
                2.5411708,48.5062491,0
                2.5376625,48.5074966,0
                2.5363911,48.5076281,0
                2.5360049,48.5072549,0
              </coordinates>
            </LinearRing>
          </outerBoundaryIs>
        </Polygon>
      </Placemark>
      <Placemark>
        <name>B 002</name>
        <styleUrl>#poly-000000-1200-77-nodesc</styleUrl>
        <Polygon>
          <outerBoundaryIs>
            <LinearRing>
              <tessellate>1</tessellate>
              <coordinates>
                2.5340793,48.5047811,0
                2.5338062,48.5044395,0
                2.5335219,48.5041268,0
                2.5332965,48.5038993,0
                2.5331624,48.503718,0
                2.5338008,48.5037784,0
                2.5350454,48.5035865,0
                2.535791,48.5032204,0
                2.5361236,48.5028436,0
                2.5370088,48.5025806,0
                2.5378939,48.5038602,0
                2.5385376,48.5039242,0
                2.5395515,48.5037642,0
                2.5401308,48.5041197,0
                2.5402542,48.5048021,0
                2.5395032,48.5049727,0
                2.5389828,48.5052144,0
                2.5384571,48.5053601,0
                2.5381621,48.5054454,0
                2.5377866,48.5054916,0
                2.5374218,48.5055733,0
                2.5370355,48.5056764,0
                2.5368371,48.5057439,0
                2.5367186,48.5058296,0
                2.5362895,48.5068176,0
                2.5363324,48.5069811,0
                2.5361232,48.5071339,0
                2.5359462,48.507205,0
                2.5350718,48.5064515,0
                2.5346855,48.5061068,0
                2.5345246,48.5058438,0
                2.5343851,48.5052929,0
                2.5342671,48.5050583,0
                2.5340793,48.5047811,0
              </coordinates>
            </LinearRing>
          </outerBoundaryIs>
        </Polygon>
      </Placemark>
      <Placemark>
        <name>B 003</name>
        <styleUrl>#poly-000000-1200-77-nodesc</styleUrl>
        <Polygon>
          <outerBoundaryIs>
            <LinearRing>
              <tessellate>1</tessellate>
              <coordinates>
                2.53318,48.5036966,0
                2.5330687,48.5036637,0
                2.532948,48.5036548,0
                2.5326058,48.502964,0
                2.5327829,48.5027276,0
                2.5333728,48.5025694,0
                2.5342633,48.5022424,0
                2.534553,48.5008775,0
                2.535578,48.4995598,0
                2.5368869,48.4992896,0
                2.5388289,48.4983903,0
                2.5420046,48.497946,0
                2.542938,48.4982197,0
                2.5430131,48.4983228,0
                2.5432116,48.4985254,0
                2.5432009,48.4988844,0
                2.542423,48.4994105,0
                2.5403576,48.5003572,0
                2.5382118,48.5021487,0
                2.5361036,48.5027956,0
                2.5357603,48.5031865,0
                2.5350522,48.503542,0
                2.5338211,48.503757,0
                2.53318,48.5036966,0
              </coordinates>
            </LinearRing>
          </outerBoundaryIs>
        </Polygon>
      </Placemark>
      <Placemark>
        <name>B 004</name>
        <styleUrl>#poly-000000-1200-77-nodesc</styleUrl>
        <Polygon>
          <outerBoundaryIs>
            <LinearRing>
              <tessellate>1</tessellate>
              <coordinates>
                2.5329209,48.5036625,0
                2.5323308,48.5037638,0
                2.53162,48.5038793,0
                2.5313196,48.5039859,0
                2.5308905,48.5041601,0
                2.5306705,48.504224,0
                2.5302358,48.5043343,0
                2.5297744,48.504416,0
                2.5296779,48.5044516,0
                2.5295438,48.5046293,0
                2.5296398,48.5050555,0
                2.529731,48.5051622,0
                2.5296881,48.505219,0
                2.5294736,48.5053043,0
                2.5292643,48.505379,0
                2.5289854,48.5054998,0
                2.5288298,48.5056491,0
                2.5287654,48.5057806,0
                2.5288137,48.5060507,0
                2.5288566,48.5065838,0
                2.5282665,48.5064061,0
                2.5280251,48.5050662,0
                2.5277623,48.5040213,0
                2.5267323,48.5022014,0
                2.5270971,48.5017607,0
                2.5301305,48.5007088,0
                2.5302861,48.5003818,0
                2.5306562,48.5003889,0
                2.5306562,48.5008901,0
                2.5316433,48.5017929,0
                2.5325123,48.5029019,0
                2.5329209,48.5036625,0
              </coordinates>
            </LinearRing>
          </outerBoundaryIs>
        </Polygon>
      </Placemark>
      <Placemark>
        <name>B 005</name>
        <styleUrl>#poly-000000-1200-77-nodesc</styleUrl>
        <Polygon>
          <outerBoundaryIs>
            <LinearRing>
              <tessellate>1</tessellate>
              <coordinates>
                2.5289149,48.506507,0
                2.528864,48.5061133,0
                2.5288586,48.5057579,0
                2.5289606,48.5055553,0
                2.5293844,48.5053812,0
                2.5296955,48.505271,0
                2.5298242,48.5051928,0
                2.5297384,48.5050506,0
                2.529615,48.5047165,0
                2.5296526,48.5045815,0
                2.5297545,48.5044784,0
                2.5299798,48.5044286,0
                2.5305913,48.5043007,0
                2.5312136,48.5041052,0
                2.5315301,48.5039524,0
                2.5321417,48.503828,0
                2.5330375,48.5037071,0
                2.533059,48.5038209,0
                2.5326379,48.5042039,0
                2.5322892,48.5044634,0
                2.5314952,48.5050072,0
                2.5311465,48.505224,0
                2.5303687,48.505583,0
                2.5297733,48.5058922,0
                2.5289149,48.506507,0
              </coordinates>
            </LinearRing>
          </outerBoundaryIs>
        </Polygon>
      </Placemark>
      <Placemark>
        <name>B 006</name>
        <styleUrl>#poly-000000-1200-77-nodesc</styleUrl>
        <Polygon>
          <outerBoundaryIs>
            <LinearRing>
              <tessellate>1</tessellate>
              <coordinates>
                2.5331097,48.5038755,0
                2.5336944,48.504501,0
                2.5341504,48.5050981,0
                2.534322,48.5056206,0
                2.5346063,48.5061999,0
                2.5328951,48.5064842,0
                2.5306957,48.5065162,0
                2.5288503,48.5066513,0
                2.52892,48.5065909,0
                2.5293063,48.5063101,0
                2.5297944,48.5059582,0
                2.530229,48.505713,0
                2.5306206,48.5055459,0
                2.5310712,48.5053291,0
                2.5314896,48.5051052,0
                2.531731,48.504924,0
                2.5326317,48.5042715,0
                2.5328677,48.504076,0
                2.5331097,48.5038755,0
              </coordinates>
            </LinearRing>
          </outerBoundaryIs>
        </Polygon>
      </Placemark>
      <Placemark>
        <name>CEB 001</name>
        <styleUrl>#poly-000000-1200-77-nodesc</styleUrl>
        <Polygon>
          <outerBoundaryIs>
            <LinearRing>
              <tessellate>1</tessellate>
              <coordinates>
                2.5217112,48.4689183,0
                2.5202421,48.4687058,0
                2.5198988,48.4674324,0
                2.5180856,48.4663298,0
                2.5177638,48.4643948,0
                2.5151583,48.463645,0
                2.5152656,48.4624533,0
                2.5157463,48.4623448,0
                2.5161862,48.4625475,0
                2.5174093,48.4627325,0
                2.5180858,48.4627051,0
                2.5210163,48.4603435,0
                2.5220141,48.4585293,0
                2.5215313,48.4576399,0
                2.5222931,48.4579672,0
                2.5234196,48.4584439,0
                2.5250176,48.459013,0
                2.5247655,48.4592656,0
                2.5247494,48.4593972,0
                2.5247602,48.4594862,0
                2.5244061,48.4596107,0
                2.5243065,48.4598584,0
                2.5241778,48.4600967,0
                2.5241295,48.4601679,0
                2.5240115,48.4601928,0
                2.5239364,48.4602141,0
                2.5238613,48.4603422,0
                2.5242422,48.4604347,0
                2.5244299,48.4605165,0
                2.5248001,48.460705,0
                2.5251273,48.4609042,0
                2.5247089,48.4611533,0
                2.5242904,48.4613809,0
                2.5236789,48.4617082,0
                2.5232605,48.4620639,0
                2.5230352,48.4621991,0
                2.5226704,48.462377,0
                2.5219837,48.4625548,0
                2.521619,48.462754,0
                2.5212435,48.4630599,0
                2.520855,48.4635584,0
                2.5208496,48.4636935,0
                2.5209247,48.4640492,0
                2.5209891,48.4643872,0
                2.5208435,48.4644735,0
                2.5204144,48.4645625,0
                2.5202105,48.4647118,0
                2.5201784,48.464911,0
                2.520649,48.4654823,0
                2.5211533,48.4662435,0
                2.5213142,48.4670901,0
                2.5214644,48.4678299,0
                2.5217112,48.4689183,0
              </coordinates>
            </LinearRing>
          </outerBoundaryIs>
        </Polygon>
      </Placemark>
      <Placemark>
        <name>CEB 002</name>
        <styleUrl>#poly-000000-1200-77-nodesc</styleUrl>
        <Polygon>
          <outerBoundaryIs>
            <LinearRing>
              <tessellate>1</tessellate>
              <coordinates>
                2.524546,48.4587541,0
                2.5261714,48.458594,0
                2.5282206,48.4584588,0
                2.528462,48.4584197,0
                2.5289877,48.4582347,0
                2.5295778,48.4580319,0
                2.5310101,48.4596078,0
                2.5307741,48.4596434,0
                2.5301732,48.4598604,0
                2.5290413,48.4603015,0
                2.5288911,48.4603976,0
                2.527432,48.4598355,0
                2.5273194,48.4598995,0
                2.5251575,48.4608814,0
                2.5246801,48.4605648,0
                2.5242509,48.4603833,0
                2.5239451,48.4603086,0
                2.5240149,48.4602339,0
                2.5241275,48.4602162,0
                2.5242616,48.4600667,0
                2.5243046,48.45996,0
                2.5243904,48.4597999,0
                2.5244548,48.4596256,0
                2.5247605,48.4595367,0
                2.5248195,48.4594371,0
                2.5247874,48.4593268,0
                2.5251521,48.4589817,0
                2.524546,48.4587541,0
              </coordinates>
            </LinearRing>
          </outerBoundaryIs>
        </Polygon>
      </Placemark>
      <Placemark>
        <name>CEB 003</name>
        <styleUrl>#poly-000000-1200-77-nodesc</styleUrl>
        <Polygon>
          <outerBoundaryIs>
            <LinearRing>
              <tessellate>1</tessellate>
              <coordinates>
                2.5216557,48.4575142,0
                2.5326206,48.4557994,0
                2.5325991,48.4564291,0
                2.532642,48.4564932,0
                2.5325347,48.4570624,0
                2.5325025,48.45766,0
                2.5311722,48.4595171,0
                2.5310541,48.4595989,0
                2.5296058,48.4579838,0
                2.5284578,48.4583787,0
                2.5276317,48.4584463,0
                2.5258936,48.4585672,0
                2.5244666,48.4587202,0
                2.5227661,48.4580905,0
                2.5216557,48.4575142,0
              </coordinates>
            </LinearRing>
          </outerBoundaryIs>
        </Polygon>
      </Placemark>
      <Placemark>
        <name>CEB 004</name>
        <styleUrl>#poly-000000-1200-77-nodesc</styleUrl>
        <Polygon>
          <outerBoundaryIs>
            <LinearRing>
              <tessellate>1</tessellate>
              <coordinates>
                2.52741,48.4599645,0
                2.5290408,48.4605479,0
                2.5296201,48.4607685,0
                2.5306501,48.4613946,0
                2.5294163,48.4618428,0
                2.5286438,48.462227,0
                2.5276138,48.462789,0
                2.5273778,48.4629526,0
                2.5266911,48.4636214,0
                2.5212302,48.4644608,0
                2.5211014,48.4644466,0
                2.5211014,48.4643755,0
                2.5209512,48.4636427,0
                2.5210478,48.4635075,0
                2.5216701,48.4628672,0
                2.5221529,48.4626182,0
                2.5226356,48.4625115,0
                2.5229897,48.4623835,0
                2.5234296,48.4620918,0
                2.5237622,48.461793,0
                2.524127,48.4615866,0
                2.524717,48.4612736,0
                2.5257256,48.4607329,0
                2.5264122,48.460427,0
                2.52741,48.4599645,0
              </coordinates>
            </LinearRing>
          </outerBoundaryIs>
        </Polygon>
      </Placemark>
      <Placemark>
        <name>CEB 005</name>
        <styleUrl>#poly-000000-1200-77-nodesc</styleUrl>
        <Polygon>
          <outerBoundaryIs>
            <LinearRing>
              <tessellate>1</tessellate>
              <coordinates>
                2.5290188,48.4604423,0
                2.5290725,48.4603605,0
                2.5293997,48.4602538,0
                2.5302365,48.4599265,0
                2.5307891,48.4597237,0
                2.5323823,48.4593929,0
                2.5325057,48.4595459,0
                2.5327203,48.4599763,0
                2.533026,48.4603,0
                2.5332245,48.460421,0
                2.5332621,48.4607198,0
                2.533128,48.4608407,0
                2.5318244,48.4612214,0
                2.5309339,48.4614633,0
                2.5297108,48.4607376,0
                2.5290188,48.4604423,0
              </coordinates>
            </LinearRing>
          </outerBoundaryIs>
        </Polygon>
      </Placemark>
      <Placemark>
        <name>CEB 006</name>
        <styleUrl>#poly-000000-1200-77-nodesc</styleUrl>
        <Polygon>
          <outerBoundaryIs>
            <LinearRing>
              <tessellate>1</tessellate>
              <coordinates>
                2.5310381,48.4615245,0
                2.5324439,48.461123,0
                2.532932,48.460995,0
                2.5332646,48.4608669,0
                2.5333719,48.4607424,0
                2.5333129,48.4604436,0
                2.5347988,48.4601092,0
                2.5351261,48.4599847,0
                2.5356411,48.4597926,0
                2.5358556,48.4597143,0
                2.5361775,48.459661,0
                2.5365476,48.4596645,0
                2.5365476,48.4603511,0
                2.5365798,48.4607424,0
                2.5365691,48.4611195,0
                2.5365852,48.4612974,0
                2.53673,48.4619128,0
                2.5366707,48.4620581,0
                2.5366975,48.4621399,0
                2.5366063,48.4625775,0
                2.5345196,48.4635664,0
                2.5310381,48.4615245,0
              </coordinates>
            </LinearRing>
          </outerBoundaryIs>
        </Polygon>
      </Placemark>
      <Placemark>
        <name>CEB 007</name>
        <styleUrl>#poly-000000-1200-77-nodesc</styleUrl>
        <Polygon>
          <outerBoundaryIs>
            <LinearRing>
              <tessellate>1</tessellate>
              <coordinates>
                2.5345689,48.4635842,0
                2.5366331,48.4626397,0
                2.5367458,48.4621772,0
                2.5367565,48.462099,0
                2.536794,48.4618073,0
                2.5366492,48.4611528,0
                2.5366546,48.4606547,0
                2.5366063,48.4600642,0
                2.536609,48.4596551,0
                2.5368262,48.4596267,0
                2.537014,48.4595857,0
                2.5372101,48.4594647,0
                2.5373791,48.4594487,0
                2.5375373,48.4594629,0
                2.5378404,48.4594985,0
                2.5381194,48.4595145,0
                2.538599,48.4594827,0
                2.5389906,48.459714,0
                2.5392481,48.459842,0
                2.5396022,48.4599523,0
                2.5399133,48.4600057,0
                2.540042,48.4600768,0
                2.540439,48.460397,0
                2.5406268,48.4605749,0
                2.540836,48.46071,0
                2.5409862,48.4607385,0
                2.541587,48.4606069,0
                2.5418767,48.4605428,0
                2.5421771,48.4605215,0
                2.5423165,48.4605322,0
                2.5425311,48.4606531,0
                2.5428959,48.4613077,0
                2.5430071,48.4616135,0
                2.5429964,48.4619052,0
                2.5427496,48.4620617,0
                2.5361192,48.4645446,0
                2.5345689,48.4635842,0
              </coordinates>
            </LinearRing>
          </outerBoundaryIs>
        </Polygon>
      </Placemark>
      <Placemark>
        <name>CEB 008</name>
        <styleUrl>#poly-000000-1200-77-nodesc</styleUrl>
        <Polygon>
          <outerBoundaryIs>
            <LinearRing>
              <tessellate>1</tessellate>
              <coordinates>
                2.5378938,48.4594521,0
                2.5374271,48.4593952,0
                2.5371428,48.4594236,0
                2.5369014,48.4595303,0
                2.5365634,48.4595908,0
                2.5361128,48.459573,0
                2.5356085,48.4597082,0
                2.5351043,48.4599074,0
                2.5346912,48.4600604,0
                2.5337095,48.4602845,0
                2.5333716,48.4603556,0
                2.5332697,48.4603379,0
                2.53298,48.4601102,0
                2.532803,48.4599074,0
                2.5326528,48.4596122,0
                2.5324865,48.4593703,0
                2.532524,48.4593276,0
                2.534187,48.4589754,0
                2.5348414,48.4588687,0
                2.5360377,48.4586943,0
                2.5363596,48.4588082,0
                2.5366385,48.4588615,0
                2.5370784,48.4589007,0
                2.5372018,48.4588936,0
                2.5372125,48.4587904,0
                2.537352,48.4586196,0
                2.5375505,48.4584382,0
                2.537647,48.4583137,0
                2.5376363,48.4580682,0
                2.5375344,48.4577374,0
                2.5375129,48.4572535,0
                2.5375666,48.4571361,0
                2.5377436,48.4570543,0
                2.5380011,48.4570187,0
                2.5394334,48.456848,0
                2.5390793,48.4570472,0
                2.5384731,48.4572429,0
                2.5383659,48.4592955,0
                2.5378938,48.4594521,0
              </coordinates>
            </LinearRing>
          </outerBoundaryIs>
        </Polygon>
      </Placemark>
      <Placemark>
        <name>CEB 009</name>
        <styleUrl>#poly-000000-1200-77-nodesc</styleUrl>
        <Polygon>
          <outerBoundaryIs>
            <LinearRing>
              <tessellate>1</tessellate>
              <coordinates>
                2.5379405,48.4594649,0
                2.5384287,48.4593155,0
                2.5385145,48.4572593,0
                2.5391636,48.4570636,0
                2.5394962,48.4568395,0
                2.5402687,48.4572059,0
                2.5412289,48.4573162,0
                2.5426237,48.4606816,0
                2.5424627,48.4605535,0
                2.5423072,48.4604859,0
                2.5419639,48.4604717,0
                2.5416956,48.4605286,0
                2.5410251,48.4606887,0
                2.5408588,48.4606531,0
                2.5407354,48.460582,0
                2.5406067,48.4604859,0
                2.5403223,48.4602191,0
                2.5401239,48.4600661,0
                2.5399737,48.459995,0
                2.5398878,48.4599594,0
                2.5395713,48.4598918,0
                2.5392495,48.4597531,0
                2.538992,48.4596321,0
                2.5387774,48.4595254,0
                2.5386755,48.4594649,0
                2.5385038,48.4594436,0
                2.5379405,48.4594649,0
              </coordinates>
            </LinearRing>
          </outerBoundaryIs>
        </Polygon>
      </Placemark>
      <Placemark>
        <name>CEB 010</name>
        <styleUrl>#poly-000000-1200-77-nodesc</styleUrl>
        <Polygon>
          <outerBoundaryIs>
            <LinearRing>
              <tessellate>1</tessellate>
              <coordinates>
                2.5327048,48.4557655,0
                2.5342977,48.4557259,0
                2.5370657,48.4557757,0
                2.5388038,48.4556476,0
                2.5422155,48.4532212,0
                2.5428485,48.4528299,0
                2.5434064,48.4529864,0
                2.5438748,48.4541979,0
                2.5422494,48.456393,0
                2.5414179,48.4569017,0
                2.5403035,48.4571797,0
                2.5395391,48.4568275,0
                2.5394479,48.4567581,0
                2.5382034,48.4569111,0
                2.5379191,48.4569431,0
                2.5376347,48.4570143,0
                2.5374631,48.4571067,0
                2.537388,48.4570854,0
                2.5369642,48.4571032,0
                2.5359181,48.4571886,0
                2.5356016,48.4571779,0
                2.5347433,48.4569787,0
                2.5337134,48.4567047,0
                2.5326888,48.4564379,0
                2.5327048,48.4557655,0
              </coordinates>
            </LinearRing>
          </outerBoundaryIs>
        </Polygon>
      </Placemark>
      <Placemark>
        <name>CEB 011</name>
        <styleUrl>#poly-000000-1200-77-nodesc</styleUrl>
        <Polygon>
          <outerBoundaryIs>
            <LinearRing>
              <tessellate>1</tessellate>
              <coordinates>
                2.5326753,48.4564898,0
                2.534762,48.4570377,0
                2.5355613,48.4572333,0
                2.5360119,48.4572405,0
                2.5370956,48.457148,0
                2.5374228,48.4571337,0
                2.5374174,48.4576602,0
                2.5374228,48.4578061,0
                2.5375354,48.4580018,0
                2.5375577,48.4582768,0
                2.5374182,48.4584333,0
                2.5372466,48.458565,0
                2.5371178,48.4587286,0
                2.5370642,48.4588175,0
                2.5365438,48.4587748,0
                2.5360128,48.4586041,0
                2.5347628,48.4587677,0
                2.5325688,48.4592373,0
                2.5323592,48.4593209,0
                2.5319891,48.4593991,0
                2.5311468,48.4595841,0
                2.531238,48.4595023,0
                2.5325416,48.4576844,0
                2.5326753,48.4564898,0
              </coordinates>
            </LinearRing>
          </outerBoundaryIs>
        </Polygon>
      </Placemark>
      <Placemark>
        <name>CB 001</name>
        <styleUrl>#poly-000000-1200-77-nodesc</styleUrl>
        <Polygon>
          <outerBoundaryIs>
            <LinearRing>
              <tessellate>1</tessellate>
              <coordinates>
                2.6029747,48.4711754,0
                2.6024007,48.4701333,0
                2.6005446,48.4691375,0
                2.6014834,48.4689134,0
                2.6029586,48.4684937,0
                2.6036882,48.4682981,0
                2.6055628,48.4679168,0
                2.6056647,48.4679097,0
                2.6029747,48.4711754,0
              </coordinates>
            </LinearRing>
          </outerBoundaryIs>
        </Polygon>
      </Placemark>
      <Placemark>
        <name>CB 002</name>
        <styleUrl>#poly-000000-1200-77-nodesc</styleUrl>
        <Polygon>
          <outerBoundaryIs>
            <LinearRing>
              <tessellate>1</tessellate>
              <coordinates>
                2.6067479,48.4667418,0
                2.6067586,48.4671799,0
                2.6065739,48.4676769,0
                2.6063915,48.4681891,0
                2.6058389,48.4689111,0
                2.6053937,48.4695833,0
                2.6048465,48.4697754,0
                2.6040955,48.4704263,0
                2.604412,48.4714221,0
                2.6052489,48.4728056,0
                2.6067616,48.4736094,0
                2.6064988,48.4735596,0
                2.6043745,48.4732715,0
                2.6030977,48.4732039,0
                2.6015313,48.4731115,0
                2.6067479,48.4667418,0
              </coordinates>
            </LinearRing>
          </outerBoundaryIs>
        </Polygon>
      </Placemark>
      <Placemark>
        <name>CB 003</name>
        <styleUrl>#poly-000000-1200-77-nodesc</styleUrl>
        <Polygon>
          <outerBoundaryIs>
            <LinearRing>
              <tessellate>1</tessellate>
              <coordinates>
                2.6079707,48.4696606,0
                2.6086734,48.4700163,0
                2.6091616,48.4701479,0
                2.6092635,48.4702582,0
                2.6093118,48.4702902,0
                2.6092796,48.4703791,0
                2.6088719,48.4705285,0
                2.6084052,48.4704893,0
                2.6073645,48.4707063,0
                2.6072787,48.4708912,0
                2.6075898,48.4714247,0
                2.6048444,48.4720034,0
                2.604485,48.4714024,0
                2.6041578,48.4704456,0
                2.604882,48.469809,0
                2.6054882,48.4695849,0
                2.6070962,48.4693438,0
                2.6078204,48.4694256,0
                2.6079707,48.4696606,0
              </coordinates>
            </LinearRing>
          </outerBoundaryIs>
        </Polygon>
      </Placemark>
      <Placemark>
        <name>CB 004</name>
        <styleUrl>#poly-000000-1200-77-nodesc</styleUrl>
        <Polygon>
          <outerBoundaryIs>
            <LinearRing>
              <tessellate>1</tessellate>
              <coordinates>
                2.6101112,48.4673139,0
                2.6104652,48.4680821,0
                2.6107388,48.4690282,0
                2.6108884,48.4695421,0
                2.6111834,48.4699725,0
                2.611492,48.4702966,0
                2.6118729,48.4706167,0
                2.612243,48.4709119,0
                2.6124576,48.4711573,0
                2.6115457,48.4708905,0
                2.6112077,48.4707803,0
                2.6107195,48.4706451,0
                2.6099363,48.4704673,0
                2.6093892,48.4702219,0
                2.6089546,48.469788,0
                2.6087347,48.4695746,0
                2.6083377,48.4692936,0
                2.6081124,48.4690624,0
                2.6079676,48.4687459,0
                2.607748,48.4680894,0
                2.607394,48.4675417,0
                2.6077062,48.4675184,0
                2.6085833,48.4674526,0
                2.6098064,48.4673708,0
                2.6101112,48.4673139,0
              </coordinates>
            </LinearRing>
          </outerBoundaryIs>
        </Polygon>
      </Placemark>
      <Placemark>
        <name>CB 005</name>
        <styleUrl>#poly-000000-1200-77-nodesc</styleUrl>
        <Polygon>
          <outerBoundaryIs>
            <LinearRing>
              <tessellate>1</tessellate>
              <coordinates>
                2.6125132,48.4712011,0
                2.6125185,48.4711264,0
                2.6122986,48.4708775,0
                2.6113598,48.4700665,0
                2.6109682,48.4695366,0
                2.610667,48.4684691,0
                2.6104471,48.4678431,0
                2.61018,48.4672889,0
                2.6107916,48.467168,0
                2.6120147,48.4669368,0
                2.6125833,48.4668265,0
                2.6133221,48.4665301,0
                2.6138102,48.4662527,0
                2.6139014,48.4662278,0
                2.6136278,48.4667506,0
                2.6137727,48.4674513,0
                2.6135045,48.4679884,0
                2.6120131,48.4697988,0
                2.6123672,48.4705528,0
                2.6126328,48.4711146,0
                2.6125132,48.4712011,0
              </coordinates>
            </LinearRing>
          </outerBoundaryIs>
        </Polygon>
      </Placemark>
      <Placemark>
        <name>CB 006</name>
        <styleUrl>#poly-000000-1200-77-nodesc</styleUrl>
        <Polygon>
          <outerBoundaryIs>
            <LinearRing>
              <tessellate>1</tessellate>
              <coordinates>
                2.6067775,48.4667928,0
                2.6070618,48.467273,0
                2.6073837,48.4677176,0
                2.6076143,48.4680555,0
                2.6076573,48.4682085,0
                2.607963,48.4689767,0
                2.6080596,48.4691688,0
                2.6083975,48.4694711,0
                2.6088213,48.4697805,0
                2.6091378,48.4701184,0
                2.6093118,48.4702902,0
                2.6095187,48.4703852,0
                2.6096957,48.4707195,0
                2.6096635,48.4716122,0
                2.6086228,48.4721741,0
                2.6079791,48.472921,0
                2.6068204,48.4736483,0
                2.6067855,48.473586,0
                2.6052701,48.4727663,0
                2.6048838,48.4720443,0
                2.6076304,48.4714433,0
                2.6073354,48.4709062,0
                2.6074105,48.4707142,0
                2.608419,48.4705185,0
                2.6089233,48.4705577,0
                2.6092988,48.470419,0
                2.6093161,48.4703016,0
                2.609137,48.4701303,0
                2.608675,48.4700049,0
                2.6080173,48.4696469,0
                2.6078618,48.4693908,0
                2.6070962,48.4693438,0
                2.60548,48.4695473,0
                2.6064616,48.4681566,0
                2.6067996,48.4671749,0
                2.6067775,48.4667928,0
              </coordinates>
            </LinearRing>
          </outerBoundaryIs>
        </Polygon>
      </Placemark>
      <Placemark>
        <name>CB 007</name>
        <styleUrl>#poly-000000-1200-77-nodesc</styleUrl>
        <Polygon>
          <outerBoundaryIs>
            <LinearRing>
              <tessellate>1</tessellate>
              <coordinates>
                2.6243475,48.4729502,0
                2.6227732,48.4723802,0
                2.6220061,48.4737672,0
                2.617044,48.4727288,0
                2.6164217,48.4726292,0
                2.6163252,48.4715622,0
                2.6143403,48.4689587,0
                2.6135518,48.4680624,0
                2.6138361,48.4674329,0
                2.6136644,48.4667749,0
                2.6139595,48.4662342,0
                2.6138629,48.4661844,0
                2.613364,48.4661702,0
                2.6133533,48.4659141,0
                2.6138254,48.4658038,0
                2.6138844,48.4657469,0
                2.6141069,48.4648243,0
                2.6217124,48.4607019,0
                2.6231607,48.4587169,0
                2.623268,48.4586885,0
                2.6297582,48.4590161,0
                2.6308955,48.4606383,0
                2.6312174,48.4613213,0
                2.6265204,48.4627021,0
                2.6263702,48.4643952,0
                2.6285152,48.4637645,0
                2.631637,48.4646656,0
                2.6294373,48.4658086,0
                2.6264748,48.4662545,0
                2.6266036,48.467912,0
                2.62512,48.4701049,0
                2.6238862,48.4708731,0
                2.6237467,48.4709087,0
                2.6240471,48.4722175,0
                2.6243475,48.4729502,0
              </coordinates>
            </LinearRing>
          </outerBoundaryIs>
        </Polygon>
      </Placemark>
      <Placemark>
        <name>CB 008</name>
        <styleUrl>#poly-000000-1200-77-nodesc</styleUrl>
        <Polygon>
          <outerBoundaryIs>
            <LinearRing>
              <tessellate>1</tessellate>
              <coordinates>
                2.6101776,48.4643296,0
                2.6102366,48.4637782,0
                2.6103868,48.4633976,0
                2.6099254,48.4628889,0
                2.6113685,48.4618396,0
                2.6132085,48.4612135,0
                2.6140131,48.4612277,0
                2.6149841,48.4615336,0
                2.6139273,48.4622166,0
                2.6144315,48.4626257,0
                2.6147427,48.4634723,0
                2.6143564,48.4639988,0
                2.613423,48.4643473,0
                2.6125647,48.4640877,0
                2.611744,48.4642015,0
                2.610663,48.4644274,0
                2.6102151,48.4643669,0
                2.6101776,48.4643296,0
              </coordinates>
            </LinearRing>
          </outerBoundaryIs>
        </Polygon>
      </Placemark>
      <Placemark>
        <name>CB 009</name>
        <styleUrl>#poly-000000-1200-77-nodesc</styleUrl>
        <Polygon>
          <outerBoundaryIs>
            <LinearRing>
              <tessellate>1</tessellate>
              <coordinates>
                2.6138383,48.4657574,0
                2.6133179,48.465784,0
                2.612642,48.4657271,0
                2.6118588,48.4655386,0
                2.6115048,48.4652896,0
                2.6112741,48.465158,0
                2.6110005,48.46503,0
                2.610566,48.4649268,0
                2.6103621,48.4648272,0
                2.6102692,48.4646497,0
                2.6102692,48.4644682,0
                2.6101445,48.4642815,0
                2.6098816,48.4638973,0
                2.6095276,48.4634349,0
                2.6090015,48.4627221,0
                2.6086314,48.4624304,0
                2.6082934,48.4621992,0
                2.6082237,48.4620711,0
                2.6089267,48.4613125,0
                2.610815,48.4600318,0
                2.6123814,48.4598184,0
                2.6132612,48.4606437,0
                2.6130681,48.4611844,0
                2.6113086,48.4617607,0
                2.6098602,48.4628634,0
                2.6103868,48.4633976,0
                2.6102142,48.4637865,0
                2.6101769,48.4642645,0
                2.6101753,48.4643131,0
                2.6102202,48.4643742,0
                2.6106742,48.4644507,0
                2.6115405,48.4642533,0
                2.6125651,48.4641199,0
                2.6140538,48.4648544,0
                2.6138383,48.4657574,0
              </coordinates>
            </LinearRing>
          </outerBoundaryIs>
        </Polygon>
      </Placemark>
      <Placemark>
        <name>CB 010</name>
        <styleUrl>#poly-000000-1200-77-nodesc</styleUrl>
        <Polygon>
          <outerBoundaryIs>
            <LinearRing>
              <tessellate>1</tessellate>
              <coordinates>
                2.6101934,48.4646404,0
                2.6099573,48.4648182,0
                2.6092117,48.4651064,0
                2.6087772,48.4653767,0
                2.6082032,48.4656043,0
                2.607538,48.4658,0
                2.6071035,48.4659067,0
                2.6076292,48.4637796,0
                2.6076936,48.4636657,0
                2.6081442,48.462186,0
                2.6088201,48.4626413,0
                2.6090132,48.4628832,0
                2.6101719,48.4644483,0
                2.6101934,48.4646404,0
              </coordinates>
            </LinearRing>
          </outerBoundaryIs>
        </Polygon>
      </Placemark>
      <Placemark>
        <name>CB 011</name>
        <styleUrl>#poly-000000-1200-77-nodesc</styleUrl>
        <Polygon>
          <outerBoundaryIs>
            <LinearRing>
              <tessellate>1</tessellate>
              <coordinates>
                2.6018732,48.4648609,0
                2.6020126,48.4646297,0
                2.602887,48.4646546,0
                2.605993,48.465117,0
                2.6065187,48.4653162,0
                2.6065509,48.4657893,0
                2.6067923,48.4658498,0
                2.6069533,48.4660312,0
                2.6062559,48.4659814,0
                2.605521,48.4658996,0
                2.6050113,48.4658071,0
                2.6041799,48.4654692,0
                2.6039653,48.4653945,0
                2.6033806,48.4652949,0
                2.602195,48.4649605,0
                2.6018732,48.4648609,0
              </coordinates>
            </LinearRing>
          </outerBoundaryIs>
        </Polygon>
      </Placemark>
      <Placemark>
        <name>CB 012</name>
        <styleUrl>#poly-000000-1200-77-nodesc</styleUrl>
        <Polygon>
          <outerBoundaryIs>
            <LinearRing>
              <tessellate>1</tessellate>
              <coordinates>
                2.5988783,48.4630981,0
                2.5989254,48.4629811,0
                2.5995691,48.4623551,0
                2.601098,48.4618677,0
                2.6072831,48.4611936,0
                2.6074923,48.4614622,0
                2.6076962,48.4615654,0
                2.6077203,48.4615929,0
                2.6060493,48.4622679,0
                2.601275,48.4630612,0
                2.6018168,48.4636695,0
                2.6022043,48.4645423,0
                2.6019817,48.464601,0
                2.6018395,48.46485,0
                2.6015981,48.4648464,0
                2.6011207,48.4647842,0
                2.6004662,48.4643573,0
                2.6003053,48.464119,0
                2.5997313,48.4640229,0
                2.5986101,48.4633364,0
                2.5988783,48.4630981,0
              </coordinates>
            </LinearRing>
          </outerBoundaryIs>
        </Polygon>
      </Placemark>
      <Placemark>
        <name>CB 013</name>
        <styleUrl>#poly-000000-1200-77-nodesc</styleUrl>
        <Polygon>
          <outerBoundaryIs>
            <LinearRing>
              <tessellate>1</tessellate>
              <coordinates>
                2.6053752,48.4679073,0
                2.6032616,48.468359,0
                2.6027091,48.4685013,0
                2.6003762,48.4691167,0
                2.5998397,48.4679714,0
                2.5997861,48.466538,0
                2.6003816,48.4662215,0
                2.6004645,48.4657039,0
                2.600878,48.4656952,0
                2.6009371,48.4653928,0
                2.6016022,48.4656098,0
                2.6027502,48.4660117,0
                2.6025786,48.4662109,0
                2.6018544,48.4660651,0
                2.6018115,48.466122,0
                2.6016666,48.4662501,0
                2.6015271,48.4663141,0
                2.6012482,48.4663639,0
                2.6008941,48.4664315,0
                2.6007171,48.4664599,0
                2.600524,48.4665453,0
                2.6004382,48.4667196,0
                2.6005133,48.4674452,0
                2.6005466,48.4678774,0
                2.60067,48.4680233,0
                2.600847,48.4681015,0
                2.6012762,48.4681371,0
                2.6016195,48.4680873,0
                2.6019467,48.4679806,0
                2.6024564,48.4678525,0
                2.6027997,48.4676925,0
                2.6031108,48.4675609,0
                2.6038833,48.4672337,0
                2.6043876,48.467536,0
                2.6048113,48.4676925,0
                2.6053752,48.4679073,0
              </coordinates>
            </LinearRing>
          </outerBoundaryIs>
        </Polygon>
      </Placemark>
      <Placemark>
        <name>CB 014</name>
        <styleUrl>#poly-000000-1200-77-nodesc</styleUrl>
        <Polygon>
          <outerBoundaryIs>
            <LinearRing>
              <tessellate>1</tessellate>
              <coordinates>
                2.6019307,48.4661203,0
                2.6024188,48.4662164,0
                2.6027943,48.46638,0
                2.6030679,48.4665507,0
                2.6032664,48.466693,0
                2.6036204,48.4670025,0
                2.6038189,48.4671839,0
                2.6024725,48.467785,0
                2.6020701,48.4679023,0
                2.6016517,48.4680197,0
                2.6012601,48.4680802,0
                2.601008,48.4680731,0
                2.6008417,48.4680411,0
                2.6006539,48.4679166,0
                2.6005949,48.4678241,0
                2.6005895,48.4676605,0
                2.6004984,48.4666895,0
                2.6005842,48.4665792,0
                2.6007398,48.4665045,0
                2.6010026,48.4664369,0
                2.6015122,48.4663622,0
                2.6017536,48.4662697,0
                2.6019307,48.4661203,0
              </coordinates>
            </LinearRing>
          </outerBoundaryIs>
        </Polygon>
      </Placemark>
      <Placemark>
        <name>CB 015</name>
        <styleUrl>#poly-000000-1200-77-nodesc</styleUrl>
        <Polygon>
          <outerBoundaryIs>
            <LinearRing>
              <tessellate>1</tessellate>
              <coordinates>
                2.6037599,48.4663551,0
                2.6037706,48.4663018,0
                2.6032825,48.4661737,0
                2.6029177,48.4660954,0
                2.6028158,48.4660101,0
                2.6028104,48.4659247,0
                2.602113,48.4651742,0
                2.602054,48.4649892,0
                2.6026763,48.4651813,0
                2.6031216,48.4653094,0
                2.603599,48.4654054,0
                2.6040711,48.4655157,0
                2.6045646,48.4657113,0
                2.6048543,48.4658393,0
                2.6051547,48.4659069,0
                2.6057823,48.4660243,0
                2.6069357,48.4660919,0
                2.6067372,48.4665934,0
                2.6057179,48.4678632,0
                2.6054765,48.4678846,0
                2.6052029,48.4677885,0
                2.6048435,48.4676569,0
                2.6042642,48.4673973,0
                2.6039209,48.4671803,0
                2.6035507,48.4668637,0
                2.6037599,48.4663551,0
              </coordinates>
            </LinearRing>
          </outerBoundaryIs>
        </Polygon>
      </Placemark>
      <Placemark>
        <name>CB 016</name>
        <styleUrl>#poly-000000-1200-77-nodesc</styleUrl>
        <Polygon>
          <outerBoundaryIs>
            <LinearRing>
              <tessellate>1</tessellate>
              <coordinates>
                2.6070833,48.4659733,0
                2.6072657,48.465927,0
                2.6079684,48.4657349,0
                2.6083922,48.4660871,0
                2.6085156,48.4661404,0
                2.6091379,48.4660978,0
                2.6092988,48.466144,0
                2.6093954,48.4662116,0
                2.6101088,48.4672609,0
                2.6098138,48.4673249,0
                2.6073569,48.4674849,0
                2.6068205,48.4666633,0
                2.6068526,48.4665708,0
                2.6070833,48.4659733,0
              </coordinates>
            </LinearRing>
          </outerBoundaryIs>
        </Polygon>
      </Placemark>
      <Placemark>
        <name>CB 017</name>
        <styleUrl>#poly-000000-1200-77-nodesc</styleUrl>
        <Polygon>
          <outerBoundaryIs>
            <LinearRing>
              <tessellate>1</tessellate>
              <coordinates>
                2.6080476,48.4657126,0
                2.6084768,48.4657482,0
                2.6087343,48.4659047,0
                2.6097535,48.4655846,0
                2.6105582,48.4658905,0
                2.6114326,48.4660008,0
                2.6116686,48.4662924,0
                2.6126235,48.4661893,0
                2.6132672,48.466175,0
                2.6138144,48.4661964,0
                2.613455,48.4663849,0
                2.6130365,48.4665734,0
                2.612543,48.466794,0
                2.6101558,48.467235,0
                2.6094638,48.4661893,0
                2.6093297,48.4660683,0
                2.6091259,48.4660577,0
                2.6085465,48.4660932,0
                2.6084929,48.466079,0
                2.6080476,48.4657126,0
              </coordinates>
            </LinearRing>
          </outerBoundaryIs>
        </Polygon>
      </Placemark>
      <Placemark>
        <name>CB 018</name>
        <styleUrl>#poly-000000-1200-77-nodesc</styleUrl>
        <MultiGeometry>
          <Polygon>
            <outerBoundaryIs>
              <LinearRing>
                <tessellate>1</tessellate>
                <coordinates>
                  2.6138063,48.4657998,0
                  2.6138254,48.4658038,0
                  2.6137716,48.4658072,0
                  2.6138063,48.4657998,0
                </coordinates>
              </LinearRing>
            </outerBoundaryIs>
          </Polygon>
          <Polygon>
            <outerBoundaryIs>
              <LinearRing>
                <tessellate>1</tessellate>
                <coordinates>
                  2.6137716,48.4658072,0
                  2.6133209,48.4659029,0
                  2.6133316,48.466159,0
                  2.6125832,48.4661768,0
                  2.6116847,48.4662675,0
                  2.6114621,48.465967,0
                  2.6105984,48.4658389,0
                  2.6097938,48.4655437,0
                  2.6087477,48.4658567,0
                  2.6085042,48.4657265,0
                  2.6080804,48.465691,0
                  2.6085417,48.4655256,0
                  2.6088287,48.4654082,0
                  2.6090138,48.4652837,0
                  2.6093625,48.4651041,0
                  2.6096897,48.4649778,0
                  2.6099901,48.4648569,0
                  2.6103549,48.46488,0
                  2.6105158,48.4649582,0
                  2.6110174,48.4650916,0
                  2.6113178,48.4652357,0
                  2.6116397,48.4654509,0
                  2.6118113,48.4655825,0
                  2.6127367,48.4657906,0
                  2.6131551,48.4658172,0
                  2.6134689,48.4658261,0
                  2.6137716,48.4658072,0
                </coordinates>
              </LinearRing>
            </outerBoundaryIs>
          </Polygon>
        </MultiGeometry>
      </Placemark>
      <Placemark>
        <name>CB 019</name>
        <styleUrl>#poly-000000-1200-77-nodesc</styleUrl>
        <Polygon>
          <outerBoundaryIs>
            <LinearRing>
              <tessellate>1</tessellate>
              <coordinates>
                2.6027426,48.4659908,0
                2.6027211,48.4659855,0
                2.6009241,48.4653684,0
                2.600865,48.4656707,0
                2.6004413,48.4656903,0
                2.6003501,48.4661794,0
                2.599642,48.4665422,0
                2.5962088,48.4672231,0
                2.5957367,48.4658038,0
                2.5956509,48.4657327,0
                2.5955168,48.4647794,0
                2.5986604,48.4638546,0
                2.5993792,48.4638439,0
                2.5997225,48.464068,0
                2.6003072,48.4641463,0
                2.6004467,48.4644024,0
                2.6010904,48.4648328,0
                2.6014713,48.4648648,0
                2.6017878,48.4649573,0
                2.602056,48.4651814,0
                2.6027289,48.4659417,0
                2.6027426,48.4659908,0
              </coordinates>
            </LinearRing>
          </outerBoundaryIs>
        </Polygon>
      </Placemark>
      <Placemark>
        <name>F 001</name>
        <styleUrl>#poly-000000-1200-77-nodesc</styleUrl>
        <Polygon>
          <outerBoundaryIs>
            <LinearRing>
              <tessellate>1</tessellate>
              <coordinates>
                2.619441,48.4763301,0
                2.6198916,48.475678,0
                2.622656,48.4761971,0
                2.6235036,48.4758415,0
                2.6233855,48.4751978,0
                2.6241741,48.474643,0
                2.6246676,48.4743301,0
                2.6251075,48.4735868,0
                2.6254535,48.4735245,0
                2.6255179,48.4734979,0
                2.6263145,48.4736152,0
                2.6277915,48.4751476,0
                2.6278692,48.4752099,0
                2.6283906,48.4754692,0
                2.6288197,48.4763297,0
                2.625256,48.477276,0
                2.6258998,48.4809459,0
                2.6247518,48.4810383,0
                2.6240007,48.4799502,0
                2.6236038,48.4791679,0
                2.6230888,48.4783927,0
                2.6218818,48.4773934,0
                2.6214687,48.4770947,0
                2.6201866,48.4765221,0
                2.619441,48.4763301,0
              </coordinates>
            </LinearRing>
          </outerBoundaryIs>
        </Polygon>
      </Placemark>
      <Placemark>
        <name>FB 001</name>
        <styleUrl>#poly-000000-1200-77-nodesc</styleUrl>
        <Polygon>
          <outerBoundaryIs>
            <LinearRing>
              <tessellate>1</tessellate>
              <coordinates>
                2.5440302,48.4522139,0
                2.5442366,48.4520608,0
                2.5444136,48.4520003,0
                2.5446765,48.4519434,0
                2.5454625,48.4517727,0
                2.5457146,48.4516873,0
                2.5459077,48.4515735,0
                2.546133,48.4514347,0
                2.5463744,48.4512888,0
                2.5464978,48.4512248,0
                2.546825,48.4512354,0
                2.5475546,48.4513351,0
                2.5476512,48.4513457,0
                2.547737,48.4513208,0
                2.5482895,48.4511714,0
                2.5485899,48.451086,0
                2.548944,48.4510077,0
                2.5492605,48.4511287,0
                2.549754,48.4513778,0
                2.5502475,48.4517691,0
                2.5504353,48.4518723,0
                2.5510361,48.4521427,0
                2.5511219,48.4522032,0
                2.5511917,48.4522993,0
                2.551358,48.4527298,0
                2.5514331,48.4529539,0
                2.5515296,48.4531211,0
                2.5516798,48.4533097,0
                2.5520446,48.4534769,0
                2.5523128,48.4536264,0
                2.5524684,48.4537758,0
                2.552742,48.4541636,0
                2.5529673,48.45453,0
                2.553198,48.4550281,0
                2.5532141,48.4551704,0
                2.5531497,48.4554266,0
                2.5495663,48.4557539,0
                2.5481715,48.4555404,0
                2.5471093,48.4545087,0
                2.5471898,48.4534698,0
                2.5471791,48.4533951,0
                2.5450709,48.4529646,0
                2.5440302,48.4522139,0
              </coordinates>
            </LinearRing>
          </outerBoundaryIs>
        </Polygon>
      </Placemark>
      <Placemark>
        <name>FB 002</name>
        <styleUrl>#poly-000000-1200-77-nodesc</styleUrl>
        <Polygon>
          <outerBoundaryIs>
            <LinearRing>
              <tessellate>1</tessellate>
              <coordinates>
                2.5554332,48.454186,0
                2.5551489,48.4544457,0
                2.5548485,48.4546307,0
                2.5543711,48.4548904,0
                2.5541619,48.4549758,0
                2.5539956,48.4550043,0
                2.5533357,48.4551181,0
                2.5531587,48.4546556,0
                2.5525096,48.453663,0
                2.5521341,48.4534282,0
                2.5517211,48.453204,0
                2.5515387,48.4528874,0
                2.5512865,48.4522398,0
                2.5511202,48.4520868,0
                2.5509432,48.4519979,0
                2.550455,48.4517702,0
                2.5498648,48.4513573,0
                2.5493069,48.4510619,0
                2.5490137,48.4509523,0
                2.5494536,48.4506498,0
                2.5495367,48.450036,0
                2.5495314,48.4494099,0
                2.549357,48.44878,0
                2.5497834,48.4485701,0
                2.5500785,48.4478691,0
                2.5505559,48.4474528,0
                2.5510387,48.4472678,0
                2.5517549,48.447107,0
                2.5523396,48.4469468,0
                2.5528117,48.4468223,0
                2.5531013,48.4468081,0
                2.5535412,48.4468721,0
                2.5540269,48.4477359,0
                2.5554332,48.454186,0
              </coordinates>
            </LinearRing>
          </outerBoundaryIs>
        </Polygon>
      </Placemark>
      <Placemark>
        <name>FB 003</name>
        <styleUrl>#poly-000000-1200-77-nodesc</styleUrl>
        <Polygon>
          <outerBoundaryIs>
            <LinearRing>
              <tessellate>1</tessellate>
              <coordinates>
                2.5440929,48.4520428,0
                2.543922,48.4514908,0
                2.544514,48.4488548,0
                2.5476737,48.4474066,0
                2.548768,48.4465597,0
                2.5489343,48.4460438,0
                2.5503291,48.4462395,0
                2.5501225,48.4471966,0
                2.5493876,48.4472536,0
                2.549275,48.4472785,0
                2.5491623,48.447371,0
                2.5485722,48.4489402,0
                2.5485722,48.4491572,0
                2.5487439,48.4497336,0
                2.5486741,48.4501108,0
                2.5486259,48.4504381,0
                2.5486956,48.4506054,0
                2.548819,48.4507868,0
                2.548878,48.450954,0
                2.5476174,48.4512565,0
                2.5472258,48.451196,0
                2.5468824,48.4511568,0
                2.5466088,48.4511142,0
                2.5464533,48.4511533,0
                2.5462709,48.451228,0
                2.5460188,48.451413,0
                2.5457935,48.4515411,0
                2.5456164,48.4516407,0
                2.5448976,48.4518044,0
                2.5444363,48.4519218,0
                2.5442807,48.4519823,0
                2.5440929,48.4520428,0
              </coordinates>
            </LinearRing>
          </outerBoundaryIs>
        </Polygon>
      </Placemark>
      <Placemark>
        <name>FB 004</name>
        <styleUrl>#poly-000000-1200-77-nodesc</styleUrl>
        <Polygon>
          <outerBoundaryIs>
            <LinearRing>
              <tessellate>1</tessellate>
              <coordinates>
                2.5490015,48.4509209,0
                2.5488561,48.4507007,0
                2.5487568,48.4503683,0
                2.5488587,48.4497172,0
                2.5488319,48.449582,0
                2.5486656,48.449091,0
                2.5486978,48.4489202,0
                2.5492691,48.4474435,0
                2.5493576,48.4473492,0
                2.5502481,48.4472603,0
                2.5510179,48.4472603,0
                2.5505324,48.447424,0
                2.550048,48.4478315,0
                2.549769,48.4485218,0
                2.5492858,48.4487504,0
                2.5494843,48.449398,0
                2.5494897,48.4500243,0
                2.5494039,48.4506327,0
                2.5490015,48.4509209,0
              </coordinates>
            </LinearRing>
          </outerBoundaryIs>
        </Polygon>
      </Placemark>
      <Placemark>
        <name>FB 005</name>
        <styleUrl>#poly-000000-1200-77-nodesc</styleUrl>
        <Polygon>
          <outerBoundaryIs>
            <LinearRing>
              <tessellate>1</tessellate>
              <coordinates>
                2.5536059,48.4468418,0
                2.5532035,48.44676,0
                2.5529085,48.4467564,0
                2.5515406,48.4471051,0
                2.5510417,48.4472261,0
                2.5502638,48.4472154,0
                2.5507145,48.4452477,0
                2.5523904,48.4449291,0
                2.5545255,48.4443598,0
                2.5550619,48.4442317,0
                2.5556091,48.4440324,0
                2.556049,48.4438118,0
                2.5568536,48.4434274,0
                2.5576261,48.4431214,0
                2.5582484,48.4428723,0
                2.5588599,48.4426517,0
                2.5595788,48.4424595,0
                2.5603834,48.4422638,0
                2.5606302,48.4421535,0
                2.5608823,48.4419079,0
                2.5613007,48.4420645,0
                2.5614992,48.4430716,0
                2.5598684,48.4440822,0
                2.5578685,48.4447829,0
                2.5549503,48.4454945,0
                2.5536059,48.4468418,0
              </coordinates>
            </LinearRing>
          </outerBoundaryIs>
        </Polygon>
      </Placemark>
      <Placemark>
        <name>FB 006</name>
        <styleUrl>#poly-000000-1200-77-nodesc</styleUrl>
        <Polygon>
          <outerBoundaryIs>
            <LinearRing>
              <tessellate>1</tessellate>
              <coordinates>
                2.5611579,48.4407097,0
                2.5610715,48.4410661,0
                2.5609103,48.4416078,0
                2.5606957,48.4419637,0
                2.5604382,48.4421416,0
                2.5599232,48.4422768,0
                2.5588396,48.4425188,0
                2.5578525,48.4428889,0
                2.557123,48.4431807,0
                2.556726,48.4433515,0
                2.5550094,48.4441522,0
                2.554414,48.4442803,0
                2.5521073,48.4448852,0
                2.5506159,48.445177,0
                2.5504604,48.4456289,0
                2.5501278,48.4455578,0
                2.5491193,48.4451094,0
                2.5486257,48.4439351,0
                2.5507179,48.4420562,0
                2.5553095,48.4412005,0
                2.5608575,48.4408271,0
                2.5609433,48.4407239,0
                2.5611579,48.4407097,0
              </coordinates>
            </LinearRing>
          </outerBoundaryIs>
        </Polygon>
      </Placemark>
      <Placemark>
        <name>LP 001</name>
        <styleUrl>#poly-000000-1200-77-nodesc</styleUrl>
        <Polygon>
          <outerBoundaryIs>
            <LinearRing>
              <tessellate>1</tessellate>
              <coordinates>
                2.5490328,48.4810478,0
                2.5494727,48.4815029,0
                2.5495371,48.4817803,0
                2.5489362,48.4830675,0
                2.5488611,48.484056,0
                2.5484105,48.4850089,0
                2.5486036,48.486104,0
                2.5485822,48.4871707,0
                2.5480028,48.4891048,0
                2.5476381,48.4896736,0
                2.5470587,48.4900576,0
                2.5462989,48.4905339,0
                2.5458697,48.4907899,0
                2.5456538,48.4910576,0
                2.5453105,48.4918824,0
                2.5448813,48.4920886,0
                2.5437333,48.4923517,0
                2.5425961,48.4908585,0
                2.5419631,48.4900977,0
                2.5411262,48.4905243,0
                2.5381758,48.4893582,0
                2.5368454,48.488576,0
                2.5364377,48.4873814,0
                2.5357268,48.4861519,0
                2.5358824,48.4859635,0
                2.5360433,48.4859102,0
                2.5363866,48.4858462,0
                2.5369821,48.4858248,0
                2.5374971,48.4858213,0
                2.5376741,48.4857822,0
                2.53835,48.4854551,0
                2.5386719,48.4853164,0
                2.5390742,48.4851528,0
                2.5397448,48.4847297,0
                2.5407479,48.4842497,0
                2.5419978,48.4836808,0
                2.5428186,48.4833857,0
                2.5431726,48.4833785,0
                2.5435481,48.4834283,0
                2.5438164,48.4833714,0
                2.5444386,48.4831225,0
                2.5451253,48.4828167,0
                2.5457261,48.4825465,0
                2.5462947,48.482198,0
                2.5472765,48.4817299,0
                2.5477379,48.4815237,0
                2.5483011,48.4813245,0
                2.5486605,48.4811645,0
                2.5490328,48.4810478,0
              </coordinates>
            </LinearRing>
          </outerBoundaryIs>
        </Polygon>
      </Placemark>
      <Placemark>
        <name>LP 002</name>
        <styleUrl>#poly-000000-1200-77-nodesc</styleUrl>
        <Polygon>
          <outerBoundaryIs>
            <LinearRing>
              <tessellate>1</tessellate>
              <coordinates>
                2.5358318,48.4859532,0
                2.5356629,48.4861665,0
                2.5354966,48.4873345,0
                2.5337907,48.4879532,0
                2.5301643,48.4854999,0
                2.5308295,48.4849381,0
                2.5320741,48.4843052,0
                2.5337263,48.4838501,0
                2.534488,48.483594,0
                2.5348421,48.4833523,0
                2.5398186,48.4841481,0
                2.5400868,48.4842725,0
                2.5402316,48.4843898,0
                2.5395074,48.4847418,0
                2.5390568,48.4850192,0
                2.5387886,48.4851756,0
                2.5383916,48.4853179,0
                2.5380805,48.4854601,0
                2.5376943,48.4856592,0
                2.5375119,48.485709,0
                2.5367179,48.4857445,0
                2.5363424,48.4857588,0
                2.5360206,48.4858085,0
                2.5358318,48.4859532,0
              </coordinates>
            </LinearRing>
          </outerBoundaryIs>
        </Polygon>
      </Placemark>
      <Placemark>
        <name>LR 01</name>
        <styleUrl>#poly-000000-1200-77-nodesc</styleUrl>
        <Polygon>
          <outerBoundaryIs>
            <LinearRing>
              <tessellate>1</tessellate>
              <coordinates>
                2.6538037,48.5256472,0
                2.6531578,48.5257202,0
                2.6530956,48.5255548,0
                2.6529991,48.525235,0
                2.6529991,48.5249544,0
                2.654147,48.5212948,0
                2.6551341,48.5214476,0
                2.6548015,48.5225171,0
                2.654308,48.5224424,0
                2.6541363,48.5230109,0
                2.6546352,48.5230784,0
                2.6544461,48.5236478,0
                2.6540193,48.5235681,0
                2.6539534,48.5237645,0
                2.6543757,48.5238508,0
                2.6542248,48.5243308,0
                2.6539687,48.5251134,0
                2.6536314,48.5250747,0
                2.6535512,48.5253272,0
                2.6538813,48.5253735,0
                2.6538037,48.5256472,0
              </coordinates>
            </LinearRing>
          </outerBoundaryIs>
        </Polygon>
      </Placemark>
      <Placemark>
        <name>LR 02</name>
        <styleUrl>#poly-000000-1200-77-nodesc</styleUrl>
        <Polygon>
          <outerBoundaryIs>
            <LinearRing>
              <tessellate>1</tessellate>
              <coordinates>
                2.6541648,48.5229993,0
                2.6543284,48.5224646,0
                2.6548085,48.5225357,0
                2.6546368,48.5230579,0
                2.6541648,48.5229993,0
              </coordinates>
            </LinearRing>
          </outerBoundaryIs>
        </Polygon>
      </Placemark>
      <Placemark>
        <name>LR 03</name>
        <styleUrl>#poly-000000-1200-77-nodesc</styleUrl>
        <Polygon>
          <outerBoundaryIs>
            <LinearRing>
              <tessellate>1</tessellate>
              <coordinates>
                2.6545403,48.5237499,0
                2.6548353,48.523796,0
                2.6547817,48.5239968,0
                2.6544759,48.5239524,0
                2.6545403,48.5237499,0
              </coordinates>
            </LinearRing>
          </outerBoundaryIs>
        </Polygon>
      </Placemark>
      <Placemark>
        <name>LR 04</name>
        <styleUrl>#poly-000000-1200-77-nodesc</styleUrl>
        <Polygon>
          <outerBoundaryIs>
            <LinearRing>
              <tessellate>1</tessellate>
              <coordinates>
                2.6548469,48.5226633,0
                2.6552278,48.5227219,0
                2.6549408,48.5236368,0
                2.6545519,48.5235799,0
                2.6548469,48.5226633,0
              </coordinates>
            </LinearRing>
          </outerBoundaryIs>
        </Polygon>
      </Placemark>
      <Placemark>
        <name>LR 05</name>
        <styleUrl>#poly-000000-1200-77-nodesc</styleUrl>
        <Polygon>
          <outerBoundaryIs>
            <LinearRing>
              <tessellate>1</tessellate>
              <coordinates>
                2.6549864,48.5236297,0
                2.6552707,48.5227023,0
                2.6548577,48.5226331,0
                2.6552251,48.5214623,0
                2.655944,48.5215654,0
                2.6560512,48.5216684,0
                2.6556704,48.5228693,0
                2.6554263,48.5235995,0
                2.6549864,48.5236297,0
              </coordinates>
            </LinearRing>
          </outerBoundaryIs>
        </Polygon>
      </Placemark>
      <Placemark>
        <name>LR 06</name>
        <styleUrl>#poly-000000-1200-77-nodesc</styleUrl>
        <Polygon>
          <outerBoundaryIs>
            <LinearRing>
              <tessellate>1</tessellate>
              <coordinates>
                2.6561156,48.5216755,0
                2.6562551,48.5216116,0
                2.6569686,48.5217182,0
                2.6558528,48.5253706,0
                2.6552788,48.5255162,0
                2.6549462,48.5255482,0
                2.6561156,48.5216755,0
              </coordinates>
            </LinearRing>
          </outerBoundaryIs>
        </Polygon>
      </Placemark>
      <Placemark>
        <name>LR 07</name>
        <styleUrl>#poly-000000-1200-77-nodesc</styleUrl>
        <Polygon>
          <outerBoundaryIs>
            <LinearRing>
              <tessellate>1</tessellate>
              <coordinates>
                2.6570463,48.5217234,0
                2.6577813,48.5218051,0
                2.6580227,48.5221036,0
                2.6574058,48.5240577,0
                2.6571697,48.5246119,0
                2.6566762,48.5249779,0
                2.6562578,48.5251982,0
                2.6559198,48.5253367,0
                2.6565421,48.5233258,0
                2.6570463,48.5217234,0
              </coordinates>
            </LinearRing>
          </outerBoundaryIs>
        </Polygon>
      </Placemark>
      <Placemark>
        <name>LR 08</name>
        <styleUrl>#poly-000000-1200-77-nodesc</styleUrl>
        <Polygon>
          <outerBoundaryIs>
            <LinearRing>
              <tessellate>1</tessellate>
              <coordinates>
                2.656814,48.5249917,0
                2.6604779,48.5224087,0
                2.6605208,48.5228386,0
                2.6604779,48.5229736,0
                2.6603331,48.5231584,0
                2.6604296,48.5232117,0
                2.660848,48.5233325,0
                2.6603867,48.524004,0
                2.6596518,48.5247678,0
                2.6590939,48.5251196,0
                2.6586057,48.5248353,0
                2.6576294,48.5254713,0
                2.656814,48.5249917,0
              </coordinates>
            </LinearRing>
          </outerBoundaryIs>
        </Polygon>
      </Placemark>
      <Placemark>
        <name>LR 09</name>
        <styleUrl>#poly-000000-1200-77-nodesc</styleUrl>
        <Polygon>
          <outerBoundaryIs>
            <LinearRing>
              <tessellate>1</tessellate>
              <coordinates>
                2.6581349,48.5221297,0
                2.6585748,48.521881,0
                2.6602914,48.5218988,0
                2.6606938,48.5219663,0
                2.6608171,48.5220231,0
                2.6603719,48.5223465,0
                2.6574697,48.5243965,0
                2.6574644,48.5242331,0
                2.6581349,48.5221297,0
              </coordinates>
            </LinearRing>
          </outerBoundaryIs>
        </Polygon>
      </Placemark>
      <Placemark>
        <name>LR 10</name>
        <styleUrl>#poly-000000-1200-77-nodesc</styleUrl>
        <Polygon>
          <outerBoundaryIs>
            <LinearRing>
              <tessellate>1</tessellate>
              <coordinates>
                2.660915,48.5222175,0
                2.6613522,48.5217112,0
                2.6616124,48.5218089,0
                2.6611591,48.5223135,0
                2.660915,48.5222175,0
              </coordinates>
            </LinearRing>
          </outerBoundaryIs>
        </Polygon>
      </Placemark>
      <Placemark>
        <name>LR 11</name>
        <styleUrl>#poly-000000-1200-77-nodesc</styleUrl>
        <Polygon>
          <outerBoundaryIs>
            <LinearRing>
              <tessellate>1</tessellate>
              <coordinates>
                2.6600861,48.5218503,0
                2.6601156,48.5215039,0
                2.660475,48.5215287,0
                2.6607244,48.521646,0
                2.6610463,48.5216407,0
                2.6610624,48.5217259,0
                2.660939,48.5218396,0
                2.6602845,48.5218254,0
                2.6602282,48.5218467,0
                2.6600861,48.5218503,0
              </coordinates>
            </LinearRing>
          </outerBoundaryIs>
        </Polygon>
      </Placemark>
      <Placemark>
        <name>LR 12</name>
        <styleUrl>#poly-000000-1200-77-nodesc</styleUrl>
        <Polygon>
          <outerBoundaryIs>
            <LinearRing>
              <tessellate>1</tessellate>
              <coordinates>
                2.6600914,48.5213493,0
                2.6600941,48.5211574,0
                2.6611348,48.5211912,0
                2.6611402,48.5213351,0
                2.6602604,48.5213155,0
                2.6600914,48.5213493,0
              </coordinates>
            </LinearRing>
          </outerBoundaryIs>
        </Polygon>
      </Placemark>
      <Placemark>
        <name>LR 13</name>
        <styleUrl>#poly-000000-1200-77-nodesc</styleUrl>
        <Polygon>
          <outerBoundaryIs>
            <LinearRing>
              <tessellate>1</tessellate>
              <coordinates>
                2.6620178,48.520662,0
                2.6613204,48.521552,0
                2.6612131,48.5215378,0
                2.66124,48.5204825,0
                2.6613124,48.5194575,0
                2.6615913,48.5194628,0
                2.6615511,48.5205198,0
                2.661645,48.5205287,0
                2.6620178,48.520662,0
              </coordinates>
            </LinearRing>
          </outerBoundaryIs>
        </Polygon>
      </Placemark>
      <Placemark>
        <name>LR 14</name>
        <styleUrl>#poly-000000-1200-77-nodesc</styleUrl>
        <Polygon>
          <outerBoundaryIs>
            <LinearRing>
              <tessellate>1</tessellate>
              <coordinates>
                2.6611507,48.5210303,0
                2.6603353,48.5207478,0
                2.6606357,48.5197725,0
                2.6612124,48.5199999,0
                2.6611507,48.5210303,0
              </coordinates>
            </LinearRing>
          </outerBoundaryIs>
        </Polygon>
      </Placemark>
      <Placemark>
        <name>LR 15</name>
        <styleUrl>#poly-000000-1200-77-nodesc</styleUrl>
        <Polygon>
          <outerBoundaryIs>
            <LinearRing>
              <tessellate>1</tessellate>
              <coordinates>
                2.6629984,48.5194549,0
                2.6621991,48.5204552,0
                2.6618263,48.5203326,0
                2.6626417,48.5193235,0
                2.6629984,48.5194549,0
              </coordinates>
            </LinearRing>
          </outerBoundaryIs>
        </Polygon>
      </Placemark>
      <Placemark>
        <name>LR 16</name>
        <styleUrl>#poly-000000-1200-77-nodesc</styleUrl>
        <Polygon>
          <outerBoundaryIs>
            <LinearRing>
              <tessellate>1</tessellate>
              <coordinates>
                2.6632833,48.5186456,0
                2.6635461,48.5187255,0
                2.6635086,48.5187948,0
                2.6630204,48.5194468,0
                2.6626691,48.5193082,0
                2.6632833,48.5186456,0
              </coordinates>
            </LinearRing>
          </outerBoundaryIs>
        </Polygon>
      </Placemark>
      <Placemark>
        <name>LR 17</name>
        <styleUrl>#poly-000000-1200-77-nodesc</styleUrl>
        <Polygon>
          <outerBoundaryIs>
            <LinearRing>
              <tessellate>1</tessellate>
              <coordinates>
                2.663285,48.5184566,0
                2.6632287,48.5177477,0
                2.6636418,48.5177512,0
                2.6636364,48.5184477,0
                2.663285,48.5184566,0
              </coordinates>
            </LinearRing>
          </outerBoundaryIs>
        </Polygon>
      </Placemark>
      <Placemark>
        <name>LR 18</name>
        <styleUrl>#poly-000000-1200-77-nodesc</styleUrl>
        <Polygon>
          <outerBoundaryIs>
            <LinearRing>
              <tessellate>1</tessellate>
              <coordinates>
                2.6621528,48.5190741,0
                2.662272,48.5189399,0
                2.6624452,48.5186051,0
                2.6625605,48.5181894,0
                2.6625471,48.5177701,0
                2.6631855,48.5178518,0
                2.663223,48.5186051,0
                2.6627134,48.5190795,0
                2.6621528,48.5190741,0
              </coordinates>
            </LinearRing>
          </outerBoundaryIs>
        </Polygon>
      </Placemark>
      <Placemark>
        <name>LR 19</name>
        <styleUrl>#poly-000000-1200-77-nodesc</styleUrl>
        <Polygon>
          <outerBoundaryIs>
            <LinearRing>
              <tessellate>1</tessellate>
              <coordinates>
                2.6614593,48.5177993,0
                2.6624866,48.5177727,0
                2.6624785,48.518208,0
                2.6623659,48.5186059,0
                2.6622049,48.5189293,0
                2.661985,48.5191673,0
                2.6617114,48.5193237,0
                2.6613413,48.5194161,0
                2.6614056,48.5179344,0
                2.6614593,48.5177993,0
              </coordinates>
            </LinearRing>
          </outerBoundaryIs>
        </Polygon>
      </Placemark>
      <Placemark>
        <name>LR 20</name>
        <styleUrl>#poly-000000-1200-77-nodesc</styleUrl>
        <Polygon>
          <outerBoundaryIs>
            <LinearRing>
              <tessellate>1</tessellate>
              <coordinates>
                2.6585712,48.5218342,0
                2.658295,48.5216068,0
                2.6587268,48.5203241,0
                2.6587483,48.5200185,0
                2.6587214,48.5198267,0
                2.6589092,48.5197272,0
                2.661232,48.5194713,0
                2.6612132,48.5199564,0
                2.6605802,48.5197165,0
                2.66043,48.5200718,0
                2.660194,48.5208642,0
                2.660033,48.52112,0
                2.6600625,48.5215251,0
                2.6600277,48.5218502,0
                2.6585712,48.5218342,0
              </coordinates>
            </LinearRing>
          </outerBoundaryIs>
        </Polygon>
      </Placemark>
      <Placemark>
        <name>LR 21</name>
        <styleUrl>#poly-000000-1200-77-nodesc</styleUrl>
        <Polygon>
          <outerBoundaryIs>
            <LinearRing>
              <tessellate>1</tessellate>
              <coordinates>
                2.6565096,48.5178735,0
                2.661359,48.517806,0
                2.661241,48.5194227,0
                2.6589879,48.5196501,0
                2.6587197,48.5197496,0
                2.6586231,48.5194618,0
                2.6585266,48.5192131,0
                2.6583603,48.5189999,0
                2.6581833,48.5187938,0
                2.6580223,48.5186304,0
                2.6577809,48.5184456,0
                2.6575771,48.5183319,0
                2.6572338,48.5181613,0
                2.6570621,48.5180938,0
                2.6568046,48.5180085,0
                2.656472,48.5179162,0
                2.6565096,48.5178735,0
              </coordinates>
            </LinearRing>
          </outerBoundaryIs>
        </Polygon>
      </Placemark>
      <Placemark>
        <name>LR 22</name>
        <styleUrl>#poly-000000-1200-77-nodesc</styleUrl>
        <Polygon>
          <outerBoundaryIs>
            <LinearRing>
              <tessellate>1</tessellate>
              <coordinates>
                2.6562766,48.5215505,0
                2.65618,48.5214546,0
                2.6565985,48.5200688,0
                2.6570759,48.5199516,0
                2.657548,48.5198983,0
                2.6576284,48.519877,0
                2.6586423,48.5200404,0
                2.6586101,48.5202785,0
                2.6581649,48.5215967,0
                2.6578001,48.5217637,0
                2.6570544,48.5216748,0
                2.6562766,48.5215505,0
              </coordinates>
            </LinearRing>
          </outerBoundaryIs>
        </Polygon>
      </Placemark>
      <Placemark>
        <name>LR 23</name>
        <styleUrl>#poly-000000-1200-77-nodesc</styleUrl>
        <Polygon>
          <outerBoundaryIs>
            <LinearRing>
              <tessellate>1</tessellate>
              <coordinates>
                2.6563038,48.5179773,0
                2.6564165,48.5179667,0
                2.6568939,48.5181195,0
                2.6571621,48.5182225,0
                2.6576718,48.5184961,0
                2.6580097,48.5187448,0
                2.6584174,48.5192636,0
                2.6585408,48.5195763,0
                2.6586105,48.5197788,0
                2.6586266,48.5199956,0
                2.6576771,48.5198534,0
                2.6575645,48.5198499,0
                2.6571353,48.5198925,0
                2.6568939,48.5199281,0
                2.6566472,48.5199956,0
                2.6565452,48.5200844,0
                2.6563307,48.5201093,0
                2.6561483,48.5200808,0
                2.6558639,48.5199849,0
                2.6556923,48.5199103,0
                2.6563038,48.5179773,0
              </coordinates>
            </LinearRing>
          </outerBoundaryIs>
        </Polygon>
      </Placemark>
      <Placemark>
        <name>LR 24</name>
        <styleUrl>#poly-000000-1200-77-nodesc</styleUrl>
        <Polygon>
          <outerBoundaryIs>
            <LinearRing>
              <tessellate>1</tessellate>
              <coordinates>
                2.6565081,48.5201466,0
                2.6561004,48.5214434,0
                2.6559502,48.5214967,0
                2.6541478,48.5212445,0
                2.6551964,48.5179119,0
                2.6556255,48.5179083,0
                2.656162,48.5179048,0
                2.6562532,48.517983,0
                2.6556229,48.5199568,0
                2.6561057,48.5201167,0
                2.6563229,48.5201398,0
                2.6565081,48.5201466,0
              </coordinates>
            </LinearRing>
          </outerBoundaryIs>
        </Polygon>
      </Placemark>
      <Placemark>
        <name>LR 25</name>
        <styleUrl>#poly-000000-1200-77-nodesc</styleUrl>
        <Polygon>
          <outerBoundaryIs>
            <LinearRing>
              <tessellate>1</tessellate>
              <coordinates>
                2.6652981,48.509562,0
                2.665274,48.5097308,0
                2.6650782,48.5101324,0
                2.6647697,48.5104202,0
                2.6642977,48.5105055,0
                2.6641421,48.5104273,0
                2.6640455,48.5102354,0
                2.6639114,48.5099333,0
                2.6638256,48.5097201,0
                2.6636915,48.5095069,0
                2.6633213,48.5091124,0
                2.6631336,48.5090235,0
                2.6630022,48.5090058,0
                2.6627688,48.5089169,0
                2.6626722,48.5087979,0
                2.6622645,48.5083909,0
                2.6620982,48.5080782,0
                2.6619373,48.507538,0
                2.6618086,48.5072252,0
                2.6618086,48.5071044,0
                2.6612346,48.5065642,0
                2.6622431,48.5067099,0
                2.6630156,48.5072181,0
                2.663155,48.5078116,0
                2.6644923,48.5085494,0
                2.6648786,48.5088017,0
                2.6649912,48.5091109,0
                2.6649912,48.5094308,0
                2.6651307,48.5094805,0
                2.6653292,48.5095161,0
                2.6652981,48.509562,0
              </coordinates>
            </LinearRing>
          </outerBoundaryIs>
        </Polygon>
      </Placemark>
      <Placemark>
        <name>LR 26</name>
        <styleUrl>#poly-000000-1200-77-nodesc</styleUrl>
        <Polygon>
          <outerBoundaryIs>
            <LinearRing>
              <tessellate>1</tessellate>
              <coordinates>
                2.6653614,48.5095107,0
                2.6651468,48.5094681,0
                2.6650181,48.5094254,0
                2.6650207,48.5091162,0
                2.6648974,48.5087804,0
                2.6639318,48.5081762,0
                2.6641973,48.5079452,0
                2.6654928,48.5077675,0
                2.6661902,48.5079381,0
                2.6666193,48.5088906,0
                2.6668607,48.5090967,0
                2.6668393,48.5092673,0
                2.6654472,48.5092815,0
                2.6653614,48.5095107,0
              </coordinates>
            </LinearRing>
          </outerBoundaryIs>
        </Polygon>
      </Placemark>
      <Placemark>
        <name>LR 27</name>
        <styleUrl>#poly-000000-1200-77-nodesc</styleUrl>
        <Polygon>
          <outerBoundaryIs>
            <LinearRing>
              <tessellate>1</tessellate>
              <coordinates>
                2.6601859,48.5089841,0
                2.6596173,48.5086074,0
                2.6583674,48.5081347,0
                2.6583111,48.5079961,0
                2.6589333,48.5080227,0
                2.6590567,48.5079783,0
                2.6591077,48.5078148,0
                2.6591452,48.5077864,0
                2.6598399,48.507774,0
                2.6606956,48.5077704,0
                2.6608645,48.5077615,0
                2.661232,48.5077224,0
                2.6615431,48.5076638,0
                2.6616826,48.5076283,0
                2.6617845,48.5075465,0
                2.6617872,48.5074452,0
                2.661806,48.5072888,0
                2.661916,48.5075358,0
                2.6620769,48.5080903,0
                2.662242,48.5084364,0
                2.6627623,48.5089517,0
                2.6631057,48.5090441,0
                2.6631405,48.5090424,0
                2.6633954,48.5093409,0
                2.6636367,48.5096412,0
                2.6637226,48.5097727,0
                2.6638084,48.5100286,0
                2.6639425,48.5102915,0
                2.6640123,48.5104301,0
                2.6641464,48.5105474,0
                2.6637977,48.5107251,0
                2.6617968,48.5110023,0
                2.6617431,48.5109881,0
                2.661035,48.5105599,0
                2.6610511,48.5099504,0
                2.6610994,48.5098829,0
                2.6611986,48.5098295,0
                2.6613086,48.5097709,0
                2.6613837,48.5096838,0
                2.6614105,48.5095008,0
                2.6614212,48.5093444,0
                2.6613783,48.5092574,0
                2.6611772,48.5090886,0
                2.6610109,48.5090193,0
                2.6608794,48.5089944,0
                2.6606219,48.5089962,0
                2.66052,48.5089837,0
                2.6602813,48.5089535,0
                2.6601859,48.5089841,0
              </coordinates>
            </LinearRing>
          </outerBoundaryIs>
        </Polygon>
      </Placemark>
      <Placemark>
        <name>LR 28</name>
        <styleUrl>#poly-000000-1200-77-nodesc</styleUrl>
        <Polygon>
          <outerBoundaryIs>
            <LinearRing>
              <tessellate>1</tessellate>
              <coordinates>
                2.6606185,48.5177103,0
                2.6606799,48.5155238,0
                2.6614309,48.5151116,0
                2.6614202,48.5149624,0
                2.6607657,48.514543,0
                2.6608727,48.5122679,0
                2.660819,48.511287,0
                2.6616612,48.5110951,0
                2.6618705,48.5110738,0
                2.6630238,48.5109032,0
                2.6630076,48.5118295,0
                2.6629432,48.5122808,0
                2.6628715,48.5125933,0
                2.6625657,48.5134461,0
                2.6625228,48.5144909,0
                2.6616699,48.5149991,0
                2.6616431,48.5151376,0
                2.6624799,48.5155392,0
                2.6623029,48.5176783,0
                2.6615036,48.5176464,0
                2.6612944,48.5176535,0
                2.6606185,48.5177103,0
              </coordinates>
            </LinearRing>
          </outerBoundaryIs>
        </Polygon>
      </Placemark>
      <Placemark>
        <name>LR 29</name>
        <styleUrl>#poly-000000-1200-77-nodesc</styleUrl>
        <Polygon>
          <outerBoundaryIs>
            <LinearRing>
              <tessellate>1</tessellate>
              <coordinates>
                2.6588813,48.5062019,0
                2.6610968,48.5065538,0
                2.6617405,48.5071544,0
                2.661703,48.5075418,0
                2.6616064,48.5075987,0
                2.6609573,48.5077088,0
                2.660496,48.5077266,0
                2.6596269,48.507716,0
                2.6591227,48.5077266,0
                2.659069,48.5077622,0
                2.6590207,48.5078119,0
                2.6589886,48.5079612,0
                2.6589188,48.507979,0
                2.6583287,48.5079612,0
                2.6588813,48.5062019,0
              </coordinates>
            </LinearRing>
          </outerBoundaryIs>
        </Polygon>
      </Placemark>
      <Placemark>
        <name>LR 30</name>
        <styleUrl>#poly-000000-1200-77-nodesc</styleUrl>
        <Polygon>
          <outerBoundaryIs>
            <LinearRing>
              <tessellate>1</tessellate>
              <coordinates>
                2.6589242,48.5061095,0
                2.6591763,48.5059176,0
                2.6595465,48.5047945,0
                2.6623306,48.5052849,0
                2.6620195,48.505683,0
                2.6615045,48.5061415,0
                2.6611236,48.506472,0
                2.6589242,48.5061095,0
              </coordinates>
            </LinearRing>
          </outerBoundaryIs>
        </Polygon>
      </Placemark>
      <Placemark>
        <name>LR 31</name>
        <styleUrl>#poly-000000-1200-77-nodesc</styleUrl>
        <Polygon>
          <outerBoundaryIs>
            <LinearRing>
              <tessellate>1</tessellate>
              <coordinates>
                2.665327,48.5097558,0
                2.6653431,48.5097185,0
                2.6654075,48.5096456,0
                2.6660593,48.5095017,0
                2.6662148,48.5096776,0
                2.6661988,48.5098464,0
                2.6658957,48.5098411,0
                2.6657803,48.5098535,0
                2.6656865,48.510161,0
                2.6653485,48.5101379,0
                2.665327,48.5097558,0
              </coordinates>
            </LinearRing>
          </outerBoundaryIs>
        </Polygon>
      </Placemark>
      <Placemark>
        <name>LR 32</name>
        <styleUrl>#poly-000000-1200-77-nodesc</styleUrl>
        <Polygon>
          <outerBoundaryIs>
            <LinearRing>
              <tessellate>1</tessellate>
              <coordinates>
                2.6662587,48.5096755,0
                2.666535,48.5094356,0
                2.6669427,48.5094161,0
                2.666948,48.5095565,0
                2.6668729,48.5097057,0
                2.6668676,48.5098124,0
                2.6668166,48.5098372,0
                2.6662721,48.5098461,0
                2.6662587,48.5096755,0
              </coordinates>
            </LinearRing>
          </outerBoundaryIs>
        </Polygon>
      </Placemark>
      <Placemark>
        <name>LM 001</name>
        <styleUrl>#poly-000000-1200-77-nodesc</styleUrl>
        <Polygon>
          <outerBoundaryIs>
            <LinearRing>
              <tessellate>1</tessellate>
              <coordinates>
                2.5151635,48.4818022,0
                2.5161197,48.4807077,0
                2.5175359,48.4804588,0
                2.5194134,48.4810135,0
                2.5208864,48.4801559,0
                2.5227585,48.4799924,0
                2.5233433,48.47905,0
                2.5240138,48.4780223,0
                2.5246575,48.4780721,0
                2.5256285,48.4785948,0
                2.5261918,48.4788295,0
                2.5259611,48.4793203,0
                2.524679,48.4796474,0
                2.5236169,48.4804511,0
                2.5227478,48.4813116,0
                2.5277904,48.4837011,0
                2.5272325,48.4844549,0
                2.5260738,48.4847109,0
                2.522662,48.4838362,0
                2.5187352,48.4837153,0
                2.51525,48.4824221,0
                2.5151635,48.4818022,0
              </coordinates>
            </LinearRing>
          </outerBoundaryIs>
        </Polygon>
      </Placemark>
      <Placemark>
        <name>OR 001</name>
        <styleUrl>#poly-000000-1200-77-nodesc</styleUrl>
        <Polygon>
          <outerBoundaryIs>
            <LinearRing>
              <tessellate>1</tessellate>
              <coordinates>
                2.5670539,48.5052369,0
                2.5669386,48.5046291,0
                2.565517,48.5047677,0
                2.5656887,48.5042381,0
                2.5666704,48.5041173,0
                2.5681563,48.5040089,0
                2.5691917,48.5041102,0
                2.569358,48.5047926,0
                2.5685533,48.5048566,0
                2.5685962,48.5051107,0
                2.5670539,48.5052369,0
              </coordinates>
            </LinearRing>
          </outerBoundaryIs>
        </Polygon>
      </Placemark>
      <Placemark>
        <name>OR 002</name>
        <styleUrl>#poly-000000-1200-77-nodesc</styleUrl>
        <Polygon>
          <outerBoundaryIs>
            <LinearRing>
              <tessellate>1</tessellate>
              <coordinates>
                2.5658085,48.5056481,0
                2.5658595,48.5059104,0
                2.5658863,48.5059584,0
                2.5659721,48.5059619,0
                2.5671738,48.5058667,0
                2.5670558,48.5052607,0
                2.5686678,48.5051399,0
                2.5686114,48.5048733,0
                2.5693142,48.5048075,0
                2.5694134,48.5059751,0
                2.5655752,48.5063874,0
                2.5654679,48.5057334,0
                2.5658085,48.5056481,0
              </coordinates>
            </LinearRing>
          </outerBoundaryIs>
        </Polygon>
      </Placemark>
      <Placemark>
        <name>OR 003</name>
        <styleUrl>#poly-000000-1200-77-nodesc</styleUrl>
        <Polygon>
          <outerBoundaryIs>
            <LinearRing>
              <tessellate>1</tessellate>
              <coordinates>
                2.5656653,48.5012211,0
                2.5654293,48.5016477,0
                2.5653971,48.5020813,0
                2.5654615,48.5023941,0
                2.5655741,48.503759,0
                2.5650377,48.5038016,0
                2.5647748,48.5037412,0
                2.564512,48.5037163,0
                2.5643242,48.5037341,0
                2.5642867,48.5036346,0
                2.5637717,48.5036772,0
                2.5636966,48.5037305,0
                2.5637135,48.503783,0
                2.5634238,48.503815,0
                2.5634399,48.5036657,0
                2.5634238,48.5033139,0
                2.5633862,48.5030473,0
                2.5633916,48.5025426,0
                2.5633111,48.5019845,0
                2.563295,48.5013874,0
                2.5633701,48.500744,0
                2.5646411,48.5009719,0
                2.5656653,48.5012211,0
              </coordinates>
            </LinearRing>
          </outerBoundaryIs>
        </Polygon>
      </Placemark>
      <Placemark>
        <name>OR 004</name>
        <styleUrl>#poly-000000-1200-77-nodesc</styleUrl>
        <Polygon>
          <outerBoundaryIs>
            <LinearRing>
              <tessellate>1</tessellate>
              <coordinates>
                2.5653585,48.5056475,0
                2.5653505,48.5055498,0
                2.5653532,48.5053969,0
                2.5653988,48.5051055,0
                2.565506,48.5048105,0
                2.5668901,48.5046754,0
                2.5670993,48.5058323,0
                2.5659245,48.5059247,0
                2.5658681,48.5056137,0
                2.5653585,48.5056475,0
              </coordinates>
            </LinearRing>
          </outerBoundaryIs>
        </Polygon>
      </Placemark>
      <Placemark>
        <name>OR 005</name>
        <styleUrl>#poly-000000-1200-77-nodesc</styleUrl>
        <Polygon>
          <outerBoundaryIs>
            <LinearRing>
              <tessellate>1</tessellate>
              <coordinates>
                2.5632736,48.5032304,0
                2.5633058,48.5036321,0
                2.5633058,48.5038418,0
                2.5633648,48.5040302,0
                2.5636384,48.5044993,0
                2.5637993,48.504773,0
                2.5639978,48.5050111,0
                2.5635365,48.5052244,0
                2.5632092,48.5052955,0
                2.5631556,48.5053506,0
                2.5629786,48.5054359,0
                2.5630054,48.5056225,0
                2.5626647,48.5058108,0
                2.5626111,48.5062444,0
                2.561785,48.506312,0
                2.561667,48.5061591,0
                2.5605458,48.5055016,0
                2.5602006,48.5045884,0
                2.5609006,48.5043236,0
                2.5613646,48.5043911,0
                2.561429,48.5043787,0
                2.561201,48.5038331,0
                2.5610106,48.5032537,0
                2.5614073,48.5032093,0
                2.5619223,48.503227,0
                2.5620216,48.5032253,0
                2.5625017,48.5032519,0
                2.5629845,48.5032466,0
                2.5632736,48.5032304,0
              </coordinates>
            </LinearRing>
          </outerBoundaryIs>
        </Polygon>
      </Placemark>
      <Placemark>
        <name>OR 006</name>
        <styleUrl>#poly-000000-1200-77-nodesc</styleUrl>
        <Polygon>
          <outerBoundaryIs>
            <LinearRing>
              <tessellate>1</tessellate>
              <coordinates>
                2.558769,48.4998577,0
                2.558989,48.4995378,0
                2.559402,48.4991894,0
                2.5596166,48.4978031,0
                2.5607914,48.4977533,0
                2.5611776,48.4979417,0
                2.5612045,48.498251,0
                2.5612581,48.4991005,0
                2.5611884,48.4996906,0
                2.5614781,48.4996586,0
                2.561875,48.4996231,0
                2.564289,48.499943,0
                2.5648791,48.5000567,0
                2.5654799,48.4998719,0
                2.565834,48.4995306,0
                2.5668639,48.4998612,0
                2.5667566,48.4999643,0
                2.5661934,48.5006361,0
                2.5672072,48.5010449,0
                2.567041,48.5014394,0
                2.5658554,48.5011444,0
                2.5637096,48.5007143,0
                2.5612581,48.5002451,0
                2.5604427,48.5000958,0
                2.558769,48.4998577,0
              </coordinates>
            </LinearRing>
          </outerBoundaryIs>
        </Polygon>
      </Placemark>
      <Placemark>
        <name>OR 007</name>
        <styleUrl>#poly-000000-1200-77-nodesc</styleUrl>
        <Polygon>
          <outerBoundaryIs>
            <LinearRing>
              <tessellate>1</tessellate>
              <coordinates>
                2.5610925,48.5003136,0
                2.563249,48.5007188,0
                2.5631846,48.5019558,0
                2.5632436,48.5025494,0
                2.5632719,48.5031767,0
                2.5626657,48.5032087,0
                2.5619254,48.5031731,0
                2.5617699,48.5031625,0
                2.5614105,48.5031518,0
                2.5609974,48.5032016,0
                2.5607292,48.5021175,0
                2.5607238,48.5017123,0
                2.560815,48.5011471,0
                2.5609437,48.5006815,0
                2.5610925,48.5003136,0
              </coordinates>
            </LinearRing>
          </outerBoundaryIs>
        </Polygon>
      </Placemark>
      <Placemark>
        <name>OR 008</name>
        <styleUrl>#poly-000000-1200-77-nodesc</styleUrl>
        <Polygon>
          <outerBoundaryIs>
            <LinearRing>
              <tessellate>1</tessellate>
              <coordinates>
                2.5634222,48.5038732,0
                2.563728,48.5038341,0
                2.5638245,48.5039123,0
                2.5639694,48.503891,0
                2.5642966,48.503795,0
                2.5645058,48.5037808,0
                2.5646882,48.5037844,0
                2.5649189,48.503827,0
                2.565053,48.5038484,0
                2.5655894,48.5038022,0
                2.5655197,48.504346,0
                2.5654392,48.5048329,0
                2.5653266,48.5050959,0
                2.5652622,48.5055757,0
                2.5653749,48.5061373,0
                2.565112,48.505956,0
                2.5648545,48.5057179,0
                2.5640767,48.5049751,0
                2.5638031,48.5046054,0
                2.56361,48.5042358,0
                2.5634222,48.5038732,0
              </coordinates>
            </LinearRing>
          </outerBoundaryIs>
        </Polygon>
      </Placemark>
      <Placemark>
        <name>OR 009</name>
        <styleUrl>#poly-000000-1200-77-nodesc</styleUrl>
        <Polygon>
          <outerBoundaryIs>
            <LinearRing>
              <tessellate>1</tessellate>
              <coordinates>
                2.5640301,48.5050544,0
                2.5649152,48.5059038,0
                2.5653659,48.506245,0
                2.5653927,48.5063588,0
                2.5658111,48.50713,0
                2.5650601,48.5072971,0
                2.5633488,48.5072793,0
                2.5628553,48.506636,0
                2.5627748,48.5057795,0
                2.563035,48.5056302,0
                2.5630055,48.5054436,0
                2.5631745,48.5053689,0
                2.5632281,48.5053423,0
                2.5635366,48.505289,0
                2.5640301,48.5050544,0
              </coordinates>
            </LinearRing>
          </outerBoundaryIs>
        </Polygon>
      </Placemark>
      <Placemark>
        <name>PG 001</name>
        <styleUrl>#poly-000000-1200-77-nodesc</styleUrl>
        <Polygon>
          <outerBoundaryIs>
            <LinearRing>
              <tessellate>1</tessellate>
              <coordinates>
                2.5532119,48.4768742,0
                2.553464,48.476636,0
                2.5536733,48.4764439,0
                2.5538127,48.4762057,0
                2.5538717,48.4758678,0
                2.5538825,48.4756224,0
                2.5539361,48.4755762,0
                2.5541024,48.4756651,0
                2.5542419,48.475722,0
                2.5558029,48.4766075,0
                2.5554274,48.4767142,0
                2.5554167,48.4767711,0
                2.5551431,48.4771409,0
                2.5545852,48.4774645,0
                2.5543384,48.4776103,0
                2.5532119,48.4768742,0
              </coordinates>
            </LinearRing>
          </outerBoundaryIs>
        </Polygon>
      </Placemark>
      <Placemark>
        <name>PG 002</name>
        <styleUrl>#poly-000000-1200-77-nodesc</styleUrl>
        <Polygon>
          <outerBoundaryIs>
            <LinearRing>
              <tessellate>1</tessellate>
              <coordinates>
                2.5558495,48.4766497,0
                2.5558615,48.4766317,0
                2.5558749,48.4767935,0
                2.5558963,48.4769855,0
                2.5560948,48.477519,0
                2.5577038,48.4785275,0
                2.5578124,48.4791488,0
                2.5578419,48.4794511,0
                2.5582147,48.480036,0
                2.5581852,48.4800858,0
                2.5582684,48.4802156,0
                2.558145,48.4803934,0
                2.5580377,48.4803579,0
                2.5577856,48.4801445,0
                2.5572438,48.4797213,0
                2.5567695,48.4793239,0
                2.5563081,48.4789576,0
                2.5560506,48.4787229,0
                2.5557073,48.4785114,0
                2.5554605,48.4783851,0
                2.5550314,48.4781824,0
                2.5547819,48.4780206,0
                2.5545861,48.477777,0
                2.5543716,48.4776366,0
                2.5550046,48.4772916,0
                2.5552326,48.4771387,0
                2.5554418,48.4768435,0
                2.5554659,48.4767617,0
                2.5558495,48.4766497,0
              </coordinates>
            </LinearRing>
          </outerBoundaryIs>
        </Polygon>
      </Placemark>
      <Placemark>
        <name>PG 003</name>
        <styleUrl>#poly-000000-1200-77-nodesc</styleUrl>
        <Polygon>
          <outerBoundaryIs>
            <LinearRing>
              <tessellate>1</tessellate>
              <coordinates>
                2.5558844,48.4766708,0
                2.5563122,48.4769422,0
                2.5573529,48.4774934,0
                2.5600925,48.478895,0
                2.5605227,48.4791276,0
                2.5599625,48.4794317,0
                2.5581761,48.4804043,0
                2.5582975,48.4802173,0
                2.5582197,48.4800875,0
                2.5582492,48.4800484,0
                2.5578711,48.4794545,0
                2.5577432,48.4785342,0
                2.5561204,48.4775047,0
                2.5559139,48.4769944,0
                2.5558844,48.4766708,0
              </coordinates>
            </LinearRing>
          </outerBoundaryIs>
        </Polygon>
      </Placemark>
      <Placemark>
        <name>PG 004</name>
        <styleUrl>#poly-000000-1200-77-nodesc</styleUrl>
        <Polygon>
          <outerBoundaryIs>
            <LinearRing>
              <tessellate>1</tessellate>
              <coordinates>
                2.5540439,48.4755348,0
                2.5546448,48.4752503,0
                2.5552563,48.4750084,0
                2.5556425,48.4749871,0
                2.5563292,48.4748946,0
                2.557681,48.4757553,0
                2.5581209,48.4759615,0
                2.5587861,48.4761536,0
                2.5593762,48.4765234,0
                2.5607817,48.477448,0
                2.562112,48.4783299,0
                2.5634961,48.4792901,0
                2.5641827,48.4799088,0
                2.5631956,48.4802715,0
                2.5603203,48.4788918,0
                2.558593,48.4780526,0
                2.5567154,48.4770426,0
                2.5551919,48.4761038,0
                2.5540439,48.4755348,0
              </coordinates>
            </LinearRing>
          </outerBoundaryIs>
        </Polygon>
      </Placemark>
      <Placemark>
        <name>PG 005</name>
        <styleUrl>#poly-000000-1200-77-nodesc</styleUrl>
        <Polygon>
          <outerBoundaryIs>
            <LinearRing>
              <tessellate>1</tessellate>
              <coordinates>
                2.5551294,48.4749573,0
                2.555226,48.4747617,0
                2.5553654,48.4743101,0
                2.5554459,48.473798,0
                2.5567334,48.473766,0
                2.5565724,48.4723861,0
                2.5584124,48.4719095,0
                2.5601612,48.4721656,0
                2.5634442,48.4716178,0
                2.5642543,48.4719522,0
                2.5646137,48.4728484,0
                2.5637661,48.4730333,0
                2.5609283,48.4735526,0
                2.5608103,48.4736628,0
                2.5635301,48.4746728,0
                2.5633262,48.4757113,0
                2.5614755,48.4776245,0
                2.561041,48.4775641,0
                2.5606011,48.4772333,0
                2.5595765,48.4765897,0
                2.5588577,48.4761203,0
                2.5581281,48.4758891,0
                2.5577955,48.4757326,0
                2.55639,48.4748684,0
                2.5562988,48.4747795,0
                2.5561915,48.474808,0
                2.5553547,48.4749182,0
                2.5551294,48.4749573,0
              </coordinates>
            </LinearRing>
          </outerBoundaryIs>
        </Polygon>
      </Placemark>
      <Placemark>
        <name>PG 006</name>
        <styleUrl>#poly-000000-1200-77-nodesc</styleUrl>
        <Polygon>
          <outerBoundaryIs>
            <LinearRing>
              <tessellate>1</tessellate>
              <coordinates>
                2.5551455,48.4745946,0
                2.5549899,48.4749965,0
                2.5539009,48.4754837,0
                2.5535737,48.4752525,0
                2.5529353,48.4745341,0
                2.5528227,48.474399,0
                2.5526832,48.4743421,0
                2.5492714,48.4728769,0
                2.5468467,48.471817,0
                2.5465892,48.4716676,0
                2.5492822,48.4702486,0
                2.5506716,48.4714436,0
                2.5514977,48.4722438,0
                2.5519107,48.472034,0
                2.5534342,48.4717103,0
                2.5546037,48.4729835,0
                2.5551455,48.4745946,0
              </coordinates>
            </LinearRing>
          </outerBoundaryIs>
        </Polygon>
      </Placemark>
      <Placemark>
        <name>PG 007</name>
        <styleUrl>#poly-000000-1200-77-nodesc</styleUrl>
        <Polygon>
          <outerBoundaryIs>
            <LinearRing>
              <tessellate>1</tessellate>
              <coordinates>
                2.5478391,48.4767328,0
                2.5494377,48.4750151,0
                2.5501673,48.4744674,0
                2.5506984,48.474126,0
                2.5511973,48.4738059,0
                2.5527261,48.4744674,0
                2.553445,48.4752569,0
                2.5538205,48.4755414,0
                2.5535549,48.4756783,0
                2.5532465,48.4756054,0
                2.5513099,48.4761638,0
                2.5483649,48.4766474,0
                2.5478391,48.4767328,0
              </coordinates>
            </LinearRing>
          </outerBoundaryIs>
        </Polygon>
      </Placemark>
      <Placemark>
        <name>PG 008</name>
        <styleUrl>#poly-000000-1200-77-nodesc</styleUrl>
        <Polygon>
          <outerBoundaryIs>
            <LinearRing>
              <tessellate>1</tessellate>
              <coordinates>
                2.5537885,48.4755763,0
                2.553751,48.4756901,0
                2.553649,48.4762555,0
                2.5532682,48.4762199,0
                2.5529409,48.476316,0
                2.5524367,48.4765151,0
                2.551911,48.4767107,0
                2.5514282,48.4768245,0
                2.5511117,48.4769703,0
                2.550586,48.477173,0
                2.5502641,48.477269,0
                2.5497598,48.4774041,0
                2.5478769,48.4767551,0
                2.5513557,48.4761933,0
                2.5532521,48.4756207,0
                2.5535632,48.4756954,0
                2.5537885,48.4755763,0
              </coordinates>
            </LinearRing>
          </outerBoundaryIs>
        </Polygon>
      </Placemark>
      <Placemark>
        <name>PG 009</name>
        <styleUrl>#poly-000000-1200-77-nodesc</styleUrl>
        <Polygon>
          <outerBoundaryIs>
            <LinearRing>
              <tessellate>1</tessellate>
              <coordinates>
                2.5536005,48.4763088,0
                2.553284,48.4766929,0
                2.5527529,48.477084,0
                2.5522594,48.4774681,0
                2.5516047,48.4781451,0
                2.5498344,48.4774446,0
                2.5506391,48.4772348,0
                2.5508215,48.4771387,0
                2.551374,48.4769147,0
                2.5517602,48.4767867,0
                2.552066,48.4767049,0
                2.5524308,48.4765697,0
                2.5528975,48.476399,0
                2.5530745,48.4763244,0
                2.5532811,48.4762532,0
                2.5534769,48.4762568,0
                2.5536005,48.4763088,0
              </coordinates>
            </LinearRing>
          </outerBoundaryIs>
        </Polygon>
      </Placemark>
      <Placemark>
        <name>PG 010</name>
        <styleUrl>#poly-000000-1200-77-nodesc</styleUrl>
        <Polygon>
          <outerBoundaryIs>
            <LinearRing>
              <tessellate>1</tessellate>
              <coordinates>
                2.5522889,48.4776367,0
                2.5525169,48.4774127,0
                2.5531713,48.4769077,0
                2.5540676,48.4774849,0
                2.5545075,48.4777943,0
                2.5547006,48.4780397,0
                2.5549688,48.4782175,0
                2.5553551,48.4783775,0
                2.5557735,48.4786229,0
                2.5560524,48.478854,0
                2.5559183,48.4789287,0
                2.5554355,48.4792239,0
                2.553794,48.4800169,0
                2.5537189,48.4799244,0
                2.553338,48.4797822,0
                2.5530752,48.4795546,0
                2.5527801,48.4792203,0
                2.5527717,48.4790556,0
                2.5525195,48.4787782,0
                2.5525464,48.4785898,0
                2.5530721,48.4782875,0
                2.5522889,48.4776367,0
              </coordinates>
            </LinearRing>
          </outerBoundaryIs>
        </Polygon>
      </Placemark>
      <Placemark>
        <name>PG 011</name>
        <styleUrl>#poly-000000-1200-77-nodesc</styleUrl>
        <Polygon>
          <outerBoundaryIs>
            <LinearRing>
              <tessellate>1</tessellate>
              <coordinates>
                2.5606151,48.4791845,0
                2.5628896,48.4802904,0
                2.5601162,48.4815172,0
                2.5579382,48.4804113,0
                2.55583,48.4815172,0
                2.5539561,48.4818378,0
                2.553484,48.4818129,0
                2.551982,48.4809275,0
                2.5527437,48.4806146,0
                2.5535162,48.480259,0
                2.5541706,48.4799496,0
                2.555442,48.479306,0
                2.5561072,48.478922,0
                2.5578828,48.4803657,0
                2.5583012,48.4804297,0
                2.5606151,48.4791845,0
              </coordinates>
            </LinearRing>
          </outerBoundaryIs>
        </Polygon>
      </Placemark>
      <Placemark>
        <name>PG 012</name>
        <styleUrl>#poly-000000-1200-77-nodesc</styleUrl>
        <Polygon>
          <outerBoundaryIs>
            <LinearRing>
              <tessellate>1</tessellate>
              <coordinates>
                2.5519406,48.4809662,0
                2.5534427,48.4818481,0
                2.5537484,48.4819192,0
                2.5535124,48.4822037,0
                2.549178,48.4830215,0
                2.5479012,48.483306,0
                2.5449722,48.4828828,0
                2.5465655,48.4820721,0
                2.5472765,48.4817299,0
                2.5484484,48.4812614,0
                2.549076,48.481016,0
                2.5495696,48.4817272,0
                2.5497949,48.4817485,0
                2.5504198,48.4816069,0
                2.5519406,48.4809662,0
              </coordinates>
            </LinearRing>
          </outerBoundaryIs>
        </Polygon>
      </Placemark>
      <Placemark>
        <name>PG 013</name>
        <styleUrl>#poly-000000-1200-77-nodesc</styleUrl>
        <Polygon>
          <outerBoundaryIs>
            <LinearRing>
              <tessellate>1</tessellate>
              <coordinates>
                2.5537411,48.4800463,0
                2.5530223,48.4803948,0
                2.5519816,48.4808393,0
                2.5510697,48.4812474,0
                2.5502811,48.4815461,0
                2.5499378,48.4816314,0
                2.5496481,48.4815603,0
                2.5491706,48.4809594,0
                2.5496266,48.4802091,0
                2.5499324,48.4798855,0
                2.5501899,48.4795797,0
                2.5508175,48.4790854,0
                2.5512628,48.4786515,0
                2.5516812,48.4782177,0
                2.5522176,48.4776772,0
                2.552974,48.4782639,0
                2.5526092,48.4784524,0
                2.5524537,48.478616,0
                2.5524376,48.4787724,0
                2.5527058,48.4790783,0
                2.5527487,48.4792774,0
                2.5531993,48.4797824,0
                2.5534354,48.4798677,0
                2.5536714,48.4799602,0
                2.5537411,48.4800463,0
              </coordinates>
            </LinearRing>
          </outerBoundaryIs>
        </Polygon>
      </Placemark>
      <Placemark>
        <name>PG 014</name>
        <styleUrl>#poly-000000-1200-77-nodesc</styleUrl>
        <Polygon>
          <outerBoundaryIs>
            <LinearRing>
              <tessellate>1</tessellate>
              <coordinates>
                2.5459139,48.4822889,0
                2.5449376,48.4813253,0
                2.5469492,48.480287,0
                2.5472711,48.4789215,0
                2.5456165,48.4784738,0
                2.5473653,48.4780506,0
                2.5497041,48.4774745,0
                2.5515549,48.4782035,0
                2.5508963,48.478882,0
                2.5501131,48.4794794,0
                2.5495069,48.4801621,0
                2.5489865,48.480948,0
                2.5473182,48.4815916,0
                2.5459139,48.4822889,0
              </coordinates>
            </LinearRing>
          </outerBoundaryIs>
        </Polygon>
      </Placemark>
      <Placemark>
        <name>PR 01</name>
        <styleUrl>#poly-000000-1200-77-nodesc</styleUrl>
        <Polygon>
          <outerBoundaryIs>
            <LinearRing>
              <tessellate>1</tessellate>
              <coordinates>
                2.5593922,48.5244595,0
                2.5593323,48.5244091,0
                2.5596108,48.524098,0
                2.5624003,48.5206765,0
                2.5625558,48.520712,0
                2.5639613,48.5205912,0
                2.5639506,48.5206516,0
                2.5643918,48.5214981,0
                2.563496,48.5217149,0
                2.5638098,48.5222052,0
                2.56396,48.5222052,0
                2.5644562,48.5220044,0
                2.5647754,48.5224592,0
                2.5593922,48.5244595,0
              </coordinates>
            </LinearRing>
          </outerBoundaryIs>
        </Polygon>
      </Placemark>
      <Placemark>
        <name>PR 02</name>
        <styleUrl>#poly-000000-1200-77-nodesc</styleUrl>
        <Polygon>
          <outerBoundaryIs>
            <LinearRing>
              <tessellate>1</tessellate>
              <coordinates>
                2.5640211,48.5205938,0
                2.5652978,48.5207111,0
                2.5660649,48.5207537,0
                2.5665799,48.5206969,0
                2.5668803,48.5206578,0
                2.5670305,48.5206578,0
                2.5683716,48.5205192,0
                2.5688759,48.5204908,0
                2.5690261,48.5205512,0
                2.5690797,48.5206578,0
                2.56901,48.5207608,0
                2.5687418,48.5209278,0
                2.5675992,48.5213684,0
                2.5675455,48.5214146,0
                2.5648258,48.5224379,0
                2.5644717,48.5219369,0
                2.5638816,48.522182,0
                2.5637851,48.5221288,0
                2.5635571,48.5217361,0
                2.5644556,48.5215265,0
                2.5642759,48.521109,0
                2.5640211,48.5206986,0
                2.5640211,48.5205938,0
              </coordinates>
            </LinearRing>
          </outerBoundaryIs>
        </Polygon>
      </Placemark>
      <Placemark>
        <name>PR 03</name>
        <styleUrl>#poly-000000-1200-77-nodesc</styleUrl>
        <Polygon>
          <outerBoundaryIs>
            <LinearRing>
              <tessellate>1</tessellate>
              <coordinates>
                2.5690785,48.5204192,0
                2.5683436,48.5204689,0
                2.5670401,48.5206004,0
                2.5668469,48.5206075,0
                2.5660852,48.5207105,0
                2.5655541,48.5206857,0
                2.563918,48.52054,0
                2.5626252,48.5206501,0
                2.562432,48.5206359,0
                2.565007,48.5174522,0
                2.5658063,48.5165568,0
                2.5683758,48.5161837,0
                2.5684992,48.5168837,0
                2.5684455,48.5171324,0
                2.568349,48.5178928,0
                2.5683329,48.5182162,0
                2.5684134,48.5187563,0
                2.5685797,48.5192502,0
                2.5688157,48.5197547,0
                2.5691215,48.5203019,0
                2.5690785,48.5204192,0
              </coordinates>
            </LinearRing>
          </outerBoundaryIs>
        </Polygon>
      </Placemark>
      <Placemark>
        <name>STSE 01</name>
        <styleUrl>#poly-000000-1200-77-nodesc</styleUrl>
        <Polygon>
          <outerBoundaryIs>
            <LinearRing>
              <tessellate>1</tessellate>
              <coordinates>
                2.5431402,48.4937513,0
                2.5432689,48.4928199,0
                2.5436176,48.4927559,0
                2.5436873,48.4924,0
                2.5440896,48.4923431,0
                2.5449479,48.4921067,0
                2.5453127,48.49192,0
                2.5451169,48.4923253,0
                2.5449211,48.4925973,0
                2.5450498,48.4926044,0
                2.5457204,48.4924177,0
                2.5459966,48.4925813,0
                2.5461147,48.4930399,0
                2.5455675,48.4935945,0
                2.5463507,48.4940637,0
                2.5466296,48.4939215,0
                2.548475,48.4937509,0
                2.5508461,48.4943979,0
                2.5508836,48.494565,0
                2.5509158,48.4951267,0
                2.5508944,48.4959692,0
                2.5501863,48.4959692,0
                2.5494889,48.4960083,0
                2.5488666,48.4960687,0
                2.5482443,48.4961149,0
                2.548121,48.4961505,0
                2.5456671,48.495061,0
                2.5438378,48.4940158,0
                2.5437236,48.493987,0
                2.5434634,48.493875,0
                2.5431872,48.4937897,0
                2.5431402,48.4937513,0
              </coordinates>
            </LinearRing>
          </outerBoundaryIs>
        </Polygon>
      </Placemark>
      <Placemark>
        <name>STSE 02</name>
        <styleUrl>#poly-000000-1200-77-nodesc</styleUrl>
        <Polygon>
          <outerBoundaryIs>
            <LinearRing>
              <tessellate>1</tessellate>
              <coordinates>
                2.5488674,48.4966363,0
                2.5481271,48.4967465,0
                2.5477355,48.4969242,0
                2.5472634,48.4970344,0
                2.5468021,48.4970913,0
                2.5459974,48.4971944,0
                2.5453966,48.4974255,0
                2.5442862,48.497333,0
                2.5441252,48.497333,0
                2.5433152,48.4969065,0
                2.5428646,48.4952464,0
                2.5426178,48.4942723,0
                2.5432562,48.4939239,0
                2.5437175,48.4940341,0
                2.543916,48.4941728,0
                2.5450104,48.4947771,0
                2.5457828,48.495225,0
                2.5465821,48.4955699,0
                2.5477623,48.4960924,0
                2.548449,48.4964124,0
                2.5487762,48.4965688,0
                2.5488674,48.4966363,0
              </coordinates>
            </LinearRing>
          </outerBoundaryIs>
        </Polygon>
      </Placemark>
      <Placemark>
        <name>STSE 03</name>
        <styleUrl>#poly-000000-1200-77-nodesc</styleUrl>
        <Polygon>
          <outerBoundaryIs>
            <LinearRing>
              <tessellate>1</tessellate>
              <coordinates>
                2.548202,48.4961837,0
                2.5484649,48.4961517,0
                2.5487921,48.4961232,0
                2.549527,48.4960521,0
                2.5502941,48.496013,0
                2.5509057,48.4960166,0
                2.5509808,48.4974278,0
                2.5505892,48.4973034,0
                2.5504283,48.4973567,0
                2.5502727,48.497826,0
                2.5495056,48.497826,0
                2.5491462,48.4977833,0
                2.5488243,48.4977513,0
                2.5480518,48.4977158,0
                2.5476495,48.4977371,0
                2.5475529,48.4977549,0
                2.5468448,48.4977691,0
                2.5464693,48.4978082,0
                2.5462601,48.4978437,0
                2.546126,48.4978828,0
                2.5459382,48.497961,0
                2.5457344,48.4979753,0
                2.5455305,48.4980001,0
                2.5450638,48.4980819,0
                2.5447795,48.4981281,0
                2.5446454,48.4981246,0
                2.5445596,48.4980499,0
                2.544404,48.4977975,0
                2.5442753,48.4976198,0
                2.5442002,48.4975274,0
                2.5442324,48.4973816,0
                2.5446991,48.4974065,0
                2.5451765,48.4974598,0
                2.5454393,48.4974527,0
                2.5455359,48.4974207,0
                2.5459436,48.4972537,0
                2.5461582,48.4972074,0
                2.5463888,48.4971861,0
                2.5468824,48.4971292,0
                2.5473008,48.497083,0
                2.5475905,48.4970155,0
                2.5478855,48.4969195,0
                2.5481055,48.4968058,0
                2.5484166,48.4967489,0
                2.5487331,48.4967027,0
                2.5489638,48.4966778,0
                2.5489691,48.4965747,0
                2.5486151,48.4963792,0
                2.5483093,48.4962548,0
                2.548202,48.4961837,0
              </coordinates>
            </LinearRing>
          </outerBoundaryIs>
        </Polygon>
      </Placemark>
      <Placemark>
        <name>STSE 04</name>
        <styleUrl>#poly-000000-1200-77-nodesc</styleUrl>
        <Polygon>
          <outerBoundaryIs>
            <LinearRing>
              <tessellate>1</tessellate>
              <coordinates>
                2.5454387,48.4980558,0
                2.5459268,48.4979918,0
                2.5460529,48.4979758,0
                2.5463023,48.4978656,0
                2.5468656,48.4977874,0
                2.5475737,48.4977821,0
                2.5481584,48.4977572,0
                2.5489094,48.4977963,0
                2.5492742,48.4978639,0
                2.5503364,48.4978639,0
                2.5504973,48.4973769,0
                2.5518867,48.4979314,0
                2.5530937,48.4984753,0
                2.5531581,48.4985357,0
                2.5533941,48.5008106,0
                2.551538,48.501358,0
                2.5488129,48.5008675,0
                2.5483301,48.4997372,0
                2.5469246,48.4995985,0
                2.5466081,48.4985961,0
                2.5453582,48.4983366,0
                2.5454387,48.4980558,0
              </coordinates>
            </LinearRing>
          </outerBoundaryIs>
        </Polygon>
      </Placemark>
      <Placemark>
        <name>SSE 001</name>
        <styleUrl>#poly-000000-1200-77-nodesc</styleUrl>
        <Polygon>
          <outerBoundaryIs>
            <LinearRing>
              <tessellate>1</tessellate>
              <coordinates>
                2.4954068,48.4726657,0
                2.4936204,48.472182,0
                2.4928051,48.4712573,0
                2.4930625,48.4705958,0
                2.4936312,48.4699485,0
                2.4954551,48.4698489,0
                2.4954712,48.4726302,0
                2.4955355,48.47268,0
                2.4964046,48.4723599,0
                2.4970644,48.4724737,0
                2.4971341,48.4724666,0
                2.499015,48.4718081,0
                2.5007852,48.4711679,0
                2.5013539,48.4707482,0
                2.5014075,48.470702,0
                2.5017401,48.4699871,0
                2.5065412,48.470229,0
                2.5064447,48.4704103,0
                2.506332,48.4706237,0
                2.506214,48.4708763,0
                2.5060155,48.4709687,0
                2.5057634,48.4710719,0
                2.5054898,48.4711359,0
                2.5051572,48.4711466,0
                2.5044277,48.4711715,0
                2.5036874,48.4712817,0
                2.5032904,48.47136,0
                2.5029739,48.4714702,0
                2.5023248,48.4717014,0
                2.5018098,48.4719966,0
                2.5010105,48.4724554,0
                2.500635,48.4726865,0
                2.5003185,48.4728359,0
                2.499712,48.4731196,0
                2.4992024,48.4732583,0
                2.4985586,48.4734788,0
                2.4982207,48.4736459,0
                2.4979739,48.4737918,0
                2.4975608,48.4739482,0
                2.4971102,48.4740656,0
                2.4966918,48.4741474,0
                2.4964772,48.4742007,0
                2.4964182,48.4737704,0
                2.4963431,48.473461,0
                2.4962466,48.4732192,0
                2.4960964,48.4730911,0
                2.4956457,48.4727497,0
                2.4955626,48.4726964,0
                2.4954231,48.4726608,0
                2.4954068,48.4726657,0
              </coordinates>
            </LinearRing>
          </outerBoundaryIs>
        </Polygon>
      </Placemark>
      <Placemark>
        <name>SSE 002</name>
        <styleUrl>#poly-000000-1200-77-nodesc</styleUrl>
        <Polygon>
          <outerBoundaryIs>
            <LinearRing>
              <tessellate>1</tessellate>
              <coordinates>
                2.495463,48.4727001,0
                2.4959941,48.4730984,0
                2.4962194,48.4733402,0
                2.4963267,48.4735856,0
                2.4963535,48.4739484,0
                2.4964071,48.474272,0
                2.4964071,48.4745814,0
                2.4963159,48.4746952,0
                2.4961282,48.4747912,0
                2.4950982,48.4749299,0
                2.494712,48.4750224,0
                2.4943365,48.4751575,0
                2.4941111,48.4752998,0
                2.4939824,48.4755309,0
                2.4937678,48.4756767,0
                2.4934996,48.4758012,0
                2.4931992,48.4759221,0
                2.4927952,48.4759941,0
                2.4922427,48.4760225,0
                2.4919155,48.4760759,0
                2.4916901,48.476083,0
                2.4913951,48.4760936,0
                2.4903222,48.4760367,0
                2.4900164,48.4760225,0
                2.4894156,48.4760687,0
                2.4885437,48.4761596,0
                2.4879429,48.4762414,0
                2.487503,48.4763481,0
                2.4871275,48.4764655,0
                2.486355,48.4766397,0
                2.4860439,48.4767322,0
                2.4859688,48.4759569,0
                2.487267,48.4752243,0
                2.490786,48.474826,0
                2.4917194,48.4748545,0
                2.491934,48.4746482,0
                2.4918569,48.4743044,0
                2.491578,48.4738492,0
                2.4908699,48.4730383,0
                2.4903871,48.4727182,0
                2.4894,48.4721919,0
                2.48778,48.4717082,0
                2.4866535,48.4715232,0
                2.4849047,48.471317,0
                2.484615,48.4710893,0
                2.4843038,48.470755,0
                2.4836279,48.4695315,0
                2.4839283,48.468934,0
                2.4848188,48.4687135,0
                2.4859454,48.4689198,0
                2.4896253,48.4701077,0
                2.4926509,48.4712529,0
                2.4935736,48.4722346,0
                2.495463,48.4727001,0
              </coordinates>
            </LinearRing>
          </outerBoundaryIs>
        </Polygon>
      </Placemark>
      <Placemark>
        <name>SSE 003</name>
        <styleUrl>#poly-000000-1200-77-nodesc</styleUrl>
        <Polygon>
          <outerBoundaryIs>
            <LinearRing>
              <tessellate>1</tessellate>
              <coordinates>
                2.4874625,48.4765169,0
                2.4880526,48.4763178,0
                2.4887285,48.476268,0
                2.4896512,48.4761471,0
                2.4902842,48.4761471,0
                2.4907884,48.4761684,0
                2.4916038,48.4761826,0
                2.4915717,48.4764885,0
                2.4916897,48.4769579,0
                2.4918506,48.4775269,0
                2.4921403,48.477982,0
                2.4931381,48.4790844,0
                2.491915,48.4795965,0
                2.4910889,48.4791342,0
                2.490016,48.4785083,0
                2.4877093,48.476837,0
                2.4874625,48.4765169,0
              </coordinates>
            </LinearRing>
          </outerBoundaryIs>
        </Polygon>
      </Placemark>
      <Placemark>
        <name>SSE 004</name>
        <styleUrl>#poly-000000-1200-77-nodesc</styleUrl>
        <Polygon>
          <outerBoundaryIs>
            <LinearRing>
              <tessellate>1</tessellate>
              <coordinates>
                2.4871713,48.4765853,0
                2.4876964,48.4768962,0
                2.4897349,48.4784253,0
                2.4918998,48.4796609,0
                2.4931631,48.4791204,0
                2.4932653,48.4791741,0
                2.4933082,48.4794657,0
                2.4932868,48.4798924,0
                2.4933404,48.4804685,0
                2.4935121,48.480945,0
                2.493952,48.4817771,0
                2.4942738,48.4824242,0
                2.494703,48.4832847,0
                2.4948746,48.4836545,0
                2.4949176,48.483939,0
                2.4948532,48.4843088,0
                2.4896282,48.4838252,0
                2.4877614,48.4833132,0
                2.486474,48.4824385,0
                2.4860555,48.4768413,0
                2.4864525,48.4767417,0
                2.4871713,48.4765853,0
              </coordinates>
            </LinearRing>
          </outerBoundaryIs>
        </Polygon>
      </Placemark>
      <Placemark>
        <name>SSE 005</name>
        <styleUrl>#poly-000000-1200-77-nodesc</styleUrl>
        <Polygon>
          <outerBoundaryIs>
            <LinearRing>
              <tessellate>1</tessellate>
              <coordinates>
                2.4950984,48.4838769,0
                2.49487,48.483198,0
                2.4943765,48.482302,0
                2.4937418,48.4811642,0
                2.4935112,48.4806628,0
                2.493479,48.4800263,0
                2.4938538,48.4797734,0
                2.4952432,48.4799548,0
                2.4960532,48.4800401,0
                2.4961981,48.4800757,0
                2.4963912,48.4801219,0
                2.4967077,48.4801432,0
                2.5001946,48.4825541,0
                2.5016322,48.4846378,0
                2.4990788,48.4871124,0
                2.4980488,48.4874893,0
                2.4957528,48.4854485,0
                2.4950984,48.4838769,0
              </coordinates>
            </LinearRing>
          </outerBoundaryIs>
        </Polygon>
      </Placemark>
      <Placemark>
        <name>SSE 006</name>
        <styleUrl>#poly-000000-1200-77-nodesc</styleUrl>
        <Polygon>
          <outerBoundaryIs>
            <LinearRing>
              <tessellate>1</tessellate>
              <coordinates>
                2.4918076,48.4761905,0
                2.4922475,48.4761122,0
                2.4926766,48.4760909,0
                2.4932882,48.4759771,0
                2.4937817,48.4758135,0
                2.4941143,48.4755646,0
                2.4944576,48.4752516,0
                2.4949082,48.4750596,0
                2.4955412,48.4749458,0
                2.4962171,48.4748818,0
                2.4964317,48.4751591,0
                2.4964746,48.4755432,0
                2.4964961,48.4759842,0
                2.4969145,48.4763327,0
                2.4971505,48.4764465,0
                2.4972256,48.4766243,0
                2.4964961,48.477588,0
                2.4958309,48.4782317,0
                2.4957558,48.4783313,0
                2.4958953,48.4784237,0
                2.495965,48.4792416,0
                2.495965,48.4799919,0
                2.4938997,48.4797466,0
                2.4938353,48.479647,0
                2.493433,48.4793341,0
                2.4933364,48.4791705,0
                2.4927195,48.4784024,0
                2.4922743,48.4778939,0
                2.4919202,48.4774245,0
                2.4916842,48.4766137,0
                2.4917271,48.47629,0
                2.4918076,48.4761905,0
              </coordinates>
            </LinearRing>
          </outerBoundaryIs>
        </Polygon>
      </Placemark>
      <Placemark>
        <name>SSE 007</name>
        <styleUrl>#poly-000000-1200-77-nodesc</styleUrl>
        <Polygon>
          <outerBoundaryIs>
            <LinearRing>
              <tessellate>1</tessellate>
              <coordinates>
                2.4966003,48.4800968,0
                2.4960424,48.4799865,0
                2.4959512,48.4784503,0
                2.4958922,48.4783508,0
                2.496654,48.4775435,0
                2.4974425,48.47653,0
                2.4975445,48.4764909,0
                2.4980004,48.4765798,0
                2.4987085,48.4769959,0
                2.4997063,48.4774475,0
                2.5014283,48.4782476,0
                2.5024475,48.4788522,0
                2.503617,48.4794354,0
                2.5043573,48.4797056,0
                2.5032844,48.4798407,0
                2.499422,48.4780627,0
                2.4976839,48.4791011,0
                2.4966003,48.4800968,0
              </coordinates>
            </LinearRing>
          </outerBoundaryIs>
        </Polygon>
      </Placemark>
      <Placemark>
        <name>SSE 008</name>
        <styleUrl>#poly-000000-1200-77-nodesc</styleUrl>
        <Polygon>
          <outerBoundaryIs>
            <LinearRing>
              <tessellate>1</tessellate>
              <coordinates>
                2.4982592,48.4736672,0
                2.4987742,48.4738663,0
                2.4992409,48.4755734,0
                2.5010648,48.4761139,0
                2.5035539,48.4774013,0
                2.5045252,48.4786703,0
                2.5042945,48.4793424,0
                2.5043964,48.4795807,0
                2.5028139,48.4788908,0
                2.5018054,48.4783183,0
                2.5006735,48.4777102,0
                2.4987745,48.4769278,0
                2.4982596,48.4766007,0
                2.4978948,48.4764477,0
                2.4970686,48.4762593,0
                2.4966502,48.4759748,0
                2.4965966,48.4756867,0
                2.4965966,48.4753346,0
                2.4964196,48.4749683,0
                2.4963874,48.4748154,0
                2.4963176,48.4747905,0
                2.496441,48.4746483,0
                2.4964893,48.4743958,0
                2.4964893,48.4742464,0
                2.4969667,48.4741397,0
                2.4976212,48.4739939,0
                2.4979323,48.4738659,0
                2.4982592,48.4736672,0
              </coordinates>
            </LinearRing>
          </outerBoundaryIs>
        </Polygon>
      </Placemark>
      <Placemark>
        <name>SGE 001</name>
        <styleUrl>#poly-000000-1200-77-nodesc</styleUrl>
        <Polygon>
          <outerBoundaryIs>
            <LinearRing>
              <tessellate>1</tessellate>
              <coordinates>
                2.504446,48.4795627,0
                2.5044195,48.4795943,0
                2.5043176,48.4793507,0
                2.5043871,48.479202,0
                2.5046017,48.4788179,0
                2.5045588,48.4784374,0
                2.5047259,48.4780992,0
                2.504168,48.4770039,0
                2.5043252,48.4753929,0
                2.5044324,48.4739491,0
                2.5028982,48.4715449,0
                2.5039711,48.4722562,0
                2.504926,48.4728323,0
                2.5060418,48.4733943,0
                2.5066962,48.4737357,0
                2.5072608,48.4740226,0
                2.5079556,48.4743848,0
                2.5079342,48.4745164,0
                2.5076928,48.4747297,0
                2.507564,48.4748791,0
                2.5075104,48.4750569,0
                2.5075319,48.4752525,0
                2.5075319,48.4754872,0
                2.5074407,48.475754,0
                2.5073387,48.4760882,0
                2.5073696,48.4764333,0
                2.5073267,48.4765756,0
                2.5068117,48.4771374,0
                2.5063075,48.4776993,0
                2.5057013,48.4781332,0
                2.5053741,48.478375,0
                2.5049986,48.4786879,0
                2.5047518,48.4790222,0
                2.504446,48.4795627,0
              </coordinates>
            </LinearRing>
          </outerBoundaryIs>
        </Polygon>
      </Placemark>
      <Placemark>
        <name>SGE 002</name>
        <styleUrl>#poly-000000-1200-77-nodesc</styleUrl>
        <Polygon>
          <outerBoundaryIs>
            <LinearRing>
              <tessellate>1</tessellate>
              <coordinates>
                2.5045724,48.4795931,0
                2.5046662,48.4793942,0
                2.5048861,48.4790315,0
                2.5052348,48.4786403,0
                2.5055744,48.4783886,0
                2.506025,48.4780543,0
                2.50654,48.4776987,0
                2.506937,48.4772791,0
                2.5074305,48.4767101,0
                2.5074037,48.4761588,0
                2.5074949,48.4757712,0
                2.5076075,48.475412,0
                2.5075807,48.4750208,0
                2.5077363,48.4747826,0
                2.5079777,48.4745514,0
                2.5080528,48.4745229,0
                2.5083103,48.4745798,0
                2.5087394,48.4745443,0
                2.5091632,48.4744874,0
                2.5096567,48.4744767,0
                2.5099828,48.4745046,0
                2.5100633,48.4745544,0
                2.510192,48.4745686,0
                2.5115975,48.4740743,0
                2.5126114,48.4737257,0
                2.5134053,48.4735266,0
                2.5133195,48.4742734,0
                2.5089069,48.4802474,0
                2.5045724,48.4795931,0
              </coordinates>
            </LinearRing>
          </outerBoundaryIs>
        </Polygon>
      </Placemark>
      <Placemark>
        <name>SGE 003</name>
        <styleUrl>#poly-000000-1200-77-nodesc</styleUrl>
        <Polygon>
          <outerBoundaryIs>
            <LinearRing>
              <tessellate>1</tessellate>
              <coordinates>
                2.5030438,48.4715017,0
                2.5034408,48.4713843,0
                2.5039611,48.4712812,0
                2.5046532,48.4712029,0
                2.5051628,48.4711887,0
                2.5055597,48.471178,0
                2.5058601,48.471114,0
                2.5062517,48.4709113,0
                2.5064395,48.4705556,0
                2.5065951,48.4702462,0
                2.5097923,48.4719534,0
                2.5123457,48.4727998,0
                2.5129358,48.4735324,0
                2.5125764,48.4736605,0
                2.5118844,48.4738845,0
                2.5114767,48.4740197,0
                2.5107686,48.4742793,0
                2.5101463,48.4745069,0
                2.5100766,48.47445,0
                2.5099049,48.4744073,0
                2.5092826,48.4743824,0
                2.5091003,48.474418,0
                2.5084565,48.474482,0
                2.5081829,48.4744642,0
                2.5079469,48.4742757,0
                2.5068994,48.4737148,0
                2.5059016,48.4731955,0
                2.5049038,48.4727154,0
                2.5030438,48.4715017,0
              </coordinates>
            </LinearRing>
          </outerBoundaryIs>
        </Polygon>
      </Placemark>
      <Placemark>
        <name>VEB 001</name>
        <styleUrl>#poly-000000-1200-77-nodesc</styleUrl>
        <Polygon>
          <outerBoundaryIs>
            <LinearRing>
              <tessellate>1</tessellate>
              <coordinates>
                2.5969497,48.4961224,0
                2.5952009,48.4907046,0
                2.5961235,48.4903561,0
                2.6024214,48.4919133,0
                2.6036337,48.4922973,0
                2.6086012,48.4962788,0
                2.6089942,48.4970218,0
                2.6087904,48.4973204,0
                2.6075995,48.497427,0
                2.602238,48.4969302,0
                2.6021415,48.496916,0
                2.5969497,48.4961224,0
              </coordinates>
            </LinearRing>
          </outerBoundaryIs>
        </Polygon>
      </Placemark>
      <Placemark>
        <name>VOI 001</name>
        <styleUrl>#poly-000000-1200-77-nodesc</styleUrl>
        <Polygon>
          <outerBoundaryIs>
            <LinearRing>
              <tessellate>1</tessellate>
              <coordinates>
                2.6676208,48.572131,0
                2.6678542,48.5717619,0
                2.6690129,48.5716518,0
                2.6691443,48.571524,0
                2.6696513,48.5714619,0
                2.6702038,48.5726989,0
                2.6680714,48.5729882,0
                2.6678569,48.5728835,0
                2.6676262,48.5721807,0
                2.6676208,48.572131,0
              </coordinates>
            </LinearRing>
          </outerBoundaryIs>
        </Polygon>
      </Placemark>
      <Placemark>
        <name>VOI 002</name>
        <styleUrl>#poly-000000-1200-77-nodesc</styleUrl>
        <Polygon>
          <outerBoundaryIs>
            <LinearRing>
              <tessellate>1</tessellate>
              <coordinates>
                2.6647883,48.5732779,0
                2.6647748,48.573225,0
                2.6647315,48.5726551,0
                2.6647502,48.5722398,0
                2.6648307,48.5721102,0
                2.665107,48.5720641,0
                2.6654905,48.5717003,0
                2.6656568,48.571647,0
                2.6665014,48.571555,0
                2.6675321,48.5719149,0
                2.6675348,48.5720284,0
                2.6675429,48.5721633,0
                2.6677735,48.5728448,0
                2.6677923,48.5728963,0
                2.6680552,48.5730294,0
                2.6682805,48.5732743,0
                2.6684468,48.5738529,0
                2.6653247,48.5740658,0
                2.6648634,48.5737854,0
                2.6647883,48.5732779,0
              </coordinates>
            </LinearRing>
          </outerBoundaryIs>
        </Polygon>
      </Placemark>
      <Placemark>
        <name>VOI 003</name>
        <styleUrl>#poly-000000-1200-77-nodesc</styleUrl>
        <Polygon>
          <outerBoundaryIs>
            <LinearRing>
              <tessellate>1</tessellate>
              <coordinates>
                2.6646879,48.573964,0
                2.6635989,48.5738823,0
                2.6633951,48.5734706,0
                2.6634702,48.5730837,0
                2.6631912,48.5725797,0
                2.6627567,48.5722851,0
                2.6622202,48.5723312,0
                2.6620754,48.5722496,0
                2.6615604,48.572278,0
                2.661378,48.5717562,0
                2.6604124,48.5719479,0
                2.6601925,48.5718449,0
                2.6597902,48.5719337,0
                2.6601281,48.5717385,0
                2.6606002,48.5716036,0
                2.6608845,48.5715503,0
                2.6612976,48.5714048,0
                2.6614156,48.5711137,0
                2.6615336,48.5709469,0
                2.6617321,48.5708511,0
                2.6623222,48.5709079,0
                2.6627299,48.570915,0
                2.6635989,48.5708404,0
                2.6648434,48.5706381,0
                2.6646772,48.571419,0
                2.664602,48.5725903,0
                2.6646503,48.5728814,0
                2.6647254,48.5737794,0
                2.6646879,48.573964,0
              </coordinates>
            </LinearRing>
          </outerBoundaryIs>
        </Polygon>
      </Placemark>
      <Placemark>
        <name>VOI 004</name>
        <styleUrl>#poly-000000-1200-77-nodesc</styleUrl>
        <Polygon>
          <outerBoundaryIs>
            <LinearRing>
              <tessellate>1</tessellate>
              <coordinates>
                2.66497,48.5706085,0
                2.6653314,48.5705047,0
                2.6674504,48.5700858,0
                2.6680653,48.5700264,0
                2.6693581,48.5698241,0
                2.670651,48.5696182,0
                2.6707529,48.5705588,0
                2.6696854,48.571432,0
                2.6691436,48.5714888,0
                2.6690148,48.5716131,0
                2.6678668,48.5717196,0
                2.6677756,48.5717835,0
                2.6674913,48.5718651,0
                2.6664989,48.5715101,0
                2.6654689,48.5716592,0
                2.6651149,48.5720319,0
                2.6647447,48.5721065,0
                2.6648145,48.5714001,0
                2.66497,48.5706085,0
              </coordinates>
            </LinearRing>
          </outerBoundaryIs>
        </Polygon>
      </Placemark>
      <Placemark>
        <name>VOI 005</name>
        <styleUrl>#poly-000000-1200-77-nodesc</styleUrl>
        <Polygon>
          <outerBoundaryIs>
            <LinearRing>
              <tessellate>1</tessellate>
              <coordinates>
                2.6755985,48.5681271,0
                2.6753125,48.5682819,0
                2.6727376,48.5691623,0
                2.6694224,48.569716,0
                2.6680276,48.5698509,0
                2.6675448,48.5699929,0
                2.6650235,48.5704756,0
                2.6652988,48.5693482,0
                2.6651808,48.5682833,0
                2.6644512,48.5671544,0
                2.6702234,48.5654221,0
                2.671425,48.5652517,0
                2.6755985,48.5681271,0
              </coordinates>
            </LinearRing>
          </outerBoundaryIs>
        </Polygon>
      </Placemark>
      <Placemark>
        <name>VOI 006</name>
        <styleUrl>#poly-000000-1200-77-nodesc</styleUrl>
        <Polygon>
          <outerBoundaryIs>
            <LinearRing>
              <tessellate>1</tessellate>
              <coordinates>
                2.6614289,48.5708724,0
                2.6614209,48.5707872,0
                2.6613699,48.5706275,0
                2.6612573,48.5690834,0
                2.6650244,48.5683136,0
                2.6651156,48.5685195,0
                2.6651693,48.5693324,0
                2.6648474,48.5705321,0
                2.6632128,48.5708243,0
                2.6624028,48.5708385,0
                2.6617644,48.570771,0
                2.6615069,48.5708101,0
                2.6614289,48.5708724,0
              </coordinates>
            </LinearRing>
          </outerBoundaryIs>
        </Polygon>
      </Placemark>
      <Placemark>
        <name>VOI 007</name>
        <styleUrl>#poly-000000-1200-77-nodesc</styleUrl>
        <Polygon>
          <outerBoundaryIs>
            <LinearRing>
              <tessellate>1</tessellate>
              <coordinates>
                2.6598602,48.571945,0
                2.6601957,48.5718679,0
                2.6603996,48.5719762,0
                2.6613625,48.5717774,0
                2.6615315,48.5722956,0
                2.6620733,48.5722654,0
                2.6622127,48.5723524,0
                2.6627519,48.572308,0
                2.6631622,48.5725849,0
                2.6634358,48.5730801,0
                2.6633688,48.5734598,0
                2.6635699,48.5738964,0
                2.6643156,48.5739656,0
                2.6638516,48.5739568,0
                2.6630308,48.5739408,0
                2.6625212,48.5739426,0
                2.6623495,48.5739355,0
                2.6621591,48.5738272,0
                2.6621001,48.5737225,0
                2.6620315,48.5734666,0
                2.6623292,48.5734417,0
                2.6626511,48.5734009,0
                2.6628389,48.5733459,0
                2.6629622,48.5732376,0
                2.6630186,48.5731081,0
                2.6629315,48.5729051,0
                2.6627759,48.5727543,0
                2.6625318,48.572662,0
                2.662269,48.5726424,0
                2.6614724,48.5727631,0
                2.6613812,48.5725661,0
                2.6612363,48.5724525,0
                2.6610109,48.5723674,0
                2.6601768,48.5722946,0
                2.6598602,48.571945,0
              </coordinates>
            </LinearRing>
          </outerBoundaryIs>
        </Polygon>
      </Placemark>
      <Placemark>
        <name>VOI 008</name>
        <styleUrl>#poly-000000-1200-77-nodesc</styleUrl>
        <Polygon>
          <outerBoundaryIs>
            <LinearRing>
              <tessellate>1</tessellate>
              <coordinates>
                2.6582846,48.5723564,0
                2.6585635,48.572367,0
                2.6588425,48.572328,0
                2.6592126,48.5722464,0
                2.6594594,48.5721505,0
                2.6597902,48.5719337,0
                2.6599261,48.572115,0
                2.6601299,48.5723457,0
                2.6606234,48.5723741,0
                2.6610258,48.5724132,0
                2.661235,48.5725374,0
                2.6613369,48.5726616,0
                2.6614066,48.5728178,0
                2.6619002,48.5727433,0
                2.662222,48.5726971,0
                2.6624527,48.5727042,0
                2.6626941,48.5727752,0
                2.6628282,48.5728746,0
                2.6629409,48.5730379,0
                2.6629462,48.5731302,0
                2.6628389,48.5732863,0
                2.6626941,48.5733538,0
                2.6620772,48.5734106,0
                2.6619538,48.5734212,0
                2.6620611,48.5737975,0
                2.6621469,48.5739252,0
                2.6623991,48.5739891,0
                2.6643088,48.5740069,0
                2.6640245,48.5742127,0
                2.6589658,48.5739039,0
                2.6585206,48.5724735,0
                2.6582846,48.5723564,0
              </coordinates>
            </LinearRing>
          </outerBoundaryIs>
        </Polygon>
      </Placemark>
      <Placemark>
        <name>VOI 009</name>
        <styleUrl>#poly-000000-1200-77-nodesc</styleUrl>
        <Polygon>
          <outerBoundaryIs>
            <LinearRing>
              <tessellate>1</tessellate>
              <coordinates>
                2.6582277,48.5723727,0
                2.6584959,48.5725076,0
                2.6589411,48.5739664,0
                2.6571977,48.5740693,0
                2.6560658,48.5739487,0
                2.6558351,48.5731855,0
                2.656157,48.5728661,0
                2.6569134,48.5725431,0
                2.6582277,48.5723727,0
              </coordinates>
            </LinearRing>
          </outerBoundaryIs>
        </Polygon>
      </Placemark>
      <Placemark>
        <name>V 001</name>
        <styleUrl>#poly-000000-1200-77-nodesc</styleUrl>
        <Polygon>
          <outerBoundaryIs>
            <LinearRing>
              <tessellate>1</tessellate>
              <coordinates>
                2.5872465,48.5142826,0
                2.591243,48.5127901,0
                2.5914361,48.5130353,0
                2.5917043,48.5132805,0
                2.5920691,48.5135967,0
                2.592289,48.5137389,0
                2.5928094,48.5139628,0
                2.5933619,48.5142435,0
                2.5934209,48.5143039,0
                2.5935282,48.5143146,0
                2.593716,48.5144212,0
                2.5933404,48.5144318,0
                2.5932332,48.5143927,0
                2.5931098,48.5144176,0
                2.5927772,48.5142897,0
                2.5921335,48.5142186,0
                2.5912483,48.5140978,0
                2.5897838,48.514574,0
                2.5892152,48.5145882,0
                2.58877,48.5146024,0
                2.5882174,48.514645,0
                2.5878902,48.5146237,0
                2.5872465,48.5142826,0
              </coordinates>
            </LinearRing>
          </outerBoundaryIs>
        </Polygon>
      </Placemark>
      <Placemark>
        <name>V 002</name>
        <styleUrl>#poly-000000-1200-77-nodesc</styleUrl>
        <Polygon>
          <outerBoundaryIs>
            <LinearRing>
              <tessellate>1</tessellate>
              <coordinates>
                2.5890846,48.5169133,0
                2.5873679,48.5156447,0
                2.5875289,48.514465,0
                2.5878722,48.5146533,0
                2.5882477,48.5146853,0
                2.5897927,48.5146178,0
                2.5912464,48.514138,0
                2.5927619,48.5143068,0
                2.5931025,48.5144436,0
                2.5932312,48.5144152,0
                2.5933707,48.5144579,0
                2.5936941,48.5144352,0
                2.5935573,48.5145169,0
                2.5908697,48.5159276,0
                2.5893377,48.5167585,0
                2.5890846,48.5169133,0
              </coordinates>
            </LinearRing>
          </outerBoundaryIs>
        </Polygon>
      </Placemark>
      <Placemark>
        <name>V 003</name>
        <styleUrl>#poly-000000-1200-77-nodesc</styleUrl>
        <Polygon>
          <outerBoundaryIs>
            <LinearRing>
              <tessellate>1</tessellate>
              <coordinates>
                2.5913448,48.5127809,0
                2.5941343,48.5117539,0
                2.5942469,48.5120489,0
                2.5943435,48.5122941,0
                2.5944347,48.5124398,0
                2.5945527,48.5130013,0
                2.5945795,48.5136551,0
                2.5933832,48.514174,0
                2.5922514,48.5136303,0
                2.5915433,48.5130084,0
                2.5913448,48.5127809,0
              </coordinates>
            </LinearRing>
          </outerBoundaryIs>
        </Polygon>
      </Placemark>
      <Placemark>
        <name>V 004</name>
        <styleUrl>#poly-000000-1200-77-nodesc</styleUrl>
        <Polygon>
          <outerBoundaryIs>
            <LinearRing>
              <tessellate>1</tessellate>
              <coordinates>
                2.5943286,48.511697,0
                2.5968773,48.5108003,0
                2.5959976,48.5104307,0
                2.5934977,48.5106084,0
                2.5928862,48.5098692,0
                2.594989,48.509194,0
                2.5984652,48.5118167,0
                2.6036472,48.5116745,0
                2.6051922,48.5121152,0
                2.6051814,48.5131742,0
                2.6046557,48.5128615,0
                2.6044948,48.5127904,0
                2.6041837,48.5128188,0
                2.603776,48.5129539,0
                2.603497,48.5129326,0
                2.6029391,48.5128899,0
                2.6024134,48.5128046,0
                2.6001675,48.5127347,0
                2.599349,48.512838,0
                2.5985497,48.5129304,0
                2.5976324,48.513037,0
                2.5965541,48.5132786,0
                2.5959694,48.5134279,0
                2.5957012,48.51357,0
                2.5952506,48.5138614,0
                2.5950145,48.5139218,0
                2.5947892,48.5137655,0
                2.5946551,48.5136375,0
                2.5946605,48.5132537,0
                2.5945539,48.5125464,0
                2.5944412,48.512319,0
                2.5942642,48.5118037,0
                2.5943286,48.511697,0
              </coordinates>
            </LinearRing>
          </outerBoundaryIs>
        </Polygon>
      </Placemark>
      <Placemark>
        <name>V 005</name>
        <styleUrl>#poly-000000-1200-77-nodesc</styleUrl>
        <Polygon>
          <outerBoundaryIs>
            <LinearRing>
              <tessellate>1</tessellate>
              <coordinates>
                2.5919366,48.5154816,0
                2.5938356,48.5144795,0
                2.5939643,48.5143871,0
                2.5936639,48.5142805,0
                2.5936425,48.5141312,0
                2.5946188,48.5137545,0
                2.5947583,48.5139251,0
                2.5949836,48.5140317,0
                2.5953913,48.5139251,0
                2.5959277,48.5135342,0
                2.5971401,48.5132286,0
                2.597698,48.5131291,0
                2.6001334,48.5128377,0
                2.6020753,48.5129088,0
                2.6006806,48.5133139,0
                2.599318,48.5147282,0
                2.5968826,48.514913,0
                2.5958419,48.5147282,0
                2.59449,48.5148988,0
                2.5923765,48.515574,0
                2.5919366,48.5154816,0
              </coordinates>
            </LinearRing>
          </outerBoundaryIs>
        </Polygon>
      </Placemark>
    </Folder>
    <Folder>
      <name>MELUN (770131).kml</name>
      <Placemark>
        <name>(770131) MELUN</name>
        <description><![CDATA[description: <br>Language: Français<br>Type: Limites de territoire<br>LastUpdated: 2023-02-24<br>BorderNorth: Autoroute A5, Route D471<br>BorderEast: Route D471, Route D605, Boulevard de l&apos;Almont, Avenue Maréchal Juin, Rue Paul Valéry, Avenue Pierre Brossolette, Rue d’Estienne d’Orves, Rue Jean Moulin, Rue Camille Flammarion, Rue Saint-Liesne, Rue de l&apos;Abreuvoir, l&apos;Almont, la Seine, Route D142<br>BorderSouth: Rond point croisement Route D607 et Route D642, Route D637, Route D11, Autoroute A6, Route de Courances<br>BorderWest: Route D372, Route D141, Route D948, Autoroute A6, Route D141e, Route D607, Route D142, Rue du Château, la Seine, Quai Pasteur, Boulevard Victor Hugo, Rue Saint Barthélémy, Avenue Georges Pompidou, Route D605, Route N105, Autoroute A5b]]></description>
        <styleUrl>#poly-000000-4601-41</styleUrl>
        <ExtendedData>
          <Data name="description">
            <value/>
          </Data>
          <Data name="Language">
            <value>Français</value>
          </Data>
          <Data name="Type">
            <value>Limites de territoire</value>
          </Data>
          <Data name="LastUpdated">
            <value>2023-02-24</value>
          </Data>
          <Data name="BorderNorth">
            <value>Autoroute A5, Route D471</value>
          </Data>
          <Data name="BorderEast">
            <value><![CDATA[Route D471, Route D605, Boulevard de l&apos;Almont, Avenue Maréchal Juin, Rue Paul Valéry, Avenue Pierre Brossolette, Rue d’Estienne d’Orves, Rue Jean Moulin, Rue Camille Flammarion, Rue Saint-Liesne, Rue de l&apos;Abreuvoir, l&apos;Almont, la Seine, Route D142]]></value>
          </Data>
          <Data name="BorderSouth">
            <value>Rond point croisement Route D607 et Route D642, Route D637, Route D11, Autoroute A6, Route de Courances</value>
          </Data>
          <Data name="BorderWest">
            <value>Route D372, Route D141, Route D948, Autoroute A6, Route D141e, Route D607, Route D142, Rue du Château, la Seine, Quai Pasteur, Boulevard Victor Hugo, Rue Saint Barthélémy, Avenue Georges Pompidou, Route D605, Route N105, Autoroute A5b</value>
          </Data>
        </ExtendedData>
        <Polygon>
          <outerBoundaryIs>
            <LinearRing>
              <tessellate>1</tessellate>
              <coordinates>
                2.4710035,48.4827905,0
                2.4730486,48.4797675,0
                2.4728996,48.4777495,0
                2.4731605,48.4734435,0
                2.4774175,48.4728465,0
                2.4797635,48.4722475,0
                2.4818715,48.4716355,0
                2.4843175,48.4712145,0
                2.4837055,48.4696675,0
                2.4829636,48.4683305,0
                2.4821845,48.4671705,0
                2.4813945,48.4664135,0
                2.4803105,48.4655875,0
                2.4787786,48.4646495,0
                2.4775276,48.4640975,0
                2.4803555,48.4630435,0
                2.4830755,48.4607345,0
                2.4853325,48.4587585,0
                2.4875186,48.4572845,0
                2.4895825,48.4568185,0
                2.4904056,48.4569395,0
                2.4911056,48.4568905,0
                2.4917395,48.4576965,0
                2.5031595,48.4534985,0
                2.5056105,48.4525385,0
                2.5067455,48.4518205,0
                2.5063216,48.4514555,0
                2.5072775,48.4508465,0
                2.5013395,48.4481485,0
                2.5006935,48.4479155,0
                2.5000745,48.4478235,0
                2.4989965,48.4478325,0
                2.4975076,48.4478835,0
                2.4962306,48.4480155,0
                2.4949625,48.4481045,0
                2.4939546,48.4482165,0
                2.4930545,48.4481335,0
                2.4924755,48.4480485,0
                2.4917015,48.4477525,0
                2.4905505,48.4471655,0
                2.4887595,48.4462135,0
                2.4867445,48.4449615,0
                2.4845006,48.4438495,0
                2.4838195,48.4434185,0
                2.4830975,48.4428225,0
                2.4825775,48.4423285,0
                2.4821796,48.4418195,0
                2.4817415,48.4412225,0
                2.4813655,48.4404975,0
                2.4808305,48.4394865,0
                2.4803126,48.4385195,0
                2.4799085,48.4379295,0
                2.4796315,48.4375925,0
                2.4792196,48.4371335,0
                2.4793535,48.4369375,0
                2.4794305,48.4366275,0
                2.4794295,48.4364455,0
                2.4807925,48.4354015,0
                2.4822405,48.4344745,0
                2.4840615,48.4335925,0
                2.4857635,48.4330915,0
                2.4881785,48.4324405,0
                2.4909326,48.4318965,0
                2.4935715,48.4311155,0
                2.4957425,48.4306285,0
                2.4974445,48.4302985,0
                2.4999465,48.4301225,0
                2.5027805,48.4299795,0
                2.5047965,48.4299265,0
                2.5076985,48.4294575,0
                2.5100095,48.4292815,0
                2.5134255,48.4281295,0
                2.5168655,48.4278105,0
                2.5273065,48.4277315,0
                2.5362815,48.4269985,0
                2.5392435,48.4268545,0
                2.5381065,48.4317575,0
                2.5364495,48.4358615,0
                2.5417935,48.4369775,0
                2.5443855,48.4375915,0
                2.5514535,48.4385005,0
                2.5501815,48.4406845,0
                2.5547465,48.4417665,0
                2.5543845,48.4423835,0
                2.5570775,48.4432555,0
                2.5585655,48.4426985,0
                2.5599755,48.4423115,0
                2.5604155,48.4422295,0
                2.5600875,48.4427745,0
                2.5597836,48.4433505,0
                2.5595075,48.4437925,0
                2.5585605,48.4448565,0
                2.5570685,48.4471995,0
                2.5561175,48.4491955,0
                2.5558535,48.4510395,0
                2.5571885,48.4520315,0
                2.5589285,48.4528315,0
                2.5603045,48.4517585,0
                2.5613235,48.4512845,0
                2.5647425,48.4506805,0
                2.5654905,48.4504425,0
                2.5681325,48.4500025,0
                2.5687945,48.4496975,0
                2.5726365,48.4489385,0
                2.5742565,48.4506625,0
                2.5767595,48.4522785,0
                2.5809105,48.4547825,0
                2.5879845,48.4574845,0
                2.5913405,48.4568555,0
                2.6016125,48.4562015,0
                2.6054625,48.4559595,0
                2.6154435,48.4551785,0
                2.6165605,48.4544575,0
                2.6185095,48.4544625,0
                2.6192245,48.4544655,0
                2.6243785,48.4513895,0
                2.6369525,48.4457445,0
                2.6487795,48.4417485,0
                2.6509344,48.4407825,0
                2.6601155,48.4316855,0
                2.6612085,48.4306335,0
                2.6614185,48.4306355,0
                2.6616395,48.4309285,0
                2.6616025,48.4315795,0
                2.6617465,48.4327745,0
                2.6620754,48.4340425,0
                2.6629495,48.4353425,0
                2.6650364,48.4379325,0
                2.6665545,48.4396335,0
                2.6685134,48.4413155,0
                2.6689855,48.4419355,0
                2.6693445,48.4437255,0
                2.6711695,48.4545975,0
                2.6680405,48.4616345,0
                2.6663345,48.4831165,0
                2.6736095,48.4870145,0
                2.6737185,48.4876525,0
                2.6745885,48.4883685,0
                2.6715385,48.4936215,0
                2.6708925,48.4995445,0
                2.6703225,48.5064425,0
                2.6700485,48.5112745,0
                2.6705195,48.5207885,0
                2.6696005,48.5278125,0
                2.6693415,48.5293865,0
                2.6685125,48.5306025,0
                2.6679225,48.5314445,0
                2.6673715,48.5320535,0
                2.6665455,48.5328765,0
                2.6660015,48.5333895,0
                2.6651725,48.5339965,0
                2.6627995,48.5356845,0
                2.6632555,48.5360115,0
                2.6634745,48.5362465,0
                2.6636475,48.5364335,0
                2.6637225,48.5365265,0
                2.6638315,48.5367665,0
                2.6639045,48.5369965,0
                2.6636875,48.5372005,0
                2.6635605,48.5376335,0
                2.6637055,48.5383455,0
                2.6637415,48.5389985,0
                2.6634335,48.5390295,0
                2.6627025,48.5393435,0
                2.6628205,48.5394705,0
                2.6632935,48.5394775,0
                2.6641045,48.5396245,0
                2.6647945,48.5397345,0
                2.6648065,48.5397325,0
                2.6645185,48.5405805,0
                2.6645605,48.5407655,0
                2.6647355,48.5409285,0
                2.6651165,48.5412665,0
                2.6656465,48.5417245,0
                2.6672205,48.5431175,0
                2.6675285,48.5430365,0
                2.6676395,48.5429805,0
                2.6677895,48.5430265,0
                2.6677875,48.5431205,0
                2.6679875,48.5432515,0
                2.6684035,48.5433885,0
                2.6691415,48.5434835,0
                2.6695425,48.5434635,0
                2.6717015,48.5434605,0
                2.6730145,48.5449685,0
                2.6744025,48.5449815,0
                2.6757285,48.5449615,0
                2.6757185,48.5444105,0
                2.6757185,48.5442825,0
                2.6781135,48.5442755,0
                2.6773395,48.5451885,0
                2.6769935,48.5454745,0
                2.6765065,48.5457635,0
                2.6759935,48.5460935,0
                2.6756395,48.5463705,0
                2.6754135,48.5467065,0
                2.6752565,48.5471335,0
                2.6750835,48.5476065,0
                2.6747885,48.5479685,0
                2.6746395,48.5481265,0
                2.6742985,48.5482695,0
                2.6739705,48.5483795,0
                2.6751665,48.5492825,0
                2.6748944,48.5494705,0
                2.6742065,48.5499555,0
                2.6738135,48.5502045,0
                2.6728315,48.5507425,0
                2.6724865,48.5509365,0
                2.6719365,48.5512075,0
                2.6713675,48.5514865,0
                2.6700165,48.5519375,0
                2.6697405,48.5520215,0
                2.6680335,48.5525455,0
                2.6691335,48.5536595,0
                2.6693095,48.5538925,0
                2.6695305,48.5540995,0
                2.6702255,48.5545765,0
                2.6702225,48.5548165,0
                2.6702695,48.5549905,0
                2.6705055,48.5551955,0
                2.6704985,48.5553155,0
                2.6704725,48.5555105,0
                2.6704965,48.5557075,0
                2.6705425,48.5559065,0
                2.6711365,48.5569795,0
                2.6727995,48.5598865,0
                2.6730225,48.5603435,0
                2.6734125,48.5609995,0
                2.6736615,48.5615915,0
                2.6738585,48.5621675,0
                2.6740155,48.5627935,0
                2.6740365,48.5632855,0
                2.6740695,48.5643145,0
                2.6744185,48.5652235,0
                2.6758525,48.5682075,0
                2.6781495,48.5709005,0
                2.6821295,48.5786345,0
                2.6842925,48.5825595,0
                2.6867125,48.5869935,0
                2.6755005,48.5868315,0
                2.6688905,48.5870015,0
                2.6646835,48.5875685,0
                2.6564005,48.5888165,0
                2.6487555,48.5902785,0
                2.6426586,48.5926275,0
                2.6396525,48.5938025,0
                2.6358315,48.5944085,0
                2.6384535,48.5777235,0
                2.6394445,48.5747075,0
                2.6526585,48.5447445,0
                2.6530985,48.5442155,0
                2.6539565,48.5434725,0
                2.6553515,48.5422715,0
                2.6581295,48.5397415,0
                2.6570325,48.5380005,0
                2.6552355,48.5381565,0
                2.6520175,48.5380085,0
                2.6488155,48.5367515,0
                2.6393375,48.5319545,0
                2.6296585,48.5264635,0
                2.6255395,48.5244635,0
                2.6200185,48.5226685,0
                2.6161525,48.5200185,0
                2.6124155,48.5182275,0
                2.6083875,48.5166445,0
                2.6039446,48.5156915,0
                2.5997545,48.5157835,0
                2.5944465,48.5165675,0
                2.5908445,48.5181615,0
                2.5879575,48.5206905,0
                2.5852575,48.5231825,0
                2.5827995,48.5263215,0
                2.5813085,48.5282755,0
                2.5753985,48.5313255,0
                2.5746226,48.5308485,0
                2.5743795,48.5302255,0
                2.5739815,48.5297315,0
                2.5733125,48.5288285,0
                2.5731285,48.5286155,0
                2.5727615,48.5278695,0
                2.5722776,48.5270835,0
                2.5721355,48.5268995,0
                2.5720785,48.5267525,0
                2.5722505,48.5265745,0
                2.5722065,48.5260635,0
                2.5718665,48.5238895,0
                2.5713845,48.5229835,0
                2.5708865,48.5222025,0
                2.5702155,48.5214385,0
                2.5699006,48.5209805,0
                2.5697365,48.5206645,0
                2.5696425,48.5205605,0
                2.5694635,48.5205425,0
                2.5691335,48.5206335,0
                2.5690425,48.5207455,0
                2.5688286,48.5208785,0
                2.5684325,48.5210665,0
                2.5671665,48.5215415,0
                2.5645175,48.5225345,0
                2.5592935,48.5244985,0
                2.5689195,48.5126995,0
                2.5534215,48.5149925,0
                2.5466845,48.5112495,0
                2.5422996,48.5130525,0
                2.5383685,48.5139535,0
                2.5052665,48.5180405,0
                2.5125535,48.5041975,0
                2.5130935,48.4994745,0
                2.4833625,48.5016435,0
                2.4793825,48.4950185,0
                2.4757125,48.4902585,0
                2.4716435,48.4847895,0
                2.4710845,48.4839865,0
                2.4710035,48.4827905,0
              </coordinates>
            </LinearRing>
          </outerBoundaryIs>
        </Polygon>
      </Placemark>
    </Folder>
    <Folder>
      <name>Test</name>
      <Placemark>
        <name>terr 1</name>
        <styleUrl>#poly-000000-1200-77-nodesc</styleUrl>
        <Polygon>
          <outerBoundaryIs>
            <LinearRing>
              <tessellate>1</tessellate>
              <coordinates>
                2.6668246,48.7347956,0
                2.6678546,48.7343993,0
                2.6686699,48.7342153,0
                2.6695604,48.7341092,0
                2.6705904,48.7341162,0
                2.6710088,48.7342578,0
                2.6712663,48.7346399,0
                2.6693995,48.7351423,0
                2.6689811,48.7360692,0
                2.6677258,48.7358145,0
                2.6672967,48.7352272,0
                2.6668246,48.7347956,0
              </coordinates>
            </LinearRing>
          </outerBoundaryIs>
        </Polygon>
      </Placemark>
      <Placemark>
        <name>terr 2</name>
        <styleUrl>#poly-000000-1200-77-nodesc</styleUrl>
        <Polygon>
          <outerBoundaryIs>
            <LinearRing>
              <tessellate>1</tessellate>
              <coordinates>
                2.668906,48.7341481,0
                2.6688362,48.7339075,0
                2.6686002,48.7337943,0
                2.6686109,48.733536,0
                2.669304,48.7324888,0
                2.6695775,48.7324534,0
                2.6697063,48.7325383,0
                2.6700013,48.7321739,0
                2.6710313,48.7323225,0
                2.6711601,48.7337873,0
                2.6708328,48.7340951,0
                2.6704198,48.734042,0
                2.6696097,48.7340527,0
                2.668906,48.7341481,0
              </coordinates>
            </LinearRing>
          </outerBoundaryIs>
        </Polygon>
      </Placemark>
    </Folder>
  </Document>
</kml>
